customer_id,age,monthly_income,credit_score,months_as_customer,num_previous_purchases,avg_payment_delay_days,num_late_payments,outstanding_balance,employment_type,channel,risk_label,risk_score,risk_label,risk_segment,model_name,model_version
CUST_000001,22,15367.27,669,88,8,5.2,2,9447.06,formal,store,0,0.3866,0,low,customer_risk_model,v1
CUST_000002,58,14793.43,762,86,5,4.0,1,7553.8,unemployed,app,1,0.3728,0,low,customer_risk_model,v1
CUST_000003,52,23382.76,752,97,3,0.4,0,18420.53,unemployed,store,0,0.2956,0,low,customer_risk_model,v1
CUST_000004,40,23733.73,651,106,5,9.3,2,1347.24,formal,store,1,0.4284,0,medium,customer_risk_model,v1
CUST_000005,40,14254.39,440,105,2,0.1,2,8684.85,formal,app,1,0.6708,1,medium,customer_risk_model,v1
CUST_000006,62,15177.86,550,21,2,4.1,1,0.0,formal,store,0,0.5405,1,medium,customer_risk_model,v1
CUST_000007,22,21787.92,719,21,6,0.2,1,3752.6,formal,store,0,0.327,0,low,customer_risk_model,v1
CUST_000008,54,12206.91,510,25,8,7.2,2,0.0,formal,app,1,0.7536,1,high,customer_risk_model,v1
CUST_000009,28,15126.26,621,75,6,5.2,0,17872.13,formal,call_center,1,0.5721,1,medium,customer_risk_model,v1
CUST_000010,22,18627.15,680,70,4,16.1,1,13494.34,formal,call_center,1,0.6025,1,medium,customer_risk_model,v1
CUST_000011,45,24971.57,782,103,3,2.5,1,5529.09,formal,online,1,0.2151,0,low,customer_risk_model,v1
CUST_000012,68,13767.81,598,101,7,8.9,1,0.0,formal,store,0,0.4114,0,medium,customer_risk_model,v1
CUST_000013,56,5103.31,592,97,7,5.3,2,0.0,formal,app,1,0.5264,1,medium,customer_risk_model,v1
CUST_000014,57,4583.82,645,10,5,7.4,3,3207.9,informal,store,1,0.755,1,high,customer_risk_model,v1
CUST_000015,55,9184.11,682,83,5,7.7,1,9115.66,formal,online,1,0.4307,0,medium,customer_risk_model,v1
CUST_000016,58,8807.83,636,102,2,9.0,1,18062.64,formal,app,1,0.6277,1,medium,customer_risk_model,v1
CUST_000017,44,16917.72,744,117,2,13.5,1,490.46,informal,call_center,0,0.4141,0,medium,customer_risk_model,v1
CUST_000018,24,9677.84,578,41,7,0.6,1,1193.87,informal,online,1,0.6054,1,medium,customer_risk_model,v1
CUST_000019,61,13080.72,661,93,6,6.3,0,0.0,self_employed,call_center,1,0.4158,0,medium,customer_risk_model,v1
CUST_000020,41,12581.4,690,49,5,0.4,4,12022.29,formal,store,0,0.5063,1,medium,customer_risk_model,v1
CUST_000021,44,14916.44,614,20,11,0.3,5,0.0,formal,store,1,0.6548,1,medium,customer_risk_model,v1
CUST_000022,37,27257.53,726,41,6,16.5,0,0.0,formal,app,0,0.3888,0,low,customer_risk_model,v1
CUST_000023,27,22633.63,663,30,5,5.2,0,15771.1,formal,call_center,1,0.5243,1,medium,customer_risk_model,v1
CUST_000024,66,18112.91,721,109,5,0.1,3,24192.14,formal,store,1,0.4691,0,medium,customer_risk_model,v1
CUST_000025,58,14772.82,667,21,6,1.5,1,12509.64,formal,store,0,0.4731,0,medium,customer_risk_model,v1
CUST_000026,51,14967.37,684,16,7,4.2,3,9487.89,informal,call_center,1,0.6027,1,medium,customer_risk_model,v1
CUST_000027,38,20294.23,593,69,6,2.1,1,29424.25,formal,app,1,0.5882,1,medium,customer_risk_model,v1
CUST_000028,60,22089.18,593,69,8,5.4,0,7827.25,formal,store,0,0.4434,0,medium,customer_risk_model,v1
CUST_000029,46,11646.68,760,67,2,0.9,1,7853.82,formal,app,0,0.3336,0,low,customer_risk_model,v1
CUST_000030,41,18255.37,707,18,3,1.6,1,7708.66,informal,store,1,0.3877,0,low,customer_risk_model,v1
CUST_000031,41,4000.0,558,60,8,1.5,1,24005.24,formal,store,0,0.6062,1,medium,customer_risk_model,v1
CUST_000032,29,19482.0,666,111,8,15.0,4,16311.72,formal,online,1,0.638,1,medium,customer_risk_model,v1
CUST_000033,22,23335.04,436,11,9,0.3,3,16226.99,unemployed,store,0,0.6537,1,medium,customer_risk_model,v1
CUST_000034,46,16039.52,598,95,9,1.2,2,14612.5,formal,online,1,0.5062,1,medium,customer_risk_model,v1
CUST_000035,64,30715.69,736,15,3,5.4,1,8346.7,informal,store,1,0.4018,0,medium,customer_risk_model,v1
CUST_000036,21,11831.33,639,28,3,5.7,2,9414.57,informal,store,0,0.6003,1,medium,customer_risk_model,v1
CUST_000037,62,19522.08,661,107,7,0.1,0,4283.37,formal,app,0,0.3747,0,low,customer_risk_model,v1
CUST_000038,61,17749.23,379,36,3,5.4,1,8830.95,self_employed,app,1,0.7566,1,high,customer_risk_model,v1
CUST_000039,32,17297.92,615,63,4,6.3,1,14260.75,informal,store,1,0.5684,1,medium,customer_risk_model,v1
CUST_000040,50,17199.74,680,46,7,3.8,3,10436.27,informal,online,1,0.5907,1,medium,customer_risk_model,v1
CUST_000041,26,18749.74,692,74,7,0.6,1,18473.96,formal,app,0,0.342,0,low,customer_risk_model,v1
CUST_000042,57,23935.71,737,49,5,4.6,2,14100.17,formal,online,1,0.4864,0,medium,customer_risk_model,v1
CUST_000043,54,27644.15,631,53,7,0.5,0,13518.57,formal,store,1,0.4476,0,medium,customer_risk_model,v1
CUST_000044,36,17984.25,635,98,4,2.4,1,5057.14,formal,online,0,0.3974,0,low,customer_risk_model,v1
CUST_000045,21,23707.21,530,66,8,3.6,2,2188.03,formal,app,1,0.6843,1,medium,customer_risk_model,v1
CUST_000046,68,13087.63,632,68,4,5.8,2,2989.61,formal,store,1,0.5172,1,medium,customer_risk_model,v1
CUST_000047,41,23361.69,536,96,7,2.2,2,20702.84,formal,call_center,1,0.6294,1,medium,customer_risk_model,v1
CUST_000048,64,12666.06,484,51,11,3.4,0,0.0,unemployed,store,1,0.63,1,medium,customer_risk_model,v1
CUST_000049,53,25634.62,552,99,4,8.3,2,13519.11,self_employed,call_center,0,0.6075,1,medium,customer_risk_model,v1
CUST_000050,58,33474.49,786,86,6,0.6,1,13523.51,formal,store,0,0.2023,0,low,customer_risk_model,v1
CUST_000051,57,17145.41,626,106,7,15.6,1,6525.97,formal,store,1,0.5668,1,medium,customer_risk_model,v1
CUST_000052,28,4000.0,670,55,5,11.1,2,11712.77,formal,online,1,0.6104,1,medium,customer_risk_model,v1
CUST_000053,36,14163.49,604,67,4,14.8,3,13369.87,formal,online,1,0.7718,1,high,customer_risk_model,v1
CUST_000054,42,26623.13,489,16,2,2.8,4,2758.84,formal,app,1,0.7584,1,high,customer_risk_model,v1
CUST_000055,43,21871.54,734,14,4,1.1,2,5684.5,informal,store,1,0.4191,0,medium,customer_risk_model,v1
CUST_000056,20,19742.4,455,13,6,7.3,1,10927.27,formal,store,1,0.7456,1,high,customer_risk_model,v1
CUST_000057,46,25060.68,600,76,6,3.9,5,11173.64,informal,store,0,0.481,0,medium,customer_risk_model,v1
CUST_000058,26,21391.17,645,39,6,6.0,1,624.63,self_employed,store,1,0.5249,1,medium,customer_risk_model,v1
CUST_000059,56,26524.08,671,35,6,10.2,1,12026.36,formal,store,1,0.4964,0,medium,customer_risk_model,v1
CUST_000060,53,24435.97,585,72,7,2.6,3,12329.3,formal,online,1,0.6678,1,medium,customer_risk_model,v1
CUST_000061,65,28651.9,485,48,7,4.9,1,19326.39,formal,store,1,0.7047,1,high,customer_risk_model,v1
CUST_000062,56,20511.57,578,17,2,2.1,2,11158.29,informal,store,1,0.6929,1,medium,customer_risk_model,v1
CUST_000063,37,24336.82,583,67,7,3.6,2,8104.3,formal,app,1,0.5678,1,medium,customer_risk_model,v1
CUST_000064,68,15850.11,580,66,4,13.3,2,17469.77,formal,online,1,0.8152,1,high,customer_risk_model,v1
CUST_000065,39,13789.77,737,17,12,0.1,2,20240.42,formal,store,1,0.5773,1,medium,customer_risk_model,v1
CUST_000066,34,29947.37,541,33,5,0.3,1,250.44,unemployed,online,1,0.6715,1,medium,customer_risk_model,v1
CUST_000067,65,19513.43,677,29,5,8.6,1,7126.75,formal,online,1,0.5046,1,medium,customer_risk_model,v1
CUST_000068,37,23634.16,664,83,3,7.2,1,0.0,formal,store,0,0.3856,0,low,customer_risk_model,v1
CUST_000069,21,18866.18,736,30,5,4.7,0,3612.11,formal,store,1,0.3567,0,low,customer_risk_model,v1
CUST_000070,42,13894.39,638,4,6,1.3,0,23175.24,formal,store,1,0.7106,1,high,customer_risk_model,v1
CUST_000071,59,18076.88,721,32,6,0.8,1,2698.3,informal,app,1,0.3456,0,low,customer_risk_model,v1
CUST_000072,27,28051.96,635,56,3,1.5,1,15006.46,unemployed,online,1,0.5151,1,medium,customer_risk_model,v1
CUST_000073,42,21886.68,689,92,6,6.2,2,14557.82,informal,online,1,0.4358,0,medium,customer_risk_model,v1
CUST_000074,24,6019.69,515,7,8,2.3,3,6603.73,informal,store,1,0.77,1,high,customer_risk_model,v1
CUST_000075,53,16493.29,413,105,10,2.2,3,7638.33,informal,store,1,0.6586,1,medium,customer_risk_model,v1
CUST_000076,42,30476.06,684,40,7,3.9,1,22410.77,formal,online,1,0.5246,1,medium,customer_risk_model,v1
CUST_000077,35,16503.42,689,41,5,3.9,1,18819.0,self_employed,app,0,0.5621,1,medium,customer_risk_model,v1
CUST_000078,29,5396.65,693,2,6,5.3,1,29169.22,unemployed,store,1,0.6623,1,medium,customer_risk_model,v1
CUST_000079,47,31251.34,603,33,7,6.5,1,0.0,formal,store,1,0.5325,1,medium,customer_risk_model,v1
CUST_000080,52,22776.75,784,56,2,14.7,1,15543.01,formal,call_center,0,0.466,0,medium,customer_risk_model,v1
CUST_000081,66,17509.91,609,75,2,1.0,0,0.0,informal,app,0,0.3924,0,low,customer_risk_model,v1
CUST_000082,40,15400.08,688,92,4,2.9,4,10936.41,self_employed,store,1,0.4186,0,medium,customer_risk_model,v1
CUST_000083,26,25576.46,704,63,5,1.4,1,9465.6,informal,store,1,0.3632,0,low,customer_risk_model,v1
CUST_000084,61,14206.12,805,12,2,5.5,0,2061.28,formal,app,0,0.3652,0,low,customer_risk_model,v1
CUST_000085,50,26037.79,621,47,10,2.1,1,6386.9,formal,app,0,0.3911,0,low,customer_risk_model,v1
CUST_000086,54,21795.37,591,88,3,6.6,1,8827.43,formal,store,1,0.4145,0,medium,customer_risk_model,v1
CUST_000087,23,19712.77,515,77,7,8.0,2,14718.51,self_employed,store,1,0.7563,1,high,customer_risk_model,v1
CUST_000088,34,19018.6,790,70,5,0.5,1,2047.58,informal,store,0,0.3312,0,low,customer_risk_model,v1
CUST_000089,57,16775.22,688,61,5,8.2,0,5317.35,self_employed,online,1,0.468,0,medium,customer_risk_model,v1
CUST_000090,61,25319.48,691,61,8,1.7,1,15373.3,formal,store,0,0.3362,0,low,customer_risk_model,v1
CUST_000091,40,11942.6,850,119,6,1.4,2,16968.8,formal,store,0,0.2513,0,low,customer_risk_model,v1
CUST_000092,59,6646.52,679,72,8,2.4,3,32252.91,informal,store,1,0.6763,1,medium,customer_risk_model,v1
CUST_000093,61,22301.08,533,72,7,2.7,3,12553.8,formal,call_center,1,0.7371,1,high,customer_risk_model,v1
CUST_000094,38,22418.67,632,40,11,1.4,3,16274.21,formal,store,0,0.5749,1,medium,customer_risk_model,v1
CUST_000095,64,21361.69,562,59,4,0.0,0,9412.72,self_employed,store,1,0.509,1,medium,customer_risk_model,v1
CUST_000096,32,20854.1,614,85,9,1.9,0,22426.72,informal,store,0,0.387,0,low,customer_risk_model,v1
CUST_000097,30,15756.22,614,103,8,9.9,1,3745.14,formal,store,1,0.4422,0,medium,customer_risk_model,v1
CUST_000098,53,23512.38,597,93,7,0.3,2,10669.38,formal,store,0,0.3832,0,low,customer_risk_model,v1
CUST_000099,51,17681.09,525,79,3,1.5,0,13213.64,formal,store,1,0.5711,1,medium,customer_risk_model,v1
CUST_000100,25,14590.21,793,93,3,5.2,0,15112.71,self_employed,store,0,0.24,0,low,customer_risk_model,v1
CUST_000101,61,15816.76,677,4,6,1.0,1,18693.49,formal,store,1,0.6176,1,medium,customer_risk_model,v1
CUST_000102,28,32144.48,630,33,5,0.9,0,9576.05,formal,store,0,0.4013,0,medium,customer_risk_model,v1
CUST_000103,59,5855.17,718,29,1,1.3,0,18344.95,informal,call_center,1,0.5993,1,medium,customer_risk_model,v1
CUST_000104,18,21498.52,692,78,8,4.0,0,0.0,formal,store,0,0.2883,0,low,customer_risk_model,v1
CUST_000105,59,6246.23,675,90,5,5.2,3,13218.85,self_employed,app,1,0.5532,1,medium,customer_risk_model,v1
CUST_000106,58,17242.37,712,18,8,9.5,2,0.0,formal,store,1,0.5678,1,medium,customer_risk_model,v1
CUST_000107,58,14964.61,662,23,1,3.4,1,9393.73,formal,store,0,0.4557,0,medium,customer_risk_model,v1
CUST_000108,52,4000.0,710,59,6,6.3,2,31206.51,informal,store,1,0.6421,1,medium,customer_risk_model,v1
CUST_000109,42,20723.26,718,116,8,8.0,2,13330.89,formal,store,1,0.3504,0,low,customer_risk_model,v1
CUST_000110,54,15339.73,665,1,5,0.2,1,7385.17,self_employed,online,1,0.4935,0,medium,customer_risk_model,v1
CUST_000111,32,4000.0,630,105,9,1.3,1,15318.87,formal,online,0,0.4039,0,medium,customer_risk_model,v1
CUST_000112,58,23876.98,788,24,4,1.1,1,10821.76,informal,store,1,0.3513,0,low,customer_risk_model,v1
CUST_000113,46,28045.04,607,32,4,3.9,2,2201.7,formal,call_center,1,0.5886,1,medium,customer_risk_model,v1
CUST_000114,41,28430.87,685,76,6,2.7,4,0.0,formal,call_center,0,0.4111,0,medium,customer_risk_model,v1
CUST_000115,44,20512.7,687,87,7,2.9,1,11100.77,formal,store,1,0.3198,0,low,customer_risk_model,v1
CUST_000116,47,18322.41,595,105,7,1.1,1,9643.81,formal,store,0,0.3536,0,low,customer_risk_model,v1
CUST_000117,19,27297.1,577,1,4,4.3,1,9169.62,self_employed,call_center,1,0.638,1,medium,customer_risk_model,v1
CUST_000118,25,29776.69,618,6,15,13.7,0,17951.19,informal,call_center,1,0.7344,1,high,customer_risk_model,v1
CUST_000119,30,25934.98,606,57,6,5.8,0,22336.91,informal,store,1,0.5968,1,medium,customer_risk_model,v1
CUST_000120,23,11409.24,519,67,7,4.5,1,17158.1,unemployed,app,1,0.7246,1,high,customer_risk_model,v1
CUST_000121,40,19409.41,591,32,13,2.5,2,8675.2,formal,call_center,1,0.6736,1,medium,customer_risk_model,v1
CUST_000122,52,21076.61,674,76,7,8.5,0,12433.76,formal,app,1,0.4335,0,medium,customer_risk_model,v1
CUST_000123,52,5332.68,764,32,4,2.8,3,20263.88,informal,online,1,0.6263,1,medium,customer_risk_model,v1
CUST_000124,42,21285.52,700,111,3,6.9,1,18491.51,formal,store,1,0.3797,0,low,customer_risk_model,v1
CUST_000125,62,33910.94,416,22,6,14.1,1,16074.51,informal,store,1,0.7898,1,high,customer_risk_model,v1
CUST_000126,47,22479.55,708,78,1,2.2,0,7590.02,formal,online,1,0.3134,0,low,customer_risk_model,v1
CUST_000127,22,28313.89,600,64,5,1.7,2,20296.1,formal,store,1,0.5744,1,medium,customer_risk_model,v1
CUST_000128,57,19280.4,691,13,7,10.2,0,22762.54,informal,online,0,0.5208,1,medium,customer_risk_model,v1
CUST_000129,47,17487.47,649,72,5,20.0,2,18560.02,formal,store,1,0.668,1,medium,customer_risk_model,v1
CUST_000130,51,20668.9,633,18,7,0.3,1,35545.77,formal,online,0,0.6377,1,medium,customer_risk_model,v1
CUST_000131,47,12289.21,641,65,6,8.0,1,17991.39,self_employed,app,1,0.689,1,medium,customer_risk_model,v1
CUST_000132,46,11253.57,648,76,7,4.8,2,21178.89,formal,call_center,0,0.5449,1,medium,customer_risk_model,v1
CUST_000133,22,26864.13,771,9,7,3.5,2,17125.59,formal,store,1,0.4418,0,medium,customer_risk_model,v1
CUST_000134,47,27606.4,648,26,7,2.1,1,10963.24,informal,app,1,0.4322,0,medium,customer_risk_model,v1
CUST_000135,59,11062.26,748,36,3,6.2,0,2591.49,formal,online,1,0.4033,0,medium,customer_risk_model,v1
CUST_000136,33,24775.99,735,111,5,5.5,1,5845.82,formal,store,0,0.2173,0,low,customer_risk_model,v1
CUST_000137,49,17391.28,710,27,7,0.6,0,5928.69,informal,online,0,0.3717,0,low,customer_risk_model,v1
CUST_000138,19,20378.66,489,110,6,7.1,1,2328.78,informal,online,1,0.634,1,medium,customer_risk_model,v1
CUST_000139,36,21221.53,750,64,7,8.1,0,9706.82,formal,app,0,0.3035,0,low,customer_risk_model,v1
CUST_000140,40,24960.45,609,113,4,6.5,1,12025.87,self_employed,store,1,0.3763,0,low,customer_risk_model,v1
CUST_000141,69,18579.03,714,99,6,3.6,0,21530.94,formal,app,0,0.3362,0,low,customer_risk_model,v1
CUST_000142,29,27871.13,562,35,7,13.5,3,2358.31,formal,store,1,0.7312,1,high,customer_risk_model,v1
CUST_000143,32,20165.89,543,67,8,2.2,2,19135.32,formal,store,0,0.6205,1,medium,customer_risk_model,v1
CUST_000144,39,22369.29,828,86,0,9.0,1,14145.21,self_employed,online,0,0.2398,0,low,customer_risk_model,v1
CUST_000145,69,12167.16,564,10,3,14.8,2,15012.17,formal,online,0,0.696,1,medium,customer_risk_model,v1
CUST_000146,62,33110.61,753,79,10,3.6,1,11230.45,informal,store,0,0.2283,0,low,customer_risk_model,v1
CUST_000147,19,21288.77,661,55,7,2.1,1,28735.22,formal,store,0,0.4283,0,medium,customer_risk_model,v1
CUST_000148,30,22990.98,612,5,5,4.1,0,5710.07,self_employed,store,0,0.4911,0,medium,customer_risk_model,v1
CUST_000149,60,6742.7,646,104,5,0.8,1,7533.2,self_employed,call_center,0,0.3759,0,low,customer_risk_model,v1
CUST_000150,21,12241.09,533,32,5,6.0,0,12941.85,formal,call_center,1,0.7797,1,high,customer_risk_model,v1
CUST_000151,62,26665.19,649,105,4,4.1,0,15164.72,formal,store,0,0.3401,0,low,customer_risk_model,v1
CUST_000152,32,20008.24,553,25,6,1.5,4,13799.31,formal,app,1,0.8348,1,high,customer_risk_model,v1
CUST_000153,65,4603.54,614,65,4,4.9,1,11600.49,unemployed,online,1,0.5732,1,medium,customer_risk_model,v1
CUST_000154,33,25268.03,733,45,7,0.7,0,16211.36,informal,store,0,0.3108,0,low,customer_risk_model,v1
CUST_000155,40,14193.52,673,107,6,0.1,3,16812.93,unemployed,app,1,0.5733,1,medium,customer_risk_model,v1
CUST_000156,52,27879.22,517,114,5,10.1,1,11691.13,formal,call_center,0,0.523,1,medium,customer_risk_model,v1
CUST_000157,24,17385.15,727,92,6,0.2,2,26693.93,self_employed,store,0,0.2804,0,low,customer_risk_model,v1
CUST_000158,46,19432.95,649,101,5,1.5,1,15533.06,self_employed,store,1,0.4378,0,medium,customer_risk_model,v1
CUST_000159,44,26252.68,601,92,12,9.6,1,9795.64,formal,call_center,1,0.4172,0,medium,customer_risk_model,v1
CUST_000160,58,11717.55,717,35,9,13.5,1,21947.62,formal,online,1,0.7159,1,high,customer_risk_model,v1
CUST_000161,69,11050.07,635,110,5,0.8,0,0.0,formal,store,0,0.3872,0,low,customer_risk_model,v1
CUST_000162,52,16624.51,545,64,8,0.8,0,2998.28,formal,store,0,0.5252,1,medium,customer_risk_model,v1
CUST_000163,39,23790.21,816,41,3,16.7,0,10368.5,informal,online,1,0.5003,1,medium,customer_risk_model,v1
CUST_000164,39,8683.86,648,23,6,0.1,0,2576.58,unemployed,online,1,0.5623,1,medium,customer_risk_model,v1
CUST_000165,39,6323.76,643,85,9,7.8,0,18426.49,informal,store,1,0.5911,1,medium,customer_risk_model,v1
CUST_000166,60,23766.05,614,34,4,18.1,1,18154.07,formal,online,1,0.6952,1,medium,customer_risk_model,v1
CUST_000167,34,13779.15,756,78,8,2.7,3,25048.85,self_employed,store,0,0.3894,0,low,customer_risk_model,v1
CUST_000168,26,15254.42,603,8,3,2.3,0,7379.05,self_employed,store,0,0.5186,1,medium,customer_risk_model,v1
CUST_000169,35,5002.33,511,76,6,1.0,0,16539.99,formal,store,1,0.6929,1,medium,customer_risk_model,v1
CUST_000170,19,13247.14,589,77,8,12.0,0,22237.9,self_employed,app,1,0.7063,1,high,customer_risk_model,v1
CUST_000171,23,17947.03,769,63,8,2.8,2,13300.31,formal,store,0,0.3619,0,low,customer_risk_model,v1
CUST_000172,22,24512.65,725,79,6,21.7,2,19887.07,formal,store,1,0.5097,1,medium,customer_risk_model,v1
CUST_000173,58,12601.39,627,119,10,5.8,1,11199.57,informal,app,0,0.3636,0,low,customer_risk_model,v1
CUST_000174,55,29601.63,774,100,5,4.6,2,22517.71,formal,store,0,0.3189,0,low,customer_risk_model,v1
CUST_000175,54,13208.11,717,53,2,11.0,2,5911.82,informal,online,1,0.6,1,medium,customer_risk_model,v1
CUST_000176,42,13218.36,626,104,8,7.0,2,0.0,formal,store,1,0.4847,0,medium,customer_risk_model,v1
CUST_000177,55,28761.5,635,114,7,2.7,1,8968.93,formal,store,0,0.306,0,low,customer_risk_model,v1
CUST_000178,26,19480.22,680,20,5,2.9,1,11297.1,informal,store,1,0.4689,0,medium,customer_risk_model,v1
CUST_000179,64,14135.83,575,43,8,5.1,1,15500.45,formal,call_center,1,0.7052,1,high,customer_risk_model,v1
CUST_000180,44,16914.07,650,89,6,1.7,2,15608.18,formal,store,1,0.4756,0,medium,customer_risk_model,v1
CUST_000181,66,27471.52,678,62,10,4.9,2,6324.69,formal,store,1,0.4249,0,medium,customer_risk_model,v1
CUST_000182,25,28263.42,498,17,10,11.9,2,4011.75,formal,online,1,0.7789,1,high,customer_risk_model,v1
CUST_000183,43,12282.45,633,57,7,1.7,3,25011.48,formal,app,1,0.7172,1,high,customer_risk_model,v1
CUST_000184,54,17702.96,623,45,6,1.0,1,10898.28,informal,store,1,0.4963,0,medium,customer_risk_model,v1
CUST_000185,43,18631.1,743,88,4,3.8,1,8194.2,formal,store,0,0.2645,0,low,customer_risk_model,v1
CUST_000186,41,11096.32,484,62,7,2.6,3,14551.31,informal,store,0,0.6419,1,medium,customer_risk_model,v1
CUST_000187,26,17610.2,616,17,5,10.4,2,4241.64,self_employed,store,1,0.6602,1,medium,customer_risk_model,v1
CUST_000188,37,18037.26,607,6,2,6.2,1,6280.93,formal,store,1,0.5883,1,medium,customer_risk_model,v1
CUST_000189,30,25981.47,736,35,4,2.0,0,18335.01,formal,store,0,0.318,0,low,customer_risk_model,v1
CUST_000190,33,26451.98,646,19,5,1.6,0,3884.07,formal,online,0,0.4115,0,medium,customer_risk_model,v1
CUST_000191,53,15695.53,812,105,8,3.0,4,1366.22,informal,store,0,0.2785,0,low,customer_risk_model,v1
CUST_000192,50,16502.33,710,33,7,4.6,3,9154.99,formal,app,0,0.4595,0,medium,customer_risk_model,v1
CUST_000193,49,22650.05,613,76,2,5.1,0,14072.32,formal,online,0,0.3913,0,low,customer_risk_model,v1
CUST_000194,36,13903.68,672,16,6,6.6,3,22997.62,unemployed,store,1,0.7021,1,high,customer_risk_model,v1
CUST_000195,67,22120.48,618,53,6,1.7,1,14724.08,formal,store,0,0.442,0,medium,customer_risk_model,v1
CUST_000196,22,17384.65,727,112,3,2.2,1,16128.92,formal,store,0,0.2378,0,low,customer_risk_model,v1
CUST_000197,35,11214.21,530,77,4,1.1,2,3818.65,informal,store,1,0.6694,1,medium,customer_risk_model,v1
CUST_000198,24,11302.14,576,35,9,0.3,1,13494.61,formal,call_center,1,0.6181,1,medium,customer_risk_model,v1
CUST_000199,35,28129.41,691,89,5,5.8,0,3045.84,self_employed,app,1,0.3018,0,low,customer_risk_model,v1
CUST_000200,68,16905.05,760,60,4,14.6,2,19323.33,unemployed,app,1,0.6763,1,medium,customer_risk_model,v1
CUST_000201,37,29482.48,452,28,4,2.7,1,12908.51,formal,online,1,0.6886,1,medium,customer_risk_model,v1
CUST_000202,65,14404.55,774,119,7,3.6,1,11585.59,self_employed,app,1,0.2372,0,low,customer_risk_model,v1
CUST_000203,43,20038.44,637,112,7,5.7,4,16045.28,informal,store,1,0.6112,1,medium,customer_risk_model,v1
CUST_000204,54,34748.74,480,68,4,13.0,1,8074.91,formal,app,1,0.6427,1,medium,customer_risk_model,v1
CUST_000205,41,10598.29,380,4,1,0.4,0,8119.87,self_employed,call_center,1,0.7167,1,high,customer_risk_model,v1
CUST_000206,31,4715.3,512,49,2,1.9,3,4392.61,formal,store,1,0.7294,1,high,customer_risk_model,v1
CUST_000207,57,27006.13,648,62,7,6.4,1,26248.72,formal,online,0,0.5278,1,medium,customer_risk_model,v1
CUST_000208,68,12212.34,644,111,10,11.5,0,10177.15,informal,store,1,0.5058,1,medium,customer_risk_model,v1
CUST_000209,31,17855.06,707,88,5,4.3,1,9471.97,formal,online,1,0.3643,0,low,customer_risk_model,v1
CUST_000210,58,13898.57,601,27,5,2.3,1,17549.92,self_employed,app,1,0.7021,1,high,customer_risk_model,v1
CUST_000211,31,19877.14,550,61,8,6.5,1,12093.36,formal,store,1,0.6809,1,medium,customer_risk_model,v1
CUST_000212,55,11346.25,613,22,9,3.3,1,0.0,informal,store,0,0.5063,1,medium,customer_risk_model,v1
CUST_000213,59,16740.42,653,57,8,1.4,2,28182.09,informal,store,1,0.6629,1,medium,customer_risk_model,v1
CUST_000214,41,21148.71,671,64,7,8.7,1,8162.71,self_employed,online,1,0.4923,0,medium,customer_risk_model,v1
CUST_000215,56,10941.84,579,61,5,6.8,1,5282.3,formal,store,1,0.6018,1,medium,customer_risk_model,v1
CUST_000216,32,13099.41,731,51,6,1.7,1,10698.63,formal,call_center,0,0.3994,0,low,customer_risk_model,v1
CUST_000217,22,15568.32,594,53,5,5.7,1,7871.01,self_employed,store,1,0.5689,1,medium,customer_risk_model,v1
CUST_000218,23,7998.29,572,95,7,4.8,0,8024.46,formal,store,0,0.4683,0,medium,customer_risk_model,v1
CUST_000219,41,15042.07,601,61,11,0.1,0,12930.12,informal,call_center,0,0.4672,0,medium,customer_risk_model,v1
CUST_000220,64,18831.58,747,5,5,1.4,1,0.0,formal,online,0,0.3219,0,low,customer_risk_model,v1
CUST_000221,24,15203.16,638,89,8,1.1,1,17878.39,informal,store,1,0.4365,0,medium,customer_risk_model,v1
CUST_000222,41,16100.36,587,74,7,1.1,0,19633.19,formal,app,1,0.6193,1,medium,customer_risk_model,v1
CUST_000223,54,17860.69,733,83,9,1.3,4,0.0,informal,app,0,0.3314,0,low,customer_risk_model,v1
CUST_000224,28,13409.8,843,85,6,9.3,1,15644.57,informal,app,1,0.4087,0,medium,customer_risk_model,v1
CUST_000225,55,22837.44,669,21,1,2.4,0,5152.04,informal,store,0,0.4223,0,medium,customer_risk_model,v1
CUST_000226,33,28051.85,761,116,4,3.9,3,8497.35,formal,store,1,0.288,0,low,customer_risk_model,v1
CUST_000227,60,14749.34,743,118,9,9.1,2,14813.81,formal,store,1,0.4293,0,medium,customer_risk_model,v1
CUST_000228,48,21396.39,595,18,6,6.9,0,18931.31,formal,online,1,0.6466,1,medium,customer_risk_model,v1
CUST_000229,46,16322.68,652,27,10,1.0,1,14648.51,formal,store,0,0.5118,1,medium,customer_risk_model,v1
CUST_000230,27,20558.41,535,30,8,2.9,2,886.42,formal,store,1,0.7388,1,high,customer_risk_model,v1
CUST_000231,42,28960.46,632,116,5,17.4,3,12513.1,formal,store,1,0.5349,1,medium,customer_risk_model,v1
CUST_000232,62,21560.62,594,111,7,2.7,1,15915.59,unemployed,app,1,0.4312,0,medium,customer_risk_model,v1
CUST_000233,19,5586.1,614,32,7,2.5,0,5818.43,informal,store,0,0.5027,1,medium,customer_risk_model,v1
CUST_000234,57,21177.97,583,76,5,7.4,2,5233.38,formal,store,1,0.6121,1,medium,customer_risk_model,v1
CUST_000235,43,26630.05,624,29,5,5.7,2,11428.48,self_employed,store,1,0.5888,1,medium,customer_risk_model,v1
CUST_000236,55,16448.83,698,5,6,1.1,1,16589.05,formal,online,0,0.4587,0,medium,customer_risk_model,v1
CUST_000237,52,24969.44,639,28,7,3.7,0,7466.21,formal,call_center,1,0.5153,1,medium,customer_risk_model,v1
CUST_000238,40,13169.19,482,10,3,12.3,0,13923.45,formal,store,1,0.8094,1,high,customer_risk_model,v1
CUST_000239,34,7601.23,583,101,3,5.9,0,1915.61,informal,app,0,0.426,0,medium,customer_risk_model,v1
CUST_000240,50,18988.18,513,94,6,6.3,0,14163.87,formal,online,1,0.6541,1,medium,customer_risk_model,v1
CUST_000241,25,5704.66,672,22,5,2.0,1,0.0,formal,call_center,0,0.5031,1,medium,customer_risk_model,v1
CUST_000242,48,16321.6,695,68,6,7.2,2,14478.53,formal,store,0,0.4456,0,medium,customer_risk_model,v1
CUST_000243,22,27007.9,673,25,8,5.7,1,19051.2,self_employed,call_center,1,0.5184,1,medium,customer_risk_model,v1
CUST_000244,51,4631.66,579,68,6,3.4,1,10664.83,self_employed,app,0,0.4925,0,medium,customer_risk_model,v1
CUST_000245,50,9043.52,672,107,0,15.5,2,16459.08,informal,call_center,1,0.6763,1,medium,customer_risk_model,v1
CUST_000246,22,10775.77,608,105,8,6.6,1,13962.37,self_employed,app,1,0.4896,0,medium,customer_risk_model,v1
CUST_000247,57,17556.76,548,100,3,21.7,2,982.98,formal,store,1,0.745,1,high,customer_risk_model,v1
CUST_000248,39,15439.98,717,29,7,3.3,1,2551.4,informal,store,0,0.3851,0,low,customer_risk_model,v1
CUST_000249,58,27793.95,724,23,9,2.9,2,9103.64,self_employed,store,1,0.3971,0,low,customer_risk_model,v1
CUST_000250,20,24680.44,735,20,9,7.3,0,10811.4,formal,store,0,0.2812,0,low,customer_risk_model,v1
CUST_000251,27,21466.91,595,16,8,2.1,2,5739.64,formal,call_center,1,0.6588,1,medium,customer_risk_model,v1
CUST_000252,43,19019.41,756,74,7,1.2,0,2238.1,formal,app,0,0.2846,0,low,customer_risk_model,v1
CUST_000253,27,20752.61,606,79,6,0.4,0,0.0,self_employed,store,0,0.3183,0,low,customer_risk_model,v1
CUST_000254,35,11966.12,709,106,6,3.3,1,25388.6,formal,store,1,0.3657,0,low,customer_risk_model,v1
CUST_000255,52,24000.47,604,11,4,0.0,1,25637.68,formal,store,1,0.6661,1,medium,customer_risk_model,v1
CUST_000256,25,10215.69,630,32,6,2.4,1,5240.35,informal,store,1,0.543,1,medium,customer_risk_model,v1
CUST_000257,53,23847.64,432,87,7,0.7,0,476.45,formal,app,0,0.5188,1,medium,customer_risk_model,v1
CUST_000258,23,26303.0,623,82,4,2.9,1,23639.93,informal,call_center,1,0.4862,0,medium,customer_risk_model,v1
CUST_000259,27,19476.05,658,51,5,1.4,2,0.0,self_employed,store,0,0.4661,0,medium,customer_risk_model,v1
CUST_000260,48,16766.51,613,19,3,6.7,1,20223.01,self_employed,app,0,0.7,1,high,customer_risk_model,v1
CUST_000261,59,20802.17,808,58,6,0.5,1,17094.15,formal,store,0,0.3357,0,low,customer_risk_model,v1
CUST_000262,26,4000.0,545,21,6,15.5,0,9203.15,formal,app,1,0.8158,1,high,customer_risk_model,v1
CUST_000263,33,20115.81,599,64,3,0.4,0,23144.22,self_employed,store,0,0.4873,0,medium,customer_risk_model,v1
CUST_000264,66,17206.52,569,108,5,8.7,1,6721.97,formal,store,0,0.5166,1,medium,customer_risk_model,v1
CUST_000265,69,17645.6,599,24,6,0.2,2,18724.02,informal,online,1,0.7691,1,high,customer_risk_model,v1
CUST_000266,48,22945.73,743,15,9,0.5,0,10002.69,formal,store,0,0.2844,0,low,customer_risk_model,v1
CUST_000267,41,17476.62,783,88,2,2.6,0,2266.84,self_employed,store,0,0.263,0,low,customer_risk_model,v1
CUST_000268,36,10018.55,587,3,3,1.3,3,28343.15,formal,store,1,0.7614,1,high,customer_risk_model,v1
CUST_000269,49,17010.18,585,118,5,0.7,1,6332.19,self_employed,store,0,0.3772,0,low,customer_risk_model,v1
CUST_000270,48,18472.89,546,93,9,0.5,1,8565.77,formal,store,1,0.5181,1,medium,customer_risk_model,v1
CUST_000271,33,18804.54,768,49,6,11.3,2,18507.09,formal,store,1,0.56,1,medium,customer_risk_model,v1
CUST_000272,19,19133.44,751,44,8,4.3,1,21922.44,formal,store,0,0.3426,0,low,customer_risk_model,v1
CUST_000273,25,25275.58,640,47,2,2.8,2,1450.06,formal,store,1,0.5346,1,medium,customer_risk_model,v1
CUST_000274,67,10397.76,524,48,7,2.7,2,23526.78,formal,store,1,0.7763,1,high,customer_risk_model,v1
CUST_000275,39,19229.9,532,100,5,8.4,2,11949.64,formal,store,1,0.7109,1,high,customer_risk_model,v1
CUST_000276,43,27029.51,665,96,6,25.0,0,11296.84,self_employed,online,0,0.3741,0,low,customer_risk_model,v1
CUST_000277,42,5857.72,699,25,6,6.2,1,10660.53,informal,store,0,0.3884,0,low,customer_risk_model,v1
CUST_000278,58,19257.53,464,22,4,3.8,2,11866.24,informal,store,1,0.786,1,high,customer_risk_model,v1
CUST_000279,21,13902.35,621,65,6,4.3,0,0.0,formal,store,1,0.5027,1,medium,customer_risk_model,v1
CUST_000280,22,15405.03,796,78,4,2.0,2,15252.55,formal,store,0,0.3245,0,low,customer_risk_model,v1
CUST_000281,32,11666.35,630,87,9,4.4,1,13633.72,formal,store,0,0.4029,0,medium,customer_risk_model,v1
CUST_000282,43,16813.14,784,38,5,5.0,0,9061.49,formal,app,1,0.3889,0,low,customer_risk_model,v1
CUST_000283,52,30888.79,708,58,8,1.1,0,13645.43,unemployed,store,1,0.4726,0,medium,customer_risk_model,v1
CUST_000284,43,9148.99,552,13,4,4.0,1,10359.07,formal,online,0,0.61,1,medium,customer_risk_model,v1
CUST_000285,40,9812.73,624,55,5,5.8,3,11407.53,formal,store,1,0.647,1,medium,customer_risk_model,v1
CUST_000286,66,8886.46,638,82,6,8.1,0,15341.04,self_employed,store,1,0.5276,1,medium,customer_risk_model,v1
CUST_000287,26,30091.93,564,37,6,4.6,0,10192.62,informal,store,0,0.5366,1,medium,customer_risk_model,v1
CUST_000288,47,14763.62,563,38,10,0.5,1,5781.49,formal,store,0,0.521,1,medium,customer_risk_model,v1
CUST_000289,46,17820.53,786,56,6,0.4,1,18070.77,formal,online,0,0.3722,0,low,customer_risk_model,v1
CUST_000290,42,15180.52,562,104,7,0.8,1,3399.53,formal,online,0,0.4219,0,medium,customer_risk_model,v1
CUST_000291,59,11389.04,747,72,7,1.2,2,20412.01,formal,store,1,0.4838,0,medium,customer_risk_model,v1
CUST_000292,31,16353.95,611,110,2,6.5,1,9250.36,self_employed,store,0,0.4178,0,medium,customer_risk_model,v1
CUST_000293,67,35207.71,648,8,5,5.3,0,19006.03,informal,store,1,0.6679,1,medium,customer_risk_model,v1
CUST_000294,35,27744.5,701,102,8,2.5,2,23502.73,informal,store,1,0.4177,0,medium,customer_risk_model,v1
CUST_000295,46,12029.44,596,6,6,5.7,0,11525.35,formal,store,0,0.5306,1,medium,customer_risk_model,v1
CUST_000296,45,22533.02,701,39,3,2.5,0,18976.77,informal,app,0,0.3799,0,low,customer_risk_model,v1
CUST_000297,62,12179.34,466,51,3,10.4,2,17042.68,formal,online,1,0.8133,1,high,customer_risk_model,v1
CUST_000298,40,5565.43,690,29,7,2.9,3,13462.42,informal,store,1,0.5563,1,medium,customer_risk_model,v1
CUST_000299,32,25136.58,428,118,1,11.6,1,16821.69,informal,store,1,0.6827,1,medium,customer_risk_model,v1
CUST_000300,19,26120.65,630,107,4,2.9,0,9761.03,formal,store,1,0.3512,0,low,customer_risk_model,v1
CUST_000301,36,25322.37,727,68,7,12.7,3,25135.14,formal,call_center,0,0.4951,0,medium,customer_risk_model,v1
CUST_000302,60,14710.94,706,54,3,2.6,0,12674.23,self_employed,store,1,0.4154,0,medium,customer_risk_model,v1
CUST_000303,18,16832.57,533,91,2,0.0,0,6157.22,informal,store,1,0.5924,1,medium,customer_risk_model,v1
CUST_000304,64,23248.36,545,85,11,4.6,0,8528.03,informal,store,1,0.5458,1,medium,customer_risk_model,v1
CUST_000305,46,20740.47,588,58,7,0.1,1,19100.05,unemployed,online,1,0.6394,1,medium,customer_risk_model,v1
CUST_000306,25,15244.54,667,99,7,1.4,2,4636.81,formal,call_center,1,0.4209,0,medium,customer_risk_model,v1
CUST_000307,33,6666.5,467,23,5,1.3,2,27135.96,formal,store,1,0.7883,1,high,customer_risk_model,v1
CUST_000308,46,18797.13,649,34,7,5.4,1,22444.89,formal,store,0,0.547,1,medium,customer_risk_model,v1
CUST_000309,34,25553.07,678,3,1,6.1,4,2150.66,formal,online,1,0.6495,1,medium,customer_risk_model,v1
CUST_000310,23,9616.88,625,15,4,4.4,2,18186.64,informal,store,1,0.7219,1,high,customer_risk_model,v1
CUST_000311,52,22471.32,697,24,7,1.8,0,4257.82,formal,app,1,0.339,0,low,customer_risk_model,v1
CUST_000312,52,20320.79,670,75,5,3.0,2,5331.65,formal,store,0,0.4355,0,medium,customer_risk_model,v1
CUST_000313,24,23251.04,601,102,3,1.4,1,8248.48,formal,app,1,0.4203,0,medium,customer_risk_model,v1
CUST_000314,32,24103.83,476,71,10,12.7,1,6061.27,formal,store,1,0.7012,1,high,customer_risk_model,v1
CUST_000315,30,13138.74,662,54,6,12.9,0,17803.55,unemployed,online,1,0.696,1,medium,customer_risk_model,v1
CUST_000316,52,6681.28,564,33,7,0.8,0,14028.81,informal,online,1,0.5695,1,medium,customer_risk_model,v1
CUST_000317,55,14265.36,598,13,2,4.7,3,15381.21,informal,store,1,0.7623,1,high,customer_risk_model,v1
CUST_000318,55,24223.89,693,70,7,4.6,1,12024.08,formal,store,1,0.3487,0,low,customer_risk_model,v1
CUST_000319,66,14205.97,778,17,7,5.0,0,7777.02,formal,online,0,0.3704,0,low,customer_risk_model,v1
CUST_000320,57,13141.7,647,95,5,10.1,1,7834.87,informal,online,0,0.4076,0,medium,customer_risk_model,v1
CUST_000321,34,5250.55,700,49,4,3.9,0,20845.11,formal,store,1,0.5714,1,medium,customer_risk_model,v1
CUST_000322,23,30268.53,520,42,5,13.6,0,9209.37,informal,store,1,0.6768,1,medium,customer_risk_model,v1
CUST_000323,49,23780.0,672,4,3,0.1,2,23165.36,formal,store,0,0.5682,1,medium,customer_risk_model,v1
CUST_000324,65,23389.27,645,29,6,6.5,0,6916.29,formal,store,0,0.4971,0,medium,customer_risk_model,v1
CUST_000325,68,24774.08,761,2,7,4.5,2,12367.88,formal,online,1,0.5102,1,medium,customer_risk_model,v1
CUST_000326,29,22036.96,601,87,2,1.7,0,14475.11,formal,store,0,0.3644,0,low,customer_risk_model,v1
CUST_000327,30,16289.7,628,59,7,0.2,1,21455.52,informal,store,0,0.5183,1,medium,customer_risk_model,v1
CUST_000328,19,16853.65,745,94,6,0.7,2,19754.91,formal,store,0,0.259,0,low,customer_risk_model,v1
CUST_000329,25,15007.05,642,68,8,0.8,2,14459.15,formal,app,1,0.5808,1,medium,customer_risk_model,v1
CUST_000330,46,36443.19,550,114,6,14.3,1,12597.42,formal,store,0,0.4579,0,medium,customer_risk_model,v1
CUST_000331,46,21891.38,850,94,4,6.9,0,4730.31,self_employed,online,0,0.1884,0,low,customer_risk_model,v1
CUST_000332,37,14753.4,553,18,7,0.5,3,10460.47,formal,app,1,0.7795,1,high,customer_risk_model,v1
CUST_000333,34,21258.48,644,14,6,1.3,0,30101.77,unemployed,online,1,0.6615,1,medium,customer_risk_model,v1
CUST_000334,61,10923.92,681,106,6,15.4,0,4332.08,formal,store,0,0.4906,0,medium,customer_risk_model,v1
CUST_000335,41,28531.55,674,33,7,2.6,1,7499.65,formal,online,0,0.3828,0,low,customer_risk_model,v1
CUST_000336,60,13372.52,633,92,10,11.4,0,942.98,self_employed,app,0,0.4326,0,medium,customer_risk_model,v1
CUST_000337,68,21507.6,633,75,5,1.1,2,6021.83,formal,store,1,0.5268,1,medium,customer_risk_model,v1
CUST_000338,34,25461.84,629,84,7,1.8,2,2534.87,formal,app,1,0.4021,0,medium,customer_risk_model,v1
CUST_000339,28,20693.38,550,32,5,6.3,0,2193.36,informal,online,0,0.6821,1,medium,customer_risk_model,v1
CUST_000340,67,18661.29,844,38,4,2.2,0,14582.68,formal,online,1,0.4462,0,medium,customer_risk_model,v1
CUST_000341,51,18075.61,630,67,4,4.5,1,17843.54,informal,store,0,0.522,1,medium,customer_risk_model,v1
CUST_000342,33,17604.91,704,3,7,4.2,1,14821.37,formal,store,1,0.5005,1,medium,customer_risk_model,v1
CUST_000343,50,13963.11,620,38,5,2.7,1,3826.56,self_employed,store,1,0.5089,1,medium,customer_risk_model,v1
CUST_000344,44,14853.62,618,61,4,4.4,1,0.0,informal,app,1,0.5046,1,medium,customer_risk_model,v1
CUST_000345,65,28357.13,609,25,6,6.9,2,0.0,formal,app,0,0.5393,1,medium,customer_risk_model,v1
CUST_000346,31,17240.24,511,35,6,3.4,0,2248.26,formal,store,0,0.6097,1,medium,customer_risk_model,v1
CUST_000347,69,12499.43,636,118,4,2.3,2,3792.18,formal,online,0,0.4697,0,medium,customer_risk_model,v1
CUST_000348,66,14385.92,613,35,5,10.3,1,8329.23,formal,online,0,0.5513,1,medium,customer_risk_model,v1
CUST_000349,27,25702.59,755,108,4,3.5,2,14098.08,unemployed,store,0,0.2567,0,low,customer_risk_model,v1
CUST_000350,26,22729.25,542,111,4,0.9,1,8905.82,formal,online,1,0.5777,1,medium,customer_risk_model,v1
CUST_000351,45,21922.3,598,81,7,6.8,2,24675.55,formal,store,1,0.6176,1,medium,customer_risk_model,v1
CUST_000352,20,16197.35,569,19,11,0.6,2,30453.84,formal,store,1,0.7106,1,high,customer_risk_model,v1
CUST_000353,33,22013.54,780,25,11,0.3,0,11148.58,formal,store,1,0.3249,0,low,customer_risk_model,v1
CUST_000354,40,13495.07,572,112,5,0.5,2,0.0,formal,store,1,0.5195,1,medium,customer_risk_model,v1
CUST_000355,68,16182.7,701,1,6,5.6,2,7705.05,formal,store,0,0.4154,0,medium,customer_risk_model,v1
CUST_000356,69,24788.63,737,60,3,16.5,0,9865.76,formal,store,1,0.5267,1,medium,customer_risk_model,v1
CUST_000357,25,24119.94,637,71,4,11.5,2,17487.8,self_employed,online,1,0.6612,1,medium,customer_risk_model,v1
CUST_000358,64,11126.63,526,100,8,18.1,1,1311.17,formal,app,1,0.7365,1,high,customer_risk_model,v1
CUST_000359,22,12011.31,527,107,10,0.9,0,0.0,formal,app,1,0.6197,1,medium,customer_risk_model,v1
CUST_000360,56,18760.92,727,34,3,5.2,2,14096.33,informal,online,0,0.4581,0,medium,customer_risk_model,v1
CUST_000361,61,30082.93,537,60,5,0.6,3,7625.38,formal,online,0,0.5291,1,medium,customer_risk_model,v1
CUST_000362,64,4591.04,685,76,6,3.4,4,7499.08,formal,app,1,0.4955,0,medium,customer_risk_model,v1
CUST_000363,29,19948.33,660,115,11,1.4,1,4962.32,formal,online,1,0.3641,0,low,customer_risk_model,v1
CUST_000364,64,8367.7,684,67,5,3.0,0,8769.73,informal,store,0,0.3823,0,low,customer_risk_model,v1
CUST_000365,24,13559.68,692,15,8,1.3,1,13592.7,formal,store,0,0.4765,0,medium,customer_risk_model,v1
CUST_000366,44,15449.0,566,110,5,10.9,1,0.0,self_employed,store,0,0.4573,0,medium,customer_risk_model,v1
CUST_000367,42,15056.44,562,61,7,10.4,1,12130.89,self_employed,call_center,0,0.6266,1,medium,customer_risk_model,v1
CUST_000368,34,14263.43,714,22,9,3.4,1,17500.8,formal,online,0,0.4889,0,medium,customer_risk_model,v1
CUST_000369,19,18050.45,593,23,4,21.3,1,15577.26,formal,store,1,0.6711,1,medium,customer_risk_model,v1
CUST_000370,58,14253.21,402,25,6,1.4,0,28857.82,formal,store,1,0.797,1,high,customer_risk_model,v1
CUST_000371,35,7762.8,708,86,8,0.5,0,8499.98,formal,call_center,1,0.402,0,medium,customer_risk_model,v1
CUST_000372,52,23459.09,557,113,4,2.7,1,11256.69,formal,app,1,0.5272,1,medium,customer_risk_model,v1
CUST_000373,39,23270.11,692,53,6,4.3,0,22188.43,formal,store,0,0.3372,0,low,customer_risk_model,v1
CUST_000374,37,23902.22,775,12,4,0.1,0,12432.3,formal,store,0,0.3551,0,low,customer_risk_model,v1
CUST_000375,64,7214.86,652,106,5,1.1,1,24043.87,formal,store,1,0.5223,1,medium,customer_risk_model,v1
CUST_000376,22,20092.43,740,76,9,3.7,0,18534.8,formal,call_center,0,0.2816,0,low,customer_risk_model,v1
CUST_000377,56,22731.85,664,68,10,11.8,1,13150.78,informal,online,1,0.5978,1,medium,customer_risk_model,v1
CUST_000378,56,10781.59,793,8,7,8.0,1,11908.2,informal,store,1,0.4611,0,medium,customer_risk_model,v1
CUST_000379,37,18064.21,554,116,5,15.0,3,10122.26,self_employed,store,0,0.6178,1,medium,customer_risk_model,v1
CUST_000380,31,17186.13,649,10,4,0.0,1,11722.29,formal,store,1,0.5184,1,medium,customer_risk_model,v1
CUST_000381,18,30895.05,711,73,7,8.9,1,5235.81,formal,store,1,0.3195,0,low,customer_risk_model,v1
CUST_000382,66,31471.47,633,72,3,4.2,1,17419.22,formal,store,0,0.4486,0,medium,customer_risk_model,v1
CUST_000383,67,6349.51,754,62,7,2.3,1,27314.43,formal,online,1,0.5677,1,medium,customer_risk_model,v1
CUST_000384,30,35457.49,611,66,4,6.5,0,0.0,formal,store,0,0.4171,0,medium,customer_risk_model,v1
CUST_000385,19,11593.42,836,48,10,9.4,1,21430.78,formal,call_center,1,0.6126,1,medium,customer_risk_model,v1
CUST_000386,24,24864.71,841,69,3,1.9,1,13936.07,formal,app,0,0.3002,0,low,customer_risk_model,v1
CUST_000387,21,24793.49,675,44,4,5.6,1,20355.41,formal,store,0,0.434,0,medium,customer_risk_model,v1
CUST_000388,61,11030.17,700,57,7,0.3,0,7303.73,formal,store,1,0.418,0,medium,customer_risk_model,v1
CUST_000389,64,21452.87,757,81,7,0.7,2,10549.09,informal,store,0,0.2026,0,low,customer_risk_model,v1
CUST_000390,25,17247.26,543,89,5,5.8,0,22124.25,informal,store,1,0.641,1,medium,customer_risk_model,v1
CUST_000391,56,21880.31,532,19,11,2.9,2,11605.66,formal,app,1,0.7043,1,high,customer_risk_model,v1
CUST_000392,27,19614.71,763,119,10,0.6,1,18599.96,informal,app,0,0.2389,0,low,customer_risk_model,v1
CUST_000393,37,26374.38,675,12,5,2.3,0,7292.44,formal,store,0,0.372,0,low,customer_risk_model,v1
CUST_000394,49,18527.8,630,33,6,1.9,3,10413.44,informal,app,1,0.6876,1,medium,customer_risk_model,v1
CUST_000395,55,16824.88,651,42,1,6.7,1,16074.57,informal,call_center,1,0.6591,1,medium,customer_risk_model,v1
CUST_000396,63,25672.45,435,39,8,8.2,2,15237.34,formal,online,1,0.819,1,high,customer_risk_model,v1
CUST_000397,20,22062.77,633,42,11,3.8,0,18615.07,formal,store,1,0.4956,0,medium,customer_risk_model,v1
CUST_000398,28,23122.69,582,39,7,3.0,3,9272.3,formal,app,1,0.7521,1,high,customer_risk_model,v1
CUST_000399,32,13347.89,733,52,13,17.1,1,11999.84,informal,store,1,0.618,1,medium,customer_risk_model,v1
CUST_000400,34,10683.16,740,91,3,4.2,0,19753.27,formal,call_center,0,0.3098,0,low,customer_risk_model,v1
CUST_000401,69,14025.94,702,99,4,4.1,2,23540.97,unemployed,store,1,0.4446,0,medium,customer_risk_model,v1
CUST_000402,58,13654.25,686,42,10,2.9,1,5287.96,informal,store,0,0.4072,0,medium,customer_risk_model,v1
CUST_000403,34,23503.39,515,31,5,1.3,3,21504.22,formal,store,1,0.7472,1,high,customer_risk_model,v1
CUST_000404,68,24831.89,703,81,2,6.7,0,5850.51,formal,store,0,0.2948,0,low,customer_risk_model,v1
CUST_000405,43,16914.09,707,8,11,8.0,1,13662.28,formal,store,1,0.5882,1,medium,customer_risk_model,v1
CUST_000406,44,28016.43,762,54,7,2.4,0,14257.5,informal,store,1,0.3683,0,low,customer_risk_model,v1
CUST_000407,40,27579.29,841,27,7,3.9,2,8101.59,self_employed,online,0,0.3908,0,low,customer_risk_model,v1
CUST_000408,25,19703.79,498,73,5,3.1,2,10579.58,informal,store,1,0.6935,1,medium,customer_risk_model,v1
CUST_000409,66,12246.76,615,10,4,1.3,0,0.0,formal,online,0,0.4864,0,medium,customer_risk_model,v1
CUST_000410,18,29027.64,583,99,6,0.4,0,17798.15,formal,online,1,0.447,0,medium,customer_risk_model,v1
CUST_000411,27,17572.88,666,33,10,1.7,2,9779.27,self_employed,call_center,1,0.5839,1,medium,customer_risk_model,v1
CUST_000412,29,18883.16,651,62,10,7.6,2,11665.07,formal,app,1,0.5483,1,medium,customer_risk_model,v1
CUST_000413,32,15622.76,629,69,7,1.1,0,7421.14,informal,store,1,0.4905,0,medium,customer_risk_model,v1
CUST_000414,24,11771.47,742,57,4,2.9,0,17824.4,formal,store,0,0.428,0,medium,customer_risk_model,v1
CUST_000415,18,7719.52,551,54,7,0.4,0,13482.35,formal,store,1,0.6613,1,medium,customer_risk_model,v1
CUST_000416,53,22430.08,556,32,9,0.4,0,2806.7,formal,store,1,0.5717,1,medium,customer_risk_model,v1
CUST_000417,68,12516.19,558,92,2,5.2,0,11100.42,formal,store,1,0.5955,1,medium,customer_risk_model,v1
CUST_000418,24,39416.72,618,62,7,5.8,0,3719.57,formal,call_center,0,0.3653,0,low,customer_risk_model,v1
CUST_000419,33,10397.48,539,26,5,11.3,1,12162.82,formal,app,1,0.8202,1,high,customer_risk_model,v1
CUST_000420,44,9198.32,646,32,6,6.3,0,17462.16,formal,app,1,0.6685,1,medium,customer_risk_model,v1
CUST_000421,66,21570.97,635,53,6,10.5,0,13541.38,formal,store,0,0.5135,1,medium,customer_risk_model,v1
CUST_000422,54,28705.19,579,101,7,1.9,0,15474.83,formal,app,0,0.3725,0,low,customer_risk_model,v1
CUST_000423,57,18452.13,729,115,11,4.0,2,20456.87,self_employed,app,0,0.3456,0,low,customer_risk_model,v1
CUST_000424,48,22005.7,645,47,9,8.6,1,5450.69,formal,store,0,0.5172,1,medium,customer_risk_model,v1
CUST_000425,39,5095.17,746,48,5,1.8,1,8490.9,self_employed,store,1,0.3937,0,low,customer_risk_model,v1
CUST_000426,28,13257.42,632,16,9,6.9,1,0.0,formal,online,1,0.606,1,medium,customer_risk_model,v1
CUST_000427,62,10484.69,648,65,4,7.2,2,8964.07,formal,store,0,0.449,0,medium,customer_risk_model,v1
CUST_000428,59,4734.68,599,29,4,0.4,2,7093.56,informal,store,1,0.5985,1,medium,customer_risk_model,v1
CUST_000429,19,18818.86,649,98,2,6.2,1,17232.09,informal,call_center,1,0.4837,0,medium,customer_risk_model,v1
CUST_000430,55,4000.0,714,64,4,18.6,1,15690.78,informal,store,1,0.594,1,medium,customer_risk_model,v1
CUST_000431,22,8744.63,613,27,7,0.6,2,24006.96,formal,store,1,0.695,1,medium,customer_risk_model,v1
CUST_000432,56,14239.64,697,110,7,10.9,3,7988.67,formal,store,0,0.3797,0,low,customer_risk_model,v1
CUST_000433,60,12181.0,577,98,2,4.9,2,15172.83,formal,online,1,0.6056,1,medium,customer_risk_model,v1
CUST_000434,24,20774.86,718,36,8,9.4,1,17922.55,formal,online,0,0.4016,0,medium,customer_risk_model,v1
CUST_000435,40,20139.06,598,15,3,3.2,4,30330.46,informal,app,1,0.8395,1,high,customer_risk_model,v1
CUST_000436,24,24256.59,727,32,8,2.0,3,15484.5,informal,online,0,0.4216,0,medium,customer_risk_model,v1
CUST_000437,47,23266.69,655,45,6,10.7,0,11615.6,formal,call_center,0,0.449,0,medium,customer_risk_model,v1
CUST_000438,66,25985.69,787,49,9,19.5,1,13005.09,informal,online,0,0.4566,0,medium,customer_risk_model,v1
CUST_000439,22,17986.57,546,98,4,4.2,2,15722.44,self_employed,store,1,0.6091,1,medium,customer_risk_model,v1
CUST_000440,38,20124.27,517,116,5,4.6,0,22987.04,formal,app,1,0.5612,1,medium,customer_risk_model,v1
CUST_000441,68,21580.6,595,89,5,5.8,3,8596.01,unemployed,store,1,0.6254,1,medium,customer_risk_model,v1
CUST_000442,33,18991.6,525,101,5,4.5,0,6312.6,formal,online,1,0.6335,1,medium,customer_risk_model,v1
CUST_000443,24,15219.64,526,15,8,4.4,0,32975.27,formal,store,1,0.715,1,high,customer_risk_model,v1
CUST_000444,43,15672.9,706,18,7,17.8,2,2985.47,formal,store,1,0.6656,1,medium,customer_risk_model,v1
CUST_000445,44,12277.09,650,109,5,7.9,0,18845.09,formal,store,1,0.5831,1,medium,customer_risk_model,v1
CUST_000446,52,20951.32,607,74,2,8.6,0,15329.91,self_employed,online,0,0.4674,0,medium,customer_risk_model,v1
CUST_000447,34,17341.89,615,29,2,4.5,1,14575.82,informal,call_center,1,0.6415,1,medium,customer_risk_model,v1
CUST_000448,67,13357.78,596,95,9,3.8,0,2179.01,formal,online,0,0.3767,0,low,customer_risk_model,v1
CUST_000449,45,13364.29,799,21,6,8.2,1,33672.57,informal,store,1,0.6685,1,medium,customer_risk_model,v1
CUST_000450,32,9527.21,584,92,8,15.5,1,13411.72,formal,app,1,0.6031,1,medium,customer_risk_model,v1
CUST_000451,67,24851.89,531,106,7,0.4,1,7878.91,formal,store,1,0.4855,0,medium,customer_risk_model,v1
CUST_000452,66,18550.32,722,59,1,4.6,1,1362.55,unemployed,store,1,0.4566,0,medium,customer_risk_model,v1
CUST_000453,43,11960.4,631,79,2,6.2,2,0.0,formal,store,0,0.4617,0,medium,customer_risk_model,v1
CUST_000454,19,23659.83,833,88,3,10.1,0,17633.17,informal,store,0,0.3259,0,low,customer_risk_model,v1
CUST_000455,49,14076.86,603,105,5,1.3,0,5299.05,formal,store,1,0.3926,0,low,customer_risk_model,v1
CUST_000456,46,8154.5,726,70,5,1.7,2,9855.1,formal,store,0,0.3429,0,low,customer_risk_model,v1
CUST_000457,25,25148.56,747,35,6,0.2,0,7180.77,formal,store,0,0.2559,0,low,customer_risk_model,v1
CUST_000458,50,14240.32,603,24,8,4.5,1,16302.49,self_employed,store,1,0.667,1,medium,customer_risk_model,v1
CUST_000459,61,15137.71,583,43,8,4.1,1,15116.3,formal,store,1,0.636,1,medium,customer_risk_model,v1
CUST_000460,23,18288.26,717,7,3,5.6,2,18016.55,formal,store,0,0.4305,0,medium,customer_risk_model,v1
CUST_000461,55,25998.12,702,84,5,1.5,0,18321.81,formal,store,0,0.2593,0,low,customer_risk_model,v1
CUST_000462,25,18140.26,523,44,4,4.2,1,6272.12,formal,online,1,0.6929,1,medium,customer_risk_model,v1
CUST_000463,56,9606.18,548,85,6,23.6,0,1226.71,formal,online,1,0.719,1,high,customer_risk_model,v1
CUST_000464,39,21807.14,422,8,9,12.5,0,10812.23,formal,online,1,0.7629,1,high,customer_risk_model,v1
CUST_000465,18,14605.07,704,39,7,5.3,1,16138.74,formal,store,1,0.5105,1,medium,customer_risk_model,v1
CUST_000466,68,31215.47,626,48,5,4.8,2,12866.13,formal,store,0,0.4962,0,medium,customer_risk_model,v1
CUST_000467,26,17992.16,635,11,4,6.3,2,0.0,formal,online,1,0.6143,1,medium,customer_risk_model,v1
CUST_000468,48,4000.0,498,99,11,4.9,1,12459.88,unemployed,store,0,0.5815,1,medium,customer_risk_model,v1
CUST_000469,27,20501.55,551,72,6,16.7,1,3995.4,formal,store,1,0.7251,1,high,customer_risk_model,v1
CUST_000470,66,31612.18,607,101,9,8.5,0,12177.07,informal,store,1,0.3931,0,low,customer_risk_model,v1
CUST_000471,56,29031.44,589,96,8,7.7,0,19716.18,formal,app,0,0.4431,0,medium,customer_risk_model,v1
CUST_000472,59,30816.68,661,5,3,2.8,0,0.0,formal,store,0,0.394,0,low,customer_risk_model,v1
CUST_000473,40,10861.68,703,103,7,0.1,0,24056.92,informal,store,0,0.3466,0,low,customer_risk_model,v1
CUST_000474,42,24385.07,850,9,9,1.1,3,3631.69,formal,store,0,0.4666,0,medium,customer_risk_model,v1
CUST_000475,50,12946.04,648,104,9,2.6,4,19967.26,self_employed,store,1,0.6086,1,medium,customer_risk_model,v1
CUST_000476,58,19570.03,750,80,4,8.5,2,18728.28,self_employed,call_center,1,0.5086,1,medium,customer_risk_model,v1
CUST_000477,62,9089.33,575,98,3,5.7,0,9590.57,informal,store,0,0.4657,0,medium,customer_risk_model,v1
CUST_000478,18,13488.81,499,60,5,1.1,0,15635.64,unemployed,app,1,0.7155,1,high,customer_risk_model,v1
CUST_000479,52,13266.27,618,20,10,5.2,3,6388.18,self_employed,call_center,1,0.7596,1,high,customer_risk_model,v1
CUST_000480,23,24289.89,506,18,9,1.6,1,0.0,formal,store,0,0.5721,1,medium,customer_risk_model,v1
CUST_000481,32,23605.03,651,15,6,0.1,2,21101.91,self_employed,store,1,0.602,1,medium,customer_risk_model,v1
CUST_000482,61,19937.74,580,96,10,5.6,0,6534.65,informal,store,1,0.3969,0,low,customer_risk_model,v1
CUST_000483,31,8547.05,474,64,5,2.3,1,26406.21,formal,online,0,0.6716,1,medium,customer_risk_model,v1
CUST_000484,59,15818.52,806,26,5,1.1,2,19064.17,formal,store,1,0.5833,1,medium,customer_risk_model,v1
CUST_000485,42,12777.18,602,15,2,2.6,2,5243.15,informal,store,1,0.6229,1,medium,customer_risk_model,v1
CUST_000486,30,24087.73,503,10,4,1.5,1,16708.44,formal,store,1,0.7147,1,high,customer_risk_model,v1
CUST_000487,35,26247.29,731,31,3,1.3,1,16223.02,formal,store,0,0.3362,0,low,customer_risk_model,v1
CUST_000488,45,25394.7,584,90,6,1.8,0,25780.29,informal,store,1,0.5003,1,medium,customer_risk_model,v1
CUST_000489,57,12713.46,748,107,10,19.9,0,8088.4,self_employed,store,1,0.4822,0,medium,customer_risk_model,v1
CUST_000490,49,4000.0,584,73,5,1.3,1,10141.85,unemployed,store,1,0.5966,1,medium,customer_risk_model,v1
CUST_000491,66,5631.27,601,119,5,3.5,2,15466.3,informal,app,1,0.601,1,medium,customer_risk_model,v1
CUST_000492,63,27951.39,681,47,6,11.3,1,12145.29,self_employed,store,1,0.4757,0,medium,customer_risk_model,v1
CUST_000493,57,15191.22,703,40,7,5.5,0,877.89,unemployed,online,0,0.4623,0,medium,customer_risk_model,v1
CUST_000494,49,12744.93,719,83,5,2.8,0,20118.71,informal,store,0,0.3396,0,low,customer_risk_model,v1
CUST_000495,33,29498.62,642,17,8,6.5,2,24785.45,formal,online,1,0.6895,1,medium,customer_risk_model,v1
CUST_000496,39,26856.12,698,109,6,3.8,1,13226.61,formal,store,0,0.2303,0,low,customer_risk_model,v1
CUST_000497,24,18171.14,717,93,9,0.8,2,1818.78,self_employed,online,1,0.3388,0,low,customer_risk_model,v1
CUST_000498,37,15946.18,668,5,6,5.2,0,11095.13,formal,store,0,0.4786,0,medium,customer_risk_model,v1
CUST_000499,66,17075.29,637,23,6,3.9,3,4725.54,informal,online,1,0.6509,1,medium,customer_risk_model,v1
CUST_000500,40,19590.14,520,75,7,17.3,0,9926.96,self_employed,store,1,0.7066,1,high,customer_risk_model,v1
CUST_000501,23,29200.33,704,88,6,6.7,1,13483.52,informal,call_center,0,0.278,0,low,customer_risk_model,v1
CUST_000502,51,20957.27,654,26,7,11.0,0,17248.39,self_employed,store,1,0.6632,1,medium,customer_risk_model,v1
CUST_000503,68,23082.2,613,89,6,4.8,2,23241.29,informal,online,1,0.6467,1,medium,customer_risk_model,v1
CUST_000504,63,26184.89,765,57,9,1.5,0,17016.89,unemployed,store,0,0.3482,0,low,customer_risk_model,v1
CUST_000505,32,9812.27,521,81,5,3.3,0,3536.12,unemployed,online,0,0.6257,1,medium,customer_risk_model,v1
CUST_000506,41,23284.03,798,51,4,3.1,3,17454.9,informal,call_center,1,0.5384,1,medium,customer_risk_model,v1
CUST_000507,45,15938.02,648,55,5,5.7,1,9714.08,informal,call_center,1,0.5007,1,medium,customer_risk_model,v1
CUST_000508,30,4000.0,679,47,6,4.9,1,10616.45,self_employed,app,1,0.5403,1,medium,customer_risk_model,v1
CUST_000509,31,4000.0,614,19,4,16.6,0,11887.76,informal,store,1,0.6744,1,medium,customer_risk_model,v1
CUST_000510,30,10873.18,500,23,2,3.6,0,13080.59,informal,store,1,0.708,1,high,customer_risk_model,v1
CUST_000511,69,21718.56,637,20,9,3.0,1,20100.85,informal,store,0,0.578,1,medium,customer_risk_model,v1
CUST_000512,56,18796.6,680,96,5,3.1,2,15974.59,formal,app,1,0.4905,0,medium,customer_risk_model,v1
CUST_000513,61,19290.57,711,51,4,13.0,0,2515.84,unemployed,store,1,0.6067,1,medium,customer_risk_model,v1
CUST_000514,60,31656.6,632,46,3,7.8,2,0.0,formal,store,1,0.5563,1,medium,customer_risk_model,v1
CUST_000515,67,9116.37,453,102,3,0.4,0,17201.6,formal,store,1,0.7015,1,high,customer_risk_model,v1
CUST_000516,23,17807.97,511,106,9,0.8,1,16309.56,formal,store,0,0.4554,0,medium,customer_risk_model,v1
CUST_000517,63,20131.05,835,28,3,11.0,1,22089.0,formal,store,1,0.5847,1,medium,customer_risk_model,v1
CUST_000518,21,12846.09,552,43,5,0.6,2,11212.25,unemployed,online,1,0.7409,1,high,customer_risk_model,v1
CUST_000519,42,18198.29,778,49,6,1.3,0,14239.97,informal,store,0,0.3628,0,low,customer_risk_model,v1
CUST_000520,48,6800.35,566,100,8,1.3,0,15819.44,formal,store,0,0.5259,1,medium,customer_risk_model,v1
CUST_000521,36,27869.34,634,80,9,2.8,1,0.0,formal,app,0,0.3436,0,low,customer_risk_model,v1
CUST_000522,25,13228.7,706,65,5,10.7,2,0.0,formal,store,0,0.465,0,medium,customer_risk_model,v1
CUST_000523,27,32219.8,576,28,6,2.8,0,17887.11,self_employed,online,0,0.4943,0,medium,customer_risk_model,v1
CUST_000524,60,17772.68,793,46,10,14.7,0,14953.82,formal,online,1,0.572,1,medium,customer_risk_model,v1
CUST_000525,34,25196.37,657,4,5,6.0,1,22773.84,unemployed,store,1,0.6564,1,medium,customer_risk_model,v1
CUST_000526,34,17626.88,691,84,4,2.5,0,26749.93,formal,call_center,1,0.4404,0,medium,customer_risk_model,v1
CUST_000527,66,17784.79,626,110,4,0.4,1,9596.8,formal,store,0,0.394,0,low,customer_risk_model,v1
CUST_000528,25,13911.79,709,94,5,10.6,1,9180.07,unemployed,app,0,0.4236,0,medium,customer_risk_model,v1
CUST_000529,65,18833.87,792,37,7,5.3,2,1147.41,formal,store,0,0.4188,0,medium,customer_risk_model,v1
CUST_000530,65,20225.99,638,58,10,2.7,1,16144.64,formal,app,0,0.4467,0,medium,customer_risk_model,v1
CUST_000531,49,12510.19,806,114,5,7.3,0,0.0,formal,store,1,0.3231,0,low,customer_risk_model,v1
CUST_000532,26,17124.69,595,51,4,3.9,1,4237.41,self_employed,store,0,0.5048,1,medium,customer_risk_model,v1
CUST_000533,26,13729.31,719,100,5,2.1,2,14469.21,self_employed,online,1,0.3218,0,low,customer_risk_model,v1
CUST_000534,32,34097.65,694,69,5,0.0,2,6729.06,formal,call_center,1,0.3724,0,low,customer_risk_model,v1
CUST_000535,48,17371.88,554,60,11,1.8,1,11621.93,self_employed,store,0,0.4752,0,medium,customer_risk_model,v1
CUST_000536,25,28816.63,669,70,6,3.2,0,10343.86,formal,app,0,0.3309,0,low,customer_risk_model,v1
CUST_000537,41,16630.64,651,27,9,1.3,1,3104.17,informal,online,0,0.4786,0,medium,customer_risk_model,v1
CUST_000538,24,19815.01,573,51,3,2.5,2,0.0,formal,app,0,0.5447,1,medium,customer_risk_model,v1
CUST_000539,46,8750.45,682,37,5,2.0,1,17600.67,formal,app,1,0.6074,1,medium,customer_risk_model,v1
CUST_000540,19,14870.49,663,91,7,2.7,3,10577.22,informal,store,1,0.4781,0,medium,customer_risk_model,v1
CUST_000541,54,19473.74,643,73,3,11.5,6,14716.58,formal,store,1,0.7205,1,high,customer_risk_model,v1
CUST_000542,20,29102.03,644,48,6,8.3,0,11531.87,informal,online,0,0.4223,0,medium,customer_risk_model,v1
CUST_000543,28,19553.88,642,98,0,3.9,1,11389.34,informal,app,1,0.4229,0,medium,customer_risk_model,v1
CUST_000544,27,27686.04,617,54,5,0.0,2,13307.97,formal,store,0,0.469,0,medium,customer_risk_model,v1
CUST_000545,61,22485.1,663,114,10,3.2,2,10461.19,formal,call_center,1,0.4441,0,medium,customer_risk_model,v1
CUST_000546,20,29391.81,592,73,7,0.9,1,9291.7,informal,store,0,0.4671,0,medium,customer_risk_model,v1
CUST_000547,40,17586.7,850,106,6,4.2,3,3959.8,informal,online,0,0.3133,0,low,customer_risk_model,v1
CUST_000548,48,34731.56,523,118,6,3.2,1,31860.04,formal,online,0,0.4618,0,medium,customer_risk_model,v1
CUST_000549,44,14602.23,597,39,5,3.9,0,20055.74,informal,online,1,0.6485,1,medium,customer_risk_model,v1
CUST_000550,53,12634.77,604,32,9,10.6,0,23928.1,formal,store,1,0.7797,1,high,customer_risk_model,v1
CUST_000551,59,9529.63,834,100,8,5.1,3,22152.33,informal,store,1,0.4591,0,medium,customer_risk_model,v1
CUST_000552,38,34317.17,531,28,6,8.7,1,9766.14,formal,store,0,0.6769,1,medium,customer_risk_model,v1
CUST_000553,61,23736.13,688,90,7,4.9,0,10546.05,self_employed,store,0,0.2716,0,low,customer_risk_model,v1
CUST_000554,34,15661.15,672,22,12,4.0,1,12022.95,informal,store,1,0.5734,1,medium,customer_risk_model,v1
CUST_000555,69,26743.16,680,104,5,5.7,1,9086.63,informal,app,0,0.306,0,low,customer_risk_model,v1
CUST_000556,44,22813.85,761,83,7,5.3,0,19023.23,unemployed,store,0,0.2689,0,low,customer_risk_model,v1
CUST_000557,56,31762.89,759,63,5,1.8,1,5492.33,formal,store,0,0.2935,0,low,customer_risk_model,v1
CUST_000558,63,7165.17,609,54,3,1.4,3,3465.18,unemployed,app,1,0.7004,1,high,customer_risk_model,v1
CUST_000559,59,16142.48,667,76,4,1.4,0,1628.84,formal,online,1,0.4238,0,medium,customer_risk_model,v1
CUST_000560,62,14762.35,482,47,5,3.1,2,9407.85,self_employed,store,1,0.6865,1,medium,customer_risk_model,v1
CUST_000561,45,4184.22,659,48,4,0.1,1,8225.02,informal,app,1,0.531,1,medium,customer_risk_model,v1
CUST_000562,20,25422.29,579,25,7,4.7,2,7049.52,informal,store,1,0.6933,1,medium,customer_risk_model,v1
CUST_000563,43,16107.22,633,19,4,4.4,0,12670.0,self_employed,store,1,0.5645,1,medium,customer_risk_model,v1
CUST_000564,27,23177.42,498,107,9,0.1,1,2673.18,unemployed,online,1,0.5953,1,medium,customer_risk_model,v1
CUST_000565,64,34518.4,686,90,10,5.2,1,17938.21,formal,store,0,0.3345,0,low,customer_risk_model,v1
CUST_000566,30,15527.29,497,53,8,0.8,0,3223.73,formal,online,0,0.5851,1,medium,customer_risk_model,v1
CUST_000567,29,15051.93,663,99,6,7.9,2,2618.52,informal,online,1,0.4335,0,medium,customer_risk_model,v1
CUST_000568,30,18830.65,540,73,9,18.3,1,6850.5,formal,online,1,0.7422,1,high,customer_risk_model,v1
CUST_000569,51,24910.73,574,72,6,4.2,0,10895.4,formal,online,1,0.4961,0,medium,customer_risk_model,v1
CUST_000570,47,14033.01,754,14,13,7.5,1,18884.31,formal,store,1,0.6129,1,medium,customer_risk_model,v1
CUST_000571,67,13583.27,703,65,9,3.3,0,11402.86,formal,store,0,0.3596,0,low,customer_risk_model,v1
CUST_000572,39,25400.32,753,13,12,0.9,1,0.0,informal,store,0,0.3533,0,low,customer_risk_model,v1
CUST_000573,32,20650.48,790,82,2,8.7,2,15900.24,formal,store,0,0.3644,0,low,customer_risk_model,v1
CUST_000574,20,4000.0,580,9,4,4.9,2,15746.52,formal,store,1,0.7081,1,high,customer_risk_model,v1
CUST_000575,18,9422.26,785,62,7,1.8,1,7357.09,formal,store,1,0.387,0,low,customer_risk_model,v1
CUST_000576,37,28508.65,518,44,9,6.7,0,13366.78,informal,call_center,1,0.6818,1,medium,customer_risk_model,v1
CUST_000577,66,20813.5,717,16,3,1.2,1,23476.7,unemployed,store,0,0.5369,1,medium,customer_risk_model,v1
CUST_000578,45,12664.63,606,57,5,1.2,0,5086.46,formal,app,1,0.5115,1,medium,customer_risk_model,v1
CUST_000579,64,16807.13,566,24,7,1.2,1,19683.96,self_employed,store,1,0.7268,1,high,customer_risk_model,v1
CUST_000580,23,18092.66,705,30,5,0.0,2,22124.42,self_employed,online,1,0.5129,1,medium,customer_risk_model,v1
CUST_000581,22,23150.13,735,106,3,4.5,2,13406.66,formal,store,0,0.2431,0,low,customer_risk_model,v1
CUST_000582,61,8492.16,732,42,1,5.6,0,2168.17,formal,call_center,0,0.3915,0,low,customer_risk_model,v1
CUST_000583,23,12113.36,669,49,4,3.2,4,22455.31,formal,store,1,0.6493,1,medium,customer_risk_model,v1
CUST_000584,20,19910.69,662,1,7,9.7,1,19327.93,self_employed,store,0,0.5483,1,medium,customer_risk_model,v1
CUST_000585,39,17301.16,697,36,4,10.6,1,16387.08,formal,call_center,1,0.6179,1,medium,customer_risk_model,v1
CUST_000586,66,22003.01,677,42,5,5.2,1,11580.89,formal,store,0,0.4349,0,medium,customer_risk_model,v1
CUST_000587,53,9393.45,699,86,9,4.0,0,21259.06,formal,store,0,0.3627,0,low,customer_risk_model,v1
CUST_000588,23,20499.9,668,15,5,1.7,1,5199.48,formal,store,0,0.4762,0,medium,customer_risk_model,v1
CUST_000589,61,25641.09,726,111,5,9.9,2,18856.98,self_employed,store,1,0.4401,0,medium,customer_risk_model,v1
CUST_000590,61,21407.73,504,16,3,5.3,1,9426.46,self_employed,store,1,0.7386,1,high,customer_risk_model,v1
CUST_000591,59,18973.78,638,78,1,12.1,6,0.0,formal,store,1,0.7183,1,high,customer_risk_model,v1
CUST_000592,64,17328.81,525,1,10,0.2,3,3963.17,informal,store,0,0.6349,1,medium,customer_risk_model,v1
CUST_000593,30,12156.04,675,98,8,1.8,2,15231.42,informal,store,0,0.3705,0,low,customer_risk_model,v1
CUST_000594,68,17496.01,798,83,5,2.2,1,13777.55,formal,online,1,0.3737,0,low,customer_risk_model,v1
CUST_000595,34,26817.94,607,100,2,0.4,0,15546.06,informal,online,0,0.3735,0,low,customer_risk_model,v1
CUST_000596,59,17166.8,661,111,6,1.8,1,9063.58,self_employed,online,0,0.3293,0,low,customer_risk_model,v1
CUST_000597,48,11771.37,718,100,10,1.7,0,13688.2,informal,store,0,0.2848,0,low,customer_risk_model,v1
CUST_000598,58,14554.27,464,74,7,2.9,1,17003.75,informal,online,0,0.7125,1,high,customer_risk_model,v1
CUST_000599,50,19405.95,603,100,5,8.3,4,30879.51,informal,app,1,0.7864,1,high,customer_risk_model,v1
CUST_000600,51,15385.4,683,12,5,4.2,0,8862.93,self_employed,call_center,1,0.4861,0,medium,customer_risk_model,v1
CUST_000601,50,21397.12,389,77,8,7.2,2,20197.88,informal,app,1,0.7855,1,high,customer_risk_model,v1
CUST_000602,58,21659.91,562,118,8,13.8,2,17172.74,self_employed,store,1,0.6993,1,medium,customer_risk_model,v1
CUST_000603,56,24222.88,749,45,9,17.6,0,12981.18,self_employed,call_center,0,0.3904,0,low,customer_risk_model,v1
CUST_000604,24,27964.92,740,117,9,2.3,2,1589.21,formal,store,0,0.2005,0,low,customer_risk_model,v1
CUST_000605,60,24971.01,684,61,5,6.0,1,23118.99,informal,store,1,0.5128,1,medium,customer_risk_model,v1
CUST_000606,45,11460.33,729,56,2,2.1,0,13990.7,formal,store,1,0.4492,0,medium,customer_risk_model,v1
CUST_000607,34,11675.26,669,36,5,2.6,1,7272.83,self_employed,store,0,0.4682,0,medium,customer_risk_model,v1
CUST_000608,44,17469.6,700,13,8,2.1,1,4924.82,formal,online,1,0.4527,0,medium,customer_risk_model,v1
CUST_000609,68,14841.77,622,105,6,5.0,1,14088.02,formal,call_center,0,0.3938,0,low,customer_risk_model,v1
CUST_000610,62,10031.71,660,86,6,3.8,1,4496.95,formal,online,1,0.4165,0,medium,customer_risk_model,v1
CUST_000611,61,14908.16,593,48,6,0.9,0,7450.39,self_employed,online,1,0.4997,0,medium,customer_risk_model,v1
CUST_000612,42,14678.41,764,115,6,8.8,1,7268.96,unemployed,store,1,0.3722,0,low,customer_risk_model,v1
CUST_000613,58,13297.07,787,22,8,11.7,3,12369.35,formal,online,1,0.6577,1,medium,customer_risk_model,v1
CUST_000614,38,15789.47,774,93,7,7.2,3,16803.93,formal,store,0,0.4186,0,medium,customer_risk_model,v1
CUST_000615,53,26249.16,613,54,9,0.1,0,9458.45,formal,store,0,0.3574,0,low,customer_risk_model,v1
CUST_000616,51,19394.67,564,75,4,13.1,2,10299.34,informal,store,0,0.6239,1,medium,customer_risk_model,v1
CUST_000617,30,35302.66,765,5,5,4.1,1,12866.12,formal,app,1,0.4461,0,medium,customer_risk_model,v1
CUST_000618,31,19193.56,699,73,9,2.7,1,6011.74,formal,store,1,0.3865,0,low,customer_risk_model,v1
CUST_000619,21,15969.54,680,81,7,3.3,1,7302.11,informal,app,1,0.4331,0,medium,customer_risk_model,v1
CUST_000620,25,18028.93,593,117,8,3.3,1,8261.38,formal,store,1,0.4034,0,medium,customer_risk_model,v1
CUST_000621,40,19795.44,688,42,4,1.8,0,14304.14,informal,store,0,0.435,0,medium,customer_risk_model,v1
CUST_000622,42,21046.78,552,9,3,15.5,2,24870.32,self_employed,online,1,0.8398,1,high,customer_risk_model,v1
CUST_000623,26,32536.98,707,8,1,9.6,3,2034.45,informal,online,1,0.5931,1,medium,customer_risk_model,v1
CUST_000624,39,12082.76,774,18,3,2.3,3,13913.17,formal,call_center,1,0.6305,1,medium,customer_risk_model,v1
CUST_000625,49,24013.32,797,36,11,0.2,0,10163.64,formal,store,0,0.2721,0,low,customer_risk_model,v1
CUST_000626,30,19454.25,714,99,3,9.8,1,10641.75,formal,store,0,0.3486,0,low,customer_risk_model,v1
CUST_000627,35,7002.32,526,24,5,1.8,1,8095.97,formal,store,1,0.6873,1,medium,customer_risk_model,v1
CUST_000628,37,23394.89,668,18,3,1.4,0,21129.96,formal,store,1,0.5083,1,medium,customer_risk_model,v1
CUST_000629,44,26873.36,843,4,8,7.2,1,0.0,unemployed,store,0,0.4357,0,medium,customer_risk_model,v1
CUST_000630,37,11999.77,572,46,8,4.0,3,2914.82,self_employed,online,1,0.7535,1,high,customer_risk_model,v1
CUST_000631,56,17937.46,645,72,5,7.8,1,20720.09,informal,store,1,0.6725,1,medium,customer_risk_model,v1
CUST_000632,35,5922.52,777,34,8,11.2,3,21318.67,informal,call_center,0,0.6993,1,medium,customer_risk_model,v1
CUST_000633,40,9188.35,706,59,0,2.7,1,26079.6,formal,store,0,0.5125,1,medium,customer_risk_model,v1
CUST_000634,37,25336.21,850,29,8,1.4,1,14453.08,formal,store,0,0.3166,0,low,customer_risk_model,v1
CUST_000635,27,14735.08,584,96,9,4.1,2,15857.6,formal,store,1,0.5646,1,medium,customer_risk_model,v1
CUST_000636,53,10238.38,561,4,5,0.3,3,0.0,unemployed,store,0,0.6176,1,medium,customer_risk_model,v1
CUST_000637,30,19606.22,760,24,7,6.3,0,12023.48,self_employed,store,0,0.3258,0,low,customer_risk_model,v1
CUST_000638,33,14343.11,542,68,6,26.7,2,16476.49,formal,online,1,0.8117,1,high,customer_risk_model,v1
CUST_000639,59,14704.25,632,101,5,1.9,4,8096.65,formal,store,1,0.5271,1,medium,customer_risk_model,v1
CUST_000640,67,23175.28,644,48,7,10.5,1,11262.36,formal,call_center,1,0.5338,1,medium,customer_risk_model,v1
CUST_000641,52,9867.87,743,9,5,1.6,1,21857.49,formal,store,1,0.5682,1,medium,customer_risk_model,v1
CUST_000642,65,11662.44,705,66,3,4.6,1,23654.04,formal,online,1,0.5093,1,medium,customer_risk_model,v1
CUST_000643,62,19078.56,691,33,8,3.4,2,14002.46,formal,store,1,0.5098,1,medium,customer_risk_model,v1
CUST_000644,43,24785.87,614,37,5,1.8,0,11593.17,self_employed,store,0,0.4167,0,medium,customer_risk_model,v1
CUST_000645,58,26667.12,759,110,7,3.6,0,17831.38,formal,store,1,0.2681,0,low,customer_risk_model,v1
CUST_000646,35,13344.57,850,113,7,2.6,3,9044.57,informal,store,1,0.2847,0,low,customer_risk_model,v1
CUST_000647,41,24561.64,712,31,7,7.6,3,20352.44,formal,store,0,0.4962,0,medium,customer_risk_model,v1
CUST_000648,45,12511.0,659,71,3,7.7,1,7800.82,formal,store,0,0.48,0,medium,customer_risk_model,v1
CUST_000649,67,30783.47,533,65,9,5.1,0,18000.04,formal,store,1,0.598,1,medium,customer_risk_model,v1
CUST_000650,62,10063.6,593,115,4,5.1,1,11842.51,informal,store,0,0.3753,0,low,customer_risk_model,v1
CUST_000651,43,27299.35,631,113,3,1.3,2,7046.98,formal,store,1,0.4276,0,medium,customer_risk_model,v1
CUST_000652,51,13404.6,602,42,6,1.7,0,14873.47,informal,call_center,1,0.5866,1,medium,customer_risk_model,v1
CUST_000653,28,32092.73,649,4,11,0.1,1,8861.65,formal,app,1,0.4649,0,medium,customer_risk_model,v1
CUST_000654,59,22139.25,810,1,4,2.1,0,19954.22,self_employed,online,1,0.4063,0,medium,customer_risk_model,v1
CUST_000655,46,10887.88,762,1,3,3.8,1,4045.44,formal,call_center,1,0.4176,0,medium,customer_risk_model,v1
CUST_000656,45,14344.33,636,93,5,6.8,1,13797.42,self_employed,store,1,0.4394,0,medium,customer_risk_model,v1
CUST_000657,57,23468.27,541,89,8,1.2,2,6143.32,informal,store,0,0.5892,1,medium,customer_risk_model,v1
CUST_000658,50,25368.51,770,99,6,3.9,2,21609.1,self_employed,store,0,0.2678,0,low,customer_risk_model,v1
CUST_000659,21,17504.99,646,17,5,1.4,3,17717.41,unemployed,online,1,0.7587,1,high,customer_risk_model,v1
CUST_000660,32,18312.61,495,7,6,2.1,2,11641.7,informal,online,1,0.778,1,high,customer_risk_model,v1
CUST_000661,27,23308.47,714,21,7,7.3,2,11877.69,informal,online,1,0.5504,1,medium,customer_risk_model,v1
CUST_000662,56,18922.59,742,75,5,1.1,3,25475.2,informal,store,1,0.5023,1,medium,customer_risk_model,v1
CUST_000663,19,8945.47,432,2,11,16.8,1,18072.87,self_employed,store,1,0.8057,1,high,customer_risk_model,v1
CUST_000664,28,12309.18,576,79,13,4.6,2,5953.69,informal,store,1,0.5494,1,medium,customer_risk_model,v1
CUST_000665,49,19645.84,640,106,6,5.7,0,19477.64,self_employed,store,1,0.491,0,medium,customer_risk_model,v1
CUST_000666,54,26508.38,716,18,12,3.7,0,7498.03,formal,store,1,0.351,0,low,customer_risk_model,v1
CUST_000667,44,29311.88,604,88,6,0.4,0,13224.0,formal,online,0,0.3114,0,low,customer_risk_model,v1
CUST_000668,62,23456.71,575,66,3,0.9,0,0.0,formal,online,0,0.4306,0,medium,customer_risk_model,v1
CUST_000669,65,20011.04,715,113,4,10.7,1,18519.51,informal,store,1,0.5578,1,medium,customer_risk_model,v1
CUST_000670,24,23241.7,608,29,8,0.4,1,6642.61,self_employed,online,0,0.4344,0,medium,customer_risk_model,v1
CUST_000671,67,13332.74,699,28,7,1.0,2,10339.1,formal,store,1,0.4332,0,medium,customer_risk_model,v1
CUST_000672,49,16927.38,550,2,4,0.4,2,855.01,informal,store,1,0.6461,1,medium,customer_risk_model,v1
CUST_000673,51,12231.08,528,84,4,3.7,1,13443.06,formal,online,1,0.6282,1,medium,customer_risk_model,v1
CUST_000674,22,9258.8,718,104,4,1.5,1,12563.69,informal,app,0,0.2675,0,low,customer_risk_model,v1
CUST_000675,50,20334.84,673,3,6,1.4,0,1804.94,formal,online,0,0.3937,0,low,customer_risk_model,v1
CUST_000676,55,19298.59,733,59,7,0.6,2,12260.99,formal,store,1,0.4095,0,medium,customer_risk_model,v1
CUST_000677,48,22813.57,602,87,5,5.8,1,9878.54,informal,store,1,0.3703,0,low,customer_risk_model,v1
CUST_000678,22,21822.78,578,94,4,0.2,3,21791.55,formal,app,0,0.6019,1,medium,customer_risk_model,v1
CUST_000679,45,19698.51,772,111,9,1.1,2,6332.12,informal,store,0,0.2086,0,low,customer_risk_model,v1
CUST_000680,66,21896.32,513,87,6,0.1,0,15831.93,formal,call_center,1,0.5889,1,medium,customer_risk_model,v1
CUST_000681,55,17701.22,763,110,2,9.0,0,236.5,formal,store,1,0.3959,0,low,customer_risk_model,v1
CUST_000682,25,20890.24,769,119,9,3.9,0,12639.97,formal,store,1,0.2144,0,low,customer_risk_model,v1
CUST_000683,67,12916.99,727,111,7,10.2,2,14860.66,formal,online,0,0.3966,0,low,customer_risk_model,v1
CUST_000684,67,20587.94,588,53,6,4.4,4,15259.33,unemployed,store,1,0.7675,1,high,customer_risk_model,v1
CUST_000685,26,22678.92,577,49,9,6.7,1,11049.68,formal,online,1,0.619,1,medium,customer_risk_model,v1
CUST_000686,59,13312.23,631,51,6,20.8,2,25854.16,formal,store,1,0.7498,1,high,customer_risk_model,v1
CUST_000687,39,18362.82,533,114,4,21.2,1,9115.32,informal,app,1,0.6993,1,medium,customer_risk_model,v1
CUST_000688,48,13634.78,563,34,8,11.4,1,15853.87,formal,call_center,1,0.774,1,high,customer_risk_model,v1
CUST_000689,41,14314.45,708,90,6,0.6,3,9481.38,informal,app,0,0.3459,0,low,customer_risk_model,v1
CUST_000690,58,10125.49,708,75,7,5.1,0,5296.61,informal,online,0,0.3367,0,low,customer_risk_model,v1
CUST_000691,69,26860.42,556,8,5,15.6,1,2498.87,self_employed,store,1,0.7942,1,high,customer_risk_model,v1
CUST_000692,59,25459.8,711,58,5,1.8,2,4684.72,formal,online,1,0.4561,0,medium,customer_risk_model,v1
CUST_000693,66,21762.04,691,24,4,0.7,1,16834.5,informal,app,1,0.4326,0,medium,customer_risk_model,v1
CUST_000694,67,31805.37,786,87,6,1.7,0,22616.51,formal,app,0,0.2502,0,low,customer_risk_model,v1
CUST_000695,22,16675.28,701,54,4,0.0,3,16810.17,formal,store,1,0.489,0,medium,customer_risk_model,v1
CUST_000696,31,39222.34,745,43,4,2.0,1,9319.83,formal,online,0,0.306,0,low,customer_risk_model,v1
CUST_000697,55,16407.29,693,8,5,2.2,1,6973.67,self_employed,store,0,0.3666,0,low,customer_risk_model,v1
CUST_000698,48,19786.35,738,16,8,15.4,2,13313.99,informal,store,1,0.6357,1,medium,customer_risk_model,v1
CUST_000699,20,15215.55,534,91,5,3.1,1,3669.35,informal,online,1,0.6071,1,medium,customer_risk_model,v1
CUST_000700,22,20606.28,639,103,3,20.5,3,19070.15,formal,call_center,1,0.709,1,high,customer_risk_model,v1
CUST_000701,45,23849.3,646,35,4,4.0,4,14955.9,formal,store,1,0.667,1,medium,customer_risk_model,v1
CUST_000702,50,17202.59,628,99,6,0.6,3,4257.99,formal,store,1,0.5163,1,medium,customer_risk_model,v1
CUST_000703,26,30437.04,690,66,7,0.3,1,23930.98,formal,store,1,0.4403,0,medium,customer_risk_model,v1
CUST_000704,26,19674.04,707,42,8,2.5,0,2350.56,formal,app,1,0.3816,0,low,customer_risk_model,v1
CUST_000705,24,19893.4,685,54,2,7.2,0,12414.07,formal,store,0,0.4131,0,medium,customer_risk_model,v1
CUST_000706,47,11637.02,634,83,6,1.1,2,18670.19,formal,store,1,0.5744,1,medium,customer_risk_model,v1
CUST_000707,18,20929.49,584,109,4,5.5,0,17874.64,informal,store,0,0.4359,0,medium,customer_risk_model,v1
CUST_000708,47,17061.81,749,59,6,19.6,0,7000.04,informal,online,1,0.4932,0,medium,customer_risk_model,v1
CUST_000709,42,13742.32,681,42,9,12.9,2,8701.68,informal,store,1,0.612,1,medium,customer_risk_model,v1
CUST_000710,42,12564.68,558,91,6,6.5,0,4354.1,self_employed,store,1,0.5792,1,medium,customer_risk_model,v1
CUST_000711,53,36702.34,633,63,3,0.7,3,13750.3,formal,store,0,0.5013,1,medium,customer_risk_model,v1
CUST_000712,45,16155.66,493,47,10,0.3,1,18560.71,self_employed,online,1,0.6644,1,medium,customer_risk_model,v1
CUST_000713,55,7801.1,653,55,7,0.8,1,0.0,informal,store,0,0.441,0,medium,customer_risk_model,v1
CUST_000714,57,13112.45,632,64,8,2.1,4,16446.97,informal,store,1,0.6659,1,medium,customer_risk_model,v1
CUST_000715,65,17639.03,598,17,10,4.9,1,8064.51,self_employed,app,0,0.5079,1,medium,customer_risk_model,v1
CUST_000716,59,21826.67,793,7,8,2.9,0,11256.11,self_employed,store,0,0.269,0,low,customer_risk_model,v1
CUST_000717,44,21883.58,546,80,10,4.0,1,3481.36,informal,store,1,0.5652,1,medium,customer_risk_model,v1
CUST_000718,43,22736.3,714,21,6,3.7,0,7049.68,formal,online,0,0.3605,0,low,customer_risk_model,v1
CUST_000719,30,13485.98,847,64,7,5.8,0,27938.58,formal,store,0,0.3831,0,low,customer_risk_model,v1
CUST_000720,49,20383.08,747,94,4,2.8,0,9293.48,self_employed,store,0,0.204,0,low,customer_risk_model,v1
CUST_000721,25,11867.58,647,26,5,1.9,1,11912.91,formal,store,1,0.538,1,medium,customer_risk_model,v1
CUST_000722,66,13662.5,548,46,6,18.7,0,4681.17,formal,store,1,0.7673,1,high,customer_risk_model,v1
CUST_000723,61,11576.04,527,117,6,1.7,1,32662.8,formal,store,0,0.5785,1,medium,customer_risk_model,v1
CUST_000724,24,9681.28,613,5,3,1.2,0,15727.22,formal,app,1,0.6501,1,medium,customer_risk_model,v1
CUST_000725,58,25449.47,588,90,4,4.4,1,11827.98,informal,store,0,0.3327,0,low,customer_risk_model,v1
CUST_000726,24,22820.28,585,20,4,0.0,2,19362.92,informal,call_center,1,0.7134,1,high,customer_risk_model,v1
CUST_000727,55,24836.66,621,108,7,1.2,3,14839.82,formal,store,0,0.53,1,medium,customer_risk_model,v1
CUST_000728,22,18275.19,641,49,3,1.0,0,10623.15,formal,store,1,0.4866,0,medium,customer_risk_model,v1
CUST_000729,43,23437.65,694,1,9,4.9,1,10973.7,formal,store,0,0.3732,0,low,customer_risk_model,v1
CUST_000730,52,5670.97,539,86,5,0.1,1,0.0,informal,app,1,0.6008,1,medium,customer_risk_model,v1
CUST_000731,55,24041.61,589,18,8,0.5,0,9075.56,formal,store,1,0.5174,1,medium,customer_risk_model,v1
CUST_000732,39,19239.84,636,44,10,2.7,2,7957.43,formal,store,1,0.5954,1,medium,customer_risk_model,v1
CUST_000733,65,22389.77,632,60,4,1.3,1,14568.45,formal,store,1,0.4587,0,medium,customer_risk_model,v1
CUST_000734,58,20660.16,815,89,4,2.1,0,10306.11,formal,store,0,0.1894,0,low,customer_risk_model,v1
CUST_000735,28,11090.61,671,50,8,2.5,3,17486.36,formal,online,1,0.7013,1,high,customer_risk_model,v1
CUST_000736,52,7513.72,505,103,4,0.7,4,12797.78,informal,store,1,0.6657,1,medium,customer_risk_model,v1
CUST_000737,55,13015.62,688,58,5,1.7,0,5270.11,self_employed,store,1,0.431,0,medium,customer_risk_model,v1
CUST_000738,35,21954.42,699,41,5,3.3,1,23909.97,formal,call_center,1,0.4836,0,medium,customer_risk_model,v1
CUST_000739,56,22830.64,639,41,4,1.2,1,8907.07,formal,store,1,0.4926,0,medium,customer_risk_model,v1
CUST_000740,64,8424.4,541,96,8,12.0,0,16433.94,self_employed,store,1,0.7868,1,high,customer_risk_model,v1
CUST_000741,60,11132.3,808,80,6,0.5,2,1511.36,self_employed,online,1,0.4041,0,medium,customer_risk_model,v1
CUST_000742,57,12937.35,554,16,8,5.4,3,18161.12,informal,app,1,0.8628,1,high,customer_risk_model,v1
CUST_000743,50,15498.86,709,90,5,7.7,2,0.0,formal,store,0,0.3371,0,low,customer_risk_model,v1
CUST_000744,32,8465.64,668,50,7,0.0,3,27496.75,formal,app,1,0.7167,1,high,customer_risk_model,v1
CUST_000745,59,8045.64,704,42,7,2.6,1,17477.75,unemployed,store,1,0.5732,1,medium,customer_risk_model,v1
CUST_000746,36,12247.15,804,12,10,2.4,2,10259.83,formal,store,0,0.4168,0,medium,customer_risk_model,v1
CUST_000747,45,18603.78,701,119,9,1.9,0,16571.13,formal,online,0,0.353,0,low,customer_risk_model,v1
CUST_000748,34,9735.84,600,7,6,9.8,1,1860.9,formal,app,1,0.6447,1,medium,customer_risk_model,v1
CUST_000749,34,17189.38,750,119,5,6.3,2,10381.65,formal,store,1,0.3157,0,low,customer_risk_model,v1
CUST_000750,26,25409.87,593,8,10,0.1,2,17959.6,formal,online,1,0.6234,1,medium,customer_risk_model,v1
CUST_000751,67,8887.54,665,61,5,1.4,0,16584.38,informal,app,1,0.5366,1,medium,customer_risk_model,v1
CUST_000752,25,16554.88,534,13,12,2.0,0,11938.05,formal,store,0,0.5742,1,medium,customer_risk_model,v1
CUST_000753,22,25173.3,557,59,8,17.0,1,14524.5,formal,store,0,0.6713,1,medium,customer_risk_model,v1
CUST_000754,66,15072.12,655,100,9,6.8,2,20645.31,formal,store,1,0.5955,1,medium,customer_risk_model,v1
CUST_000755,46,13984.31,683,71,7,4.5,1,17784.15,informal,store,1,0.5247,1,medium,customer_risk_model,v1
CUST_000756,40,26144.47,497,65,1,2.1,3,0.0,self_employed,store,1,0.5687,1,medium,customer_risk_model,v1
CUST_000757,56,15856.59,695,15,9,0.5,3,11937.88,formal,app,1,0.5553,1,medium,customer_risk_model,v1
CUST_000758,37,25731.47,576,113,5,1.2,1,12149.3,formal,store,1,0.4074,0,medium,customer_risk_model,v1
CUST_000759,24,21002.76,765,45,7,3.4,2,1996.06,self_employed,online,0,0.3816,0,low,customer_risk_model,v1
CUST_000760,55,15600.09,618,65,4,13.8,2,3553.61,formal,app,1,0.658,1,medium,customer_risk_model,v1
CUST_000761,27,21357.83,549,107,9,3.5,1,23978.0,formal,store,0,0.4349,0,medium,customer_risk_model,v1
CUST_000762,46,20243.15,657,75,5,5.4,3,6192.01,formal,online,1,0.5889,1,medium,customer_risk_model,v1
CUST_000763,67,25146.18,568,88,11,11.7,1,8612.57,formal,online,0,0.4697,0,medium,customer_risk_model,v1
CUST_000764,66,14161.58,764,22,6,2.9,0,5602.41,informal,store,0,0.3337,0,low,customer_risk_model,v1
CUST_000765,36,18288.44,650,55,4,5.0,4,15306.39,formal,store,0,0.5711,1,medium,customer_risk_model,v1
CUST_000766,58,17569.39,636,65,4,7.8,1,14234.86,formal,store,1,0.5646,1,medium,customer_risk_model,v1
CUST_000767,49,22929.04,703,21,3,9.6,1,27507.53,informal,app,0,0.4806,0,medium,customer_risk_model,v1
CUST_000768,42,10823.75,560,46,11,6.2,3,7707.79,formal,store,1,0.737,1,high,customer_risk_model,v1
CUST_000769,25,25118.84,534,99,0,1.2,1,16188.72,self_employed,store,0,0.5433,1,medium,customer_risk_model,v1
CUST_000770,37,21264.3,687,111,5,3.4,1,0.0,formal,store,0,0.2781,0,low,customer_risk_model,v1
CUST_000771,51,8781.52,551,98,7,0.6,1,654.11,formal,store,0,0.4973,0,medium,customer_risk_model,v1
CUST_000772,69,26457.84,551,112,8,2.3,0,22652.09,self_employed,store,1,0.5476,1,medium,customer_risk_model,v1
CUST_000773,18,33638.65,725,119,8,5.9,0,20840.65,formal,online,0,0.24,0,low,customer_risk_model,v1
CUST_000774,55,25012.84,697,24,3,2.4,0,15551.14,formal,call_center,0,0.4225,0,medium,customer_risk_model,v1
CUST_000775,62,27988.89,537,102,9,1.8,2,21012.38,informal,store,0,0.5648,1,medium,customer_risk_model,v1
CUST_000776,67,18597.6,594,74,2,2.7,1,3394.6,formal,online,1,0.4539,0,medium,customer_risk_model,v1
CUST_000777,40,6369.47,569,103,7,0.2,1,25221.26,formal,store,1,0.5754,1,medium,customer_risk_model,v1
CUST_000778,24,5091.16,810,76,9,16.6,1,3721.14,formal,app,1,0.5449,1,medium,customer_risk_model,v1
CUST_000779,32,19785.57,732,15,3,2.0,2,14593.33,informal,store,1,0.4674,0,medium,customer_risk_model,v1
CUST_000780,62,13856.15,612,67,10,1.1,2,34175.3,informal,online,1,0.7201,1,high,customer_risk_model,v1
CUST_000781,63,11597.97,702,91,7,2.0,5,4943.69,formal,call_center,1,0.4518,0,medium,customer_risk_model,v1
CUST_000782,51,17560.77,528,15,14,1.1,0,22787.62,informal,app,1,0.674,1,medium,customer_risk_model,v1
CUST_000783,24,22309.1,589,61,8,0.6,1,19731.07,self_employed,store,0,0.4704,0,medium,customer_risk_model,v1
CUST_000784,24,7830.7,659,78,3,5.3,0,7730.95,unemployed,store,1,0.5127,1,medium,customer_risk_model,v1
CUST_000785,42,14857.86,691,56,3,5.7,0,28720.24,informal,store,1,0.5688,1,medium,customer_risk_model,v1
CUST_000786,48,28569.09,641,96,9,2.0,1,4706.71,formal,online,0,0.2931,0,low,customer_risk_model,v1
CUST_000787,19,10472.98,672,16,8,0.3,2,11706.98,informal,online,0,0.5257,1,medium,customer_risk_model,v1
CUST_000788,53,24088.33,657,42,5,13.2,0,17132.29,self_employed,online,1,0.6025,1,medium,customer_risk_model,v1
CUST_000789,46,14606.88,635,114,5,1.8,2,11235.44,formal,store,0,0.3968,0,low,customer_risk_model,v1
CUST_000790,18,21820.56,623,62,4,3.4,1,36867.89,formal,online,0,0.4529,0,medium,customer_risk_model,v1
CUST_000791,22,25681.29,612,22,6,2.5,0,1935.03,formal,store,0,0.4234,0,medium,customer_risk_model,v1
CUST_000792,41,23188.97,671,14,3,0.1,4,24943.44,unemployed,store,1,0.6784,1,medium,customer_risk_model,v1
CUST_000793,55,24364.12,687,71,14,10.9,3,0.0,self_employed,store,1,0.5522,1,medium,customer_risk_model,v1
CUST_000794,60,9938.85,668,111,8,1.1,3,0.0,formal,online,0,0.4069,0,medium,customer_risk_model,v1
CUST_000795,40,25795.62,544,6,4,2.7,1,12423.44,self_employed,store,1,0.7024,1,high,customer_risk_model,v1
CUST_000796,33,12031.15,560,14,8,2.2,0,17896.45,informal,online,1,0.676,1,medium,customer_risk_model,v1
CUST_000797,68,19816.79,686,45,11,4.9,1,23920.65,self_employed,app,0,0.5653,1,medium,customer_risk_model,v1
CUST_000798,41,19807.72,782,25,9,3.3,2,24866.88,self_employed,online,1,0.5389,1,medium,customer_risk_model,v1
CUST_000799,34,21395.86,664,15,5,2.3,2,13599.87,formal,online,1,0.5981,1,medium,customer_risk_model,v1
CUST_000800,41,20358.7,613,36,6,1.6,0,15986.93,formal,app,1,0.5582,1,medium,customer_risk_model,v1
CUST_000801,18,12093.33,670,77,8,9.2,2,13943.77,formal,call_center,1,0.582,1,medium,customer_risk_model,v1
CUST_000802,33,8550.93,548,99,4,0.5,2,24207.54,informal,store,1,0.6776,1,medium,customer_risk_model,v1
CUST_000803,44,24106.44,768,37,3,0.0,1,2116.56,informal,store,0,0.3396,0,low,customer_risk_model,v1
CUST_000804,65,19300.84,667,84,3,0.4,2,6681.75,formal,store,1,0.4369,0,medium,customer_risk_model,v1
CUST_000805,56,26045.64,590,98,3,4.9,3,18849.24,formal,store,1,0.5737,1,medium,customer_risk_model,v1
CUST_000806,58,17686.87,635,1,8,3.3,1,20422.24,formal,store,1,0.6026,1,medium,customer_risk_model,v1
CUST_000807,46,8163.85,603,102,4,0.1,1,22766.28,formal,online,0,0.5335,1,medium,customer_risk_model,v1
CUST_000808,23,24762.91,768,22,6,1.8,2,11435.87,self_employed,app,0,0.3242,0,low,customer_risk_model,v1
CUST_000809,38,15407.41,632,82,6,10.7,0,8015.11,informal,app,1,0.4313,0,medium,customer_risk_model,v1
CUST_000810,69,20394.02,664,90,3,2.2,1,17630.42,informal,store,1,0.4881,0,medium,customer_risk_model,v1
CUST_000811,20,13467.78,702,101,5,6.3,1,3225.79,formal,store,0,0.3125,0,low,customer_risk_model,v1
CUST_000812,63,29510.11,583,49,2,9.9,0,25330.18,formal,call_center,0,0.572,1,medium,customer_risk_model,v1
CUST_000813,53,11864.05,667,79,5,17.2,0,7976.62,formal,online,1,0.5668,1,medium,customer_risk_model,v1
CUST_000814,32,15637.99,675,4,3,1.2,1,9786.49,formal,call_center,1,0.5699,1,medium,customer_risk_model,v1
CUST_000815,58,18752.14,510,54,7,1.5,0,18010.32,informal,store,1,0.6824,1,medium,customer_risk_model,v1
CUST_000816,61,10354.72,673,115,11,1.8,1,6189.6,informal,store,1,0.3739,0,low,customer_risk_model,v1
CUST_000817,20,20313.64,646,19,7,6.6,1,2805.58,formal,store,1,0.5613,1,medium,customer_risk_model,v1
CUST_000818,23,29283.37,662,18,6,2.1,0,21222.13,formal,app,1,0.5018,1,medium,customer_risk_model,v1
CUST_000819,52,14566.76,653,84,6,3.9,0,3655.43,informal,store,1,0.3992,0,low,customer_risk_model,v1
CUST_000820,69,20766.0,673,61,5,23.1,0,14078.64,unemployed,store,1,0.6261,1,medium,customer_risk_model,v1
CUST_000821,19,4000.0,770,55,8,4.6,0,12172.15,formal,app,0,0.4105,0,medium,customer_risk_model,v1
CUST_000822,52,17727.5,544,30,10,0.6,1,0.0,informal,store,1,0.5765,1,medium,customer_risk_model,v1
CUST_000823,25,15808.7,619,21,9,0.3,1,3626.09,formal,store,0,0.5004,1,medium,customer_risk_model,v1
CUST_000824,51,12270.52,710,88,10,3.9,0,14837.13,informal,app,1,0.3798,0,low,customer_risk_model,v1
CUST_000825,50,25570.15,693,43,8,1.0,1,21863.92,informal,store,0,0.3551,0,low,customer_risk_model,v1
CUST_000826,22,15716.29,691,93,12,6.0,0,5902.82,informal,store,1,0.3674,0,low,customer_risk_model,v1
CUST_000827,53,16757.66,850,53,6,7.0,2,4912.26,formal,store,0,0.4121,0,medium,customer_risk_model,v1
CUST_000828,64,15359.65,705,48,8,3.0,0,17050.9,formal,call_center,1,0.5371,1,medium,customer_risk_model,v1
CUST_000829,62,4582.29,752,28,5,3.2,0,18414.73,self_employed,online,0,0.4774,0,medium,customer_risk_model,v1
CUST_000830,19,10076.09,622,79,6,2.5,2,19472.17,formal,call_center,1,0.5436,1,medium,customer_risk_model,v1
CUST_000831,30,24727.65,561,34,4,9.6,0,13766.3,formal,app,1,0.6659,1,medium,customer_risk_model,v1
CUST_000832,30,4000.0,622,109,4,0.8,0,7756.19,formal,app,1,0.4845,0,medium,customer_risk_model,v1
CUST_000833,41,12635.79,714,49,5,0.4,0,18269.57,self_employed,store,0,0.4466,0,medium,customer_risk_model,v1
CUST_000834,25,15201.96,687,97,9,1.8,0,11328.76,formal,store,0,0.3324,0,low,customer_risk_model,v1
CUST_000835,62,30205.35,686,56,11,5.7,1,17368.02,formal,store,0,0.4264,0,medium,customer_risk_model,v1
CUST_000836,58,23380.23,631,50,3,1.0,1,7849.71,formal,online,0,0.4135,0,medium,customer_risk_model,v1
CUST_000837,60,14099.81,616,54,5,1.4,2,10320.5,formal,call_center,0,0.5601,1,medium,customer_risk_model,v1
CUST_000838,28,27131.6,634,53,5,1.4,0,16283.21,informal,store,1,0.497,0,medium,customer_risk_model,v1
CUST_000839,18,12816.39,715,57,4,1.1,1,0.0,formal,store,0,0.3822,0,low,customer_risk_model,v1
CUST_000840,65,25063.7,726,106,8,3.1,1,22709.84,formal,store,0,0.2743,0,low,customer_risk_model,v1
CUST_000841,33,8487.86,559,84,8,1.1,1,11596.97,formal,online,1,0.5906,1,medium,customer_risk_model,v1
CUST_000842,52,25512.8,719,5,7,2.2,2,0.0,self_employed,call_center,1,0.4383,0,medium,customer_risk_model,v1
CUST_000843,65,15157.06,591,7,2,1.7,2,13351.97,informal,online,0,0.58,1,medium,customer_risk_model,v1
CUST_000844,19,10800.47,692,3,6,15.9,1,8533.7,self_employed,app,1,0.6045,1,medium,customer_risk_model,v1
CUST_000845,18,16479.99,633,83,6,4.2,3,3661.45,formal,store,1,0.5419,1,medium,customer_risk_model,v1
CUST_000846,18,19941.41,791,25,6,3.2,0,27662.27,formal,store,1,0.4515,0,medium,customer_risk_model,v1
CUST_000847,26,14536.76,612,46,5,18.5,1,18696.01,formal,store,0,0.6562,1,medium,customer_risk_model,v1
CUST_000848,20,21877.67,666,99,4,2.8,1,10736.38,formal,store,0,0.309,0,low,customer_risk_model,v1
CUST_000849,60,13919.04,705,16,9,17.7,1,12435.69,formal,app,0,0.5907,1,medium,customer_risk_model,v1
CUST_000850,49,22342.61,571,19,6,2.0,2,14136.67,formal,online,0,0.7049,1,high,customer_risk_model,v1
CUST_000851,68,21095.55,643,10,2,20.8,2,0.0,self_employed,store,1,0.7438,1,high,customer_risk_model,v1
CUST_000852,59,17573.54,626,34,7,3.2,0,33030.52,formal,store,1,0.676,1,medium,customer_risk_model,v1
CUST_000853,68,14910.32,604,11,3,0.7,1,12355.84,formal,online,0,0.4968,0,medium,customer_risk_model,v1
CUST_000854,30,19060.79,610,75,6,8.9,0,26467.78,formal,app,1,0.6043,1,medium,customer_risk_model,v1
CUST_000855,32,21851.78,750,88,5,5.5,2,5215.39,self_employed,store,1,0.2875,0,low,customer_risk_model,v1
CUST_000856,62,32432.59,596,22,3,0.8,0,16694.05,unemployed,store,1,0.5457,1,medium,customer_risk_model,v1
CUST_000857,30,24575.94,701,63,6,1.2,1,2531.78,formal,store,1,0.3632,0,low,customer_risk_model,v1
CUST_000858,20,24831.93,678,37,5,5.5,2,0.0,unemployed,store,1,0.5591,1,medium,customer_risk_model,v1
CUST_000859,52,39619.59,524,10,9,4.5,2,19234.84,formal,store,1,0.7303,1,high,customer_risk_model,v1
CUST_000860,59,21611.71,697,56,4,9.4,1,13559.62,informal,app,1,0.4649,0,medium,customer_risk_model,v1
CUST_000861,68,21392.5,523,83,4,7.0,0,7757.92,informal,call_center,1,0.6198,1,medium,customer_risk_model,v1
CUST_000862,66,22928.11,707,28,9,5.5,2,0.0,self_employed,online,1,0.481,0,medium,customer_risk_model,v1
CUST_000863,24,10937.24,604,94,6,2.2,0,8235.53,formal,app,1,0.4619,0,medium,customer_risk_model,v1
CUST_000864,58,14892.69,651,119,6,1.5,1,14188.9,informal,store,1,0.4075,0,medium,customer_risk_model,v1
CUST_000865,61,14456.82,534,7,4,3.0,1,3381.56,informal,online,0,0.565,1,medium,customer_risk_model,v1
CUST_000866,54,22533.3,661,20,4,9.3,0,13054.98,formal,app,0,0.4871,0,medium,customer_risk_model,v1
CUST_000867,60,16780.78,733,35,6,8.0,3,6922.36,self_employed,app,0,0.4557,0,medium,customer_risk_model,v1
CUST_000868,61,18967.56,577,102,8,1.6,1,2386.42,self_employed,store,0,0.3722,0,low,customer_risk_model,v1
CUST_000869,41,25612.18,595,17,9,3.0,2,10861.53,informal,app,1,0.5991,1,medium,customer_risk_model,v1
CUST_000870,20,24042.06,691,56,7,16.6,2,0.0,self_employed,store,1,0.5478,1,medium,customer_risk_model,v1
CUST_000871,41,16867.95,693,64,13,15.4,0,16011.44,informal,store,0,0.6235,1,medium,customer_risk_model,v1
CUST_000872,28,13310.03,431,16,6,7.1,0,12786.81,informal,store,1,0.7886,1,high,customer_risk_model,v1
CUST_000873,23,25946.92,831,5,2,4.4,2,16839.26,informal,store,1,0.4746,0,medium,customer_risk_model,v1
CUST_000874,24,23417.24,698,15,4,2.8,3,21028.78,informal,store,0,0.4704,0,medium,customer_risk_model,v1
CUST_000875,54,6756.2,713,7,11,1.1,0,9978.41,formal,app,1,0.4431,0,medium,customer_risk_model,v1
CUST_000876,44,15807.92,637,60,7,4.6,3,0.0,formal,store,0,0.5453,1,medium,customer_risk_model,v1
CUST_000877,46,19158.61,483,112,5,0.3,1,9946.14,formal,store,0,0.5124,1,medium,customer_risk_model,v1
CUST_000878,56,23451.81,711,43,6,10.8,2,2839.69,informal,app,1,0.5706,1,medium,customer_risk_model,v1
CUST_000879,46,24370.71,599,31,3,12.5,0,23461.53,formal,online,0,0.5836,1,medium,customer_risk_model,v1
CUST_000880,50,19987.34,699,28,6,3.5,0,9033.49,formal,app,0,0.3402,0,low,customer_risk_model,v1
CUST_000881,22,22096.73,630,117,8,8.6,2,18730.72,formal,store,1,0.5912,1,medium,customer_risk_model,v1
CUST_000882,62,18448.96,671,115,11,3.6,4,23688.09,self_employed,store,1,0.5966,1,medium,customer_risk_model,v1
CUST_000883,41,13283.04,580,78,6,13.2,0,6018.23,self_employed,store,1,0.5906,1,medium,customer_risk_model,v1
CUST_000884,26,16171.15,728,56,5,12.4,0,12604.03,formal,app,0,0.4617,0,medium,customer_risk_model,v1
CUST_000885,60,18132.94,543,20,3,0.8,1,12313.88,informal,store,1,0.6812,1,medium,customer_risk_model,v1
CUST_000886,56,17757.25,850,111,8,7.1,0,29650.15,informal,store,0,0.3828,0,low,customer_risk_model,v1
CUST_000887,20,4800.99,850,1,8,2.4,0,22128.94,formal,store,1,0.5476,1,medium,customer_risk_model,v1
CUST_000888,28,15217.62,797,20,8,4.4,1,3486.15,formal,store,1,0.414,0,medium,customer_risk_model,v1
CUST_000889,18,18393.44,765,81,7,5.0,2,7114.67,formal,online,0,0.2993,0,low,customer_risk_model,v1
CUST_000890,32,16030.41,642,22,6,0.4,2,8288.75,formal,store,0,0.5515,1,medium,customer_risk_model,v1
CUST_000891,23,16272.23,755,13,9,3.4,3,5501.84,formal,store,1,0.5222,1,medium,customer_risk_model,v1
CUST_000892,54,21415.94,641,71,6,2.2,2,9468.13,formal,call_center,1,0.5404,1,medium,customer_risk_model,v1
CUST_000893,45,10447.3,510,4,9,13.6,1,7760.17,unemployed,store,0,0.7148,1,high,customer_risk_model,v1
CUST_000894,68,6603.7,785,33,13,3.4,0,12290.67,formal,store,0,0.422,0,medium,customer_risk_model,v1
CUST_000895,56,15562.81,752,77,9,4.9,0,11078.3,formal,online,0,0.3012,0,low,customer_risk_model,v1
CUST_000896,49,23348.8,647,23,3,4.3,0,21229.77,formal,online,0,0.5024,1,medium,customer_risk_model,v1
CUST_000897,44,29812.87,540,91,3,10.9,0,5905.84,formal,store,1,0.568,1,medium,customer_risk_model,v1
CUST_000898,20,23474.9,597,12,4,2.1,1,0.0,formal,store,1,0.5695,1,medium,customer_risk_model,v1
CUST_000899,21,7722.15,486,73,5,9.0,0,8053.98,formal,call_center,1,0.7438,1,high,customer_risk_model,v1
CUST_000900,50,16373.43,735,10,5,4.0,3,7094.08,formal,app,0,0.4946,0,medium,customer_risk_model,v1
CUST_000901,18,19796.44,506,88,9,8.6,2,23786.45,formal,store,1,0.6895,1,medium,customer_risk_model,v1
CUST_000902,20,19243.14,676,90,8,3.6,2,18763.11,informal,store,0,0.3774,0,low,customer_risk_model,v1
CUST_000903,29,21775.13,574,95,7,3.5,0,22382.89,self_employed,store,0,0.4071,0,medium,customer_risk_model,v1
CUST_000904,63,11580.66,522,34,4,9.7,1,19700.61,formal,call_center,1,0.8683,1,high,customer_risk_model,v1
CUST_000905,41,18454.6,671,29,8,6.9,0,0.0,formal,call_center,0,0.4561,0,medium,customer_risk_model,v1
CUST_000906,54,20942.26,620,117,8,0.4,2,5179.64,formal,store,0,0.3909,0,low,customer_risk_model,v1
CUST_000907,39,23779.7,725,87,5,0.1,1,11.09,formal,online,1,0.2752,0,low,customer_risk_model,v1
CUST_000908,27,12359.97,536,22,5,1.1,1,24536.85,formal,store,0,0.6984,1,medium,customer_risk_model,v1
CUST_000909,37,15583.9,582,4,7,4.5,1,18720.13,formal,online,1,0.7153,1,high,customer_risk_model,v1
CUST_000910,22,4000.0,435,43,5,8.7,1,15186.38,self_employed,store,1,0.8176,1,high,customer_risk_model,v1
CUST_000911,58,13649.77,453,80,7,1.4,1,7450.16,informal,store,1,0.6141,1,medium,customer_risk_model,v1
CUST_000912,27,14329.1,812,45,7,2.1,4,8353.51,self_employed,store,0,0.4057,0,medium,customer_risk_model,v1
CUST_000913,37,10862.91,838,97,4,0.2,3,5119.03,formal,app,0,0.2955,0,low,customer_risk_model,v1
CUST_000914,68,19159.29,658,60,8,6.9,1,17198.97,self_employed,store,1,0.611,1,medium,customer_risk_model,v1
CUST_000915,48,17608.38,576,118,6,1.8,1,12829.39,formal,store,1,0.4547,0,medium,customer_risk_model,v1
CUST_000916,41,4000.0,623,104,4,6.2,1,17550.4,formal,online,0,0.4589,0,medium,customer_risk_model,v1
CUST_000917,46,19508.56,729,57,10,7.4,1,15348.76,formal,store,1,0.4496,0,medium,customer_risk_model,v1
CUST_000918,58,11501.73,604,100,7,3.1,0,18604.35,self_employed,store,1,0.5682,1,medium,customer_risk_model,v1
CUST_000919,31,21399.82,671,54,6,12.9,1,16132.44,self_employed,store,0,0.4946,0,medium,customer_risk_model,v1
CUST_000920,51,9027.04,649,2,9,3.1,1,20816.78,formal,store,0,0.5935,1,medium,customer_risk_model,v1
CUST_000921,63,18210.05,599,37,7,0.8,1,17917.96,unemployed,store,1,0.6497,1,medium,customer_risk_model,v1
CUST_000922,47,16017.86,603,49,3,0.3,2,7885.91,formal,app,0,0.5434,1,medium,customer_risk_model,v1
CUST_000923,41,20121.71,676,117,9,10.3,2,15914.06,formal,online,1,0.5295,1,medium,customer_risk_model,v1
CUST_000924,25,18872.88,562,99,3,1.1,1,14474.23,formal,online,0,0.4844,0,medium,customer_risk_model,v1
CUST_000925,30,16213.85,691,18,1,2.7,1,10475.82,informal,store,0,0.4215,0,medium,customer_risk_model,v1
CUST_000926,67,7246.09,608,1,10,8.3,3,11861.89,informal,online,1,0.77,1,high,customer_risk_model,v1
CUST_000927,46,7659.54,661,63,9,2.7,0,20054.74,self_employed,store,0,0.4895,0,medium,customer_risk_model,v1
CUST_000928,33,13912.79,775,64,9,1.6,1,16327.22,self_employed,app,0,0.3613,0,low,customer_risk_model,v1
CUST_000929,39,17942.04,635,88,2,8.2,1,19444.92,informal,online,1,0.6272,1,medium,customer_risk_model,v1
CUST_000930,48,13742.26,733,31,9,20.3,2,12321.55,formal,online,1,0.5973,1,medium,customer_risk_model,v1
CUST_000931,45,22376.48,489,97,11,2.6,2,21198.57,formal,store,0,0.5181,1,medium,customer_risk_model,v1
CUST_000932,54,16045.45,608,50,7,4.6,0,18188.02,formal,store,1,0.6288,1,medium,customer_risk_model,v1
CUST_000933,31,11244.91,652,40,6,7.2,5,5550.25,formal,store,1,0.6696,1,medium,customer_risk_model,v1
CUST_000934,51,16053.33,823,51,6,5.0,1,9136.03,informal,store,0,0.3292,0,low,customer_risk_model,v1
CUST_000935,41,19581.02,474,113,4,4.6,0,5202.36,formal,store,1,0.584,1,medium,customer_risk_model,v1
CUST_000936,66,20274.19,641,47,1,1.1,1,3364.22,formal,store,1,0.4778,0,medium,customer_risk_model,v1
CUST_000937,26,31148.65,781,67,5,0.0,3,33437.14,formal,store,0,0.4458,0,medium,customer_risk_model,v1
CUST_000938,25,13317.63,579,107,12,4.1,1,25344.85,self_employed,online,1,0.5086,1,medium,customer_risk_model,v1
CUST_000939,42,17485.65,631,3,5,7.3,0,21245.39,informal,store,1,0.6764,1,medium,customer_risk_model,v1
CUST_000940,44,20982.87,680,64,9,1.4,1,15591.9,formal,call_center,1,0.4902,0,medium,customer_risk_model,v1
CUST_000941,53,17836.04,667,85,6,1.8,1,7663.65,formal,online,1,0.4048,0,medium,customer_risk_model,v1
CUST_000942,39,14495.67,791,108,9,3.9,2,3134.36,formal,store,1,0.2798,0,low,customer_risk_model,v1
CUST_000943,65,7155.2,690,8,10,1.9,2,10321.78,self_employed,store,0,0.3859,0,low,customer_risk_model,v1
CUST_000944,42,14424.16,769,87,7,5.4,1,6237.59,formal,store,0,0.2762,0,low,customer_risk_model,v1
CUST_000945,24,10484.08,618,96,6,0.3,3,17710.84,formal,store,1,0.6131,1,medium,customer_risk_model,v1
CUST_000946,24,5913.75,583,42,3,1.7,0,13216.47,formal,store,1,0.6166,1,medium,customer_risk_model,v1
CUST_000947,68,12430.25,630,89,5,4.2,0,18850.35,formal,store,1,0.5767,1,medium,customer_risk_model,v1
CUST_000948,24,10670.36,546,59,8,7.0,3,13939.14,formal,store,1,0.8153,1,high,customer_risk_model,v1
CUST_000949,67,22086.51,694,79,2,10.7,4,0.0,self_employed,store,0,0.5063,1,medium,customer_risk_model,v1
CUST_000950,32,22207.64,615,47,7,2.7,1,10620.88,informal,store,1,0.4873,0,medium,customer_risk_model,v1
CUST_000951,22,11672.84,590,22,2,9.9,0,15100.48,formal,online,1,0.6106,1,medium,customer_risk_model,v1
CUST_000952,33,16178.4,695,99,9,2.9,1,14199.12,formal,app,1,0.3622,0,low,customer_risk_model,v1
CUST_000953,49,4992.3,547,26,5,20.0,0,7562.95,formal,store,1,0.7989,1,high,customer_risk_model,v1
CUST_000954,40,14539.62,719,23,7,6.1,1,8079.86,formal,store,0,0.4151,0,medium,customer_risk_model,v1
CUST_000955,58,20792.87,607,106,2,6.5,2,6679.53,formal,call_center,0,0.4694,0,medium,customer_risk_model,v1
CUST_000956,49,23774.57,754,112,5,1.5,0,0.0,formal,app,0,0.1737,0,low,customer_risk_model,v1
CUST_000957,38,13008.67,615,73,5,9.5,0,11767.38,formal,store,0,0.4813,0,medium,customer_risk_model,v1
CUST_000958,51,25362.98,707,70,3,20.8,0,18233.19,formal,store,1,0.4878,0,medium,customer_risk_model,v1
CUST_000959,68,7390.16,666,43,4,4.4,0,8194.08,formal,store,1,0.4606,0,medium,customer_risk_model,v1
CUST_000960,39,9266.61,717,73,3,3.0,2,2064.29,self_employed,online,1,0.4445,0,medium,customer_risk_model,v1
CUST_000961,25,22967.63,660,73,2,0.4,1,19954.92,informal,app,1,0.4734,0,medium,customer_risk_model,v1
CUST_000962,39,29697.85,500,62,7,4.1,2,22902.03,formal,store,1,0.6699,1,medium,customer_risk_model,v1
CUST_000963,61,21454.02,741,78,4,2.6,2,8476.2,formal,online,0,0.2949,0,low,customer_risk_model,v1
CUST_000964,29,17717.6,642,66,7,11.2,3,4497.01,formal,online,1,0.7214,1,high,customer_risk_model,v1
CUST_000965,67,4000.0,721,105,5,5.6,1,10841.23,formal,store,1,0.3439,0,low,customer_risk_model,v1
CUST_000966,48,4000.0,712,80,5,4.3,1,14246.87,informal,store,1,0.3991,0,low,customer_risk_model,v1
CUST_000967,49,18905.87,580,46,9,7.2,2,8404.09,formal,store,1,0.6844,1,medium,customer_risk_model,v1
CUST_000968,34,15493.56,568,78,6,5.0,1,0.0,informal,store,1,0.5455,1,medium,customer_risk_model,v1
CUST_000969,65,10259.15,709,28,7,0.3,2,19685.31,formal,store,1,0.6196,1,medium,customer_risk_model,v1
CUST_000970,19,18458.73,623,26,8,1.8,4,13937.51,formal,store,1,0.7196,1,high,customer_risk_model,v1
CUST_000971,33,18805.92,734,99,7,1.6,1,24390.76,informal,call_center,1,0.3419,0,low,customer_risk_model,v1
CUST_000972,39,24610.91,634,70,6,10.8,1,12338.61,informal,store,0,0.5035,1,medium,customer_risk_model,v1
CUST_000973,42,18956.22,742,7,9,6.7,1,23778.43,self_employed,store,1,0.4796,0,medium,customer_risk_model,v1
CUST_000974,42,26598.76,688,43,7,12.5,3,10188.6,formal,online,1,0.5466,1,medium,customer_risk_model,v1
CUST_000975,25,18055.96,676,118,7,4.0,1,7165.74,unemployed,call_center,1,0.4327,0,medium,customer_risk_model,v1
CUST_000976,29,17192.66,616,76,5,5.5,5,7998.18,formal,online,1,0.6881,1,medium,customer_risk_model,v1
CUST_000977,22,25450.19,671,104,6,0.5,1,26594.1,unemployed,app,1,0.4633,0,medium,customer_risk_model,v1
CUST_000978,47,11150.91,757,66,8,9.2,2,10499.24,formal,store,0,0.4036,0,medium,customer_risk_model,v1
CUST_000979,36,37701.13,645,6,3,6.2,1,24652.72,unemployed,store,1,0.7066,1,high,customer_risk_model,v1
CUST_000980,47,20626.8,698,22,6,16.9,2,8308.82,unemployed,call_center,0,0.5961,1,medium,customer_risk_model,v1
CUST_000981,48,20665.8,654,11,5,1.3,1,923.12,formal,call_center,0,0.5135,1,medium,customer_risk_model,v1
CUST_000982,54,21675.67,661,88,6,6.6,1,17591.54,formal,store,1,0.4569,0,medium,customer_risk_model,v1
CUST_000983,46,31139.96,805,91,8,4.6,1,6868.77,informal,app,0,0.1812,0,low,customer_risk_model,v1
CUST_000984,51,23547.55,758,55,4,6.7,3,14429.3,formal,store,1,0.5127,1,medium,customer_risk_model,v1
CUST_000985,48,6764.61,657,87,7,2.6,1,13608.08,formal,store,0,0.4004,0,medium,customer_risk_model,v1
CUST_000986,51,27824.29,669,66,4,0.7,0,13489.76,unemployed,online,1,0.5133,1,medium,customer_risk_model,v1
CUST_000987,50,15613.72,587,89,3,1.5,0,25188.58,informal,store,1,0.5777,1,medium,customer_risk_model,v1
CUST_000988,34,18750.09,634,81,6,11.5,3,14018.27,informal,store,1,0.651,1,medium,customer_risk_model,v1
CUST_000989,30,9045.22,678,55,6,13.3,1,12956.57,self_employed,store,1,0.608,1,medium,customer_risk_model,v1
CUST_000990,58,21683.41,727,78,1,1.1,1,9161.84,informal,online,0,0.2483,0,low,customer_risk_model,v1
CUST_000991,35,13440.38,717,38,7,9.3,0,16303.25,informal,store,1,0.5767,1,medium,customer_risk_model,v1
CUST_000992,46,18701.19,550,90,5,2.7,1,15568.09,informal,store,1,0.6034,1,medium,customer_risk_model,v1
CUST_000993,28,16011.31,738,109,6,1.3,0,8788.39,formal,call_center,0,0.2569,0,low,customer_risk_model,v1
CUST_000994,40,31475.09,642,25,6,11.4,1,19537.43,formal,call_center,0,0.6655,1,medium,customer_risk_model,v1
CUST_000995,45,31875.82,561,80,3,6.5,0,10362.93,informal,app,1,0.4857,0,medium,customer_risk_model,v1
CUST_000996,50,18325.59,770,14,7,8.0,1,16641.27,informal,online,1,0.5058,1,medium,customer_risk_model,v1
CUST_000997,45,18447.84,782,45,4,2.6,3,1390.85,formal,call_center,0,0.5006,1,medium,customer_risk_model,v1
CUST_000998,36,15385.9,674,80,5,6.0,0,19308.75,formal,app,0,0.4324,0,medium,customer_risk_model,v1
CUST_000999,68,25742.04,714,34,10,2.8,1,6255.54,unemployed,store,1,0.4929,0,medium,customer_risk_model,v1
CUST_001000,44,15697.56,719,29,2,15.5,0,17403.33,formal,store,1,0.6665,1,medium,customer_risk_model,v1
CUST_001001,60,15050.64,776,46,10,4.3,0,22246.88,formal,online,1,0.5121,1,medium,customer_risk_model,v1
CUST_001002,56,24850.15,716,14,3,0.5,2,15280.19,informal,store,0,0.4705,0,medium,customer_risk_model,v1
CUST_001003,47,14231.91,531,75,9,0.4,0,21220.8,formal,store,1,0.6472,1,medium,customer_risk_model,v1
CUST_001004,64,17735.71,831,16,3,0.7,1,3372.71,informal,call_center,0,0.3576,0,low,customer_risk_model,v1
CUST_001005,24,6930.82,746,40,5,5.7,1,11338.31,informal,store,0,0.3957,0,low,customer_risk_model,v1
CUST_001006,65,22929.33,604,38,6,2.0,1,6817.76,formal,store,0,0.4637,0,medium,customer_risk_model,v1
CUST_001007,62,31586.07,557,116,4,2.9,1,6713.56,formal,call_center,1,0.4656,0,medium,customer_risk_model,v1
CUST_001008,44,23048.58,695,119,12,4.8,1,0.0,formal,app,0,0.2893,0,low,customer_risk_model,v1
CUST_001009,56,28232.59,625,10,9,3.3,2,12644.2,informal,online,1,0.6176,1,medium,customer_risk_model,v1
CUST_001010,45,12077.29,680,19,7,8.0,0,19525.65,formal,call_center,1,0.7301,1,high,customer_risk_model,v1
CUST_001011,31,19654.27,717,88,4,11.4,1,22130.05,self_employed,app,1,0.5044,1,medium,customer_risk_model,v1
CUST_001012,59,11397.88,599,36,9,10.9,1,3547.46,self_employed,store,1,0.6412,1,medium,customer_risk_model,v1
CUST_001013,30,16405.64,550,77,10,9.1,1,8162.02,self_employed,online,1,0.6738,1,medium,customer_risk_model,v1
CUST_001014,34,23405.48,685,110,6,6.5,2,6074.17,formal,store,1,0.3947,0,low,customer_risk_model,v1
CUST_001015,45,18712.74,602,20,5,9.9,3,5527.11,informal,app,1,0.8017,1,high,customer_risk_model,v1
CUST_001016,61,8111.51,663,115,8,3.6,1,9627.01,self_employed,store,0,0.3736,0,low,customer_risk_model,v1
CUST_001017,37,8794.8,529,7,7,3.1,1,12157.62,unemployed,store,1,0.7304,1,high,customer_risk_model,v1
CUST_001018,43,8331.85,627,28,7,6.5,1,9679.03,self_employed,app,0,0.5622,1,medium,customer_risk_model,v1
CUST_001019,20,21440.17,714,61,11,16.7,1,859.46,formal,store,1,0.526,1,medium,customer_risk_model,v1
CUST_001020,24,32447.26,705,105,4,8.5,2,19752.42,formal,call_center,1,0.451,0,medium,customer_risk_model,v1
CUST_001021,20,27537.21,579,66,5,8.2,0,13424.09,formal,store,0,0.4949,0,medium,customer_risk_model,v1
CUST_001022,21,4728.1,545,17,12,4.1,1,15148.67,informal,store,1,0.7026,1,high,customer_risk_model,v1
CUST_001023,63,27947.53,651,30,2,2.8,2,15609.72,self_employed,store,1,0.5643,1,medium,customer_risk_model,v1
CUST_001024,61,24554.8,700,91,7,1.9,1,16931.64,formal,app,0,0.3111,0,low,customer_risk_model,v1
CUST_001025,60,7182.9,686,67,3,0.5,1,13227.96,formal,store,1,0.4759,0,medium,customer_risk_model,v1
CUST_001026,20,15877.59,604,2,4,2.0,1,5333.9,formal,store,1,0.5733,1,medium,customer_risk_model,v1
CUST_001027,22,25668.66,677,60,6,0.6,2,24122.3,informal,app,1,0.5373,1,medium,customer_risk_model,v1
CUST_001028,32,21853.03,785,49,4,0.5,2,17107.69,informal,store,1,0.4138,0,medium,customer_risk_model,v1
CUST_001029,47,8836.33,668,1,3,1.2,1,4818.33,self_employed,call_center,1,0.5261,1,medium,customer_risk_model,v1
CUST_001030,35,22275.2,503,30,11,6.0,1,4932.63,informal,store,1,0.6948,1,medium,customer_risk_model,v1
CUST_001031,43,4000.0,668,112,5,10.0,2,27919.42,formal,store,1,0.5969,1,medium,customer_risk_model,v1
CUST_001032,26,16440.24,834,84,9,19.2,4,10700.48,formal,app,0,0.4557,0,medium,customer_risk_model,v1
CUST_001033,56,25965.7,534,9,8,0.3,2,6579.7,informal,call_center,1,0.7727,1,high,customer_risk_model,v1
CUST_001034,34,18128.76,653,2,8,4.2,0,7756.98,formal,online,1,0.4974,0,medium,customer_risk_model,v1
CUST_001035,21,14507.44,630,42,8,1.1,1,15608.05,informal,store,1,0.6037,1,medium,customer_risk_model,v1
CUST_001036,56,24225.42,659,56,4,5.4,0,8195.42,formal,app,1,0.4255,0,medium,customer_risk_model,v1
CUST_001037,64,24823.26,667,54,9,2.7,0,13066.83,formal,store,0,0.3754,0,low,customer_risk_model,v1
CUST_001038,18,27170.28,753,83,5,9.9,1,30474.59,formal,store,1,0.4211,0,medium,customer_risk_model,v1
CUST_001039,40,24120.4,658,21,5,0.3,0,0.0,formal,app,0,0.4244,0,medium,customer_risk_model,v1
CUST_001040,61,25569.62,765,6,9,14.3,0,8752.26,unemployed,store,1,0.515,1,medium,customer_risk_model,v1
CUST_001041,54,23130.36,639,81,6,9.8,1,12490.53,informal,app,1,0.483,0,medium,customer_risk_model,v1
CUST_001042,62,19858.7,618,107,5,5.1,3,0.0,formal,online,0,0.5108,1,medium,customer_risk_model,v1
CUST_001043,39,18626.56,590,20,5,0.6,1,16136.49,self_employed,app,1,0.6363,1,medium,customer_risk_model,v1
CUST_001044,37,16339.18,486,43,6,10.0,1,19162.28,formal,store,1,0.8423,1,high,customer_risk_model,v1
CUST_001045,54,9513.42,675,75,3,2.7,0,892.61,formal,online,1,0.4455,0,medium,customer_risk_model,v1
CUST_001046,25,11312.82,835,20,6,5.0,0,11348.77,formal,online,1,0.4461,0,medium,customer_risk_model,v1
CUST_001047,30,16025.9,691,103,6,11.4,1,13464.89,formal,store,0,0.3629,0,low,customer_risk_model,v1
CUST_001048,49,19690.17,712,27,7,12.8,0,16597.74,informal,store,1,0.5788,1,medium,customer_risk_model,v1
CUST_001049,52,28085.69,613,64,3,1.4,0,33351.61,self_employed,call_center,1,0.5906,1,medium,customer_risk_model,v1
CUST_001050,24,17707.42,628,41,1,14.2,4,6069.61,informal,store,1,0.7744,1,high,customer_risk_model,v1
CUST_001051,44,25024.33,739,80,1,2.9,0,16299.12,formal,store,1,0.2819,0,low,customer_risk_model,v1
CUST_001052,36,25555.21,831,24,6,0.4,2,10980.15,informal,store,0,0.3466,0,low,customer_risk_model,v1
CUST_001053,44,16379.87,784,12,5,1.7,4,9614.67,formal,app,1,0.535,1,medium,customer_risk_model,v1
CUST_001054,67,22162.83,722,61,10,15.7,0,12129.7,informal,call_center,1,0.5384,1,medium,customer_risk_model,v1
CUST_001055,21,16295.3,653,103,7,1.6,1,15286.08,formal,app,1,0.388,0,low,customer_risk_model,v1
CUST_001056,69,27254.95,669,76,8,4.8,1,12077.03,formal,app,1,0.4379,0,medium,customer_risk_model,v1
CUST_001057,41,22450.9,582,90,7,2.9,1,14203.02,informal,store,0,0.3632,0,low,customer_risk_model,v1
CUST_001058,58,9666.61,520,52,8,10.6,4,11356.91,formal,online,1,0.8289,1,high,customer_risk_model,v1
CUST_001059,40,19130.67,549,17,9,3.4,1,4504.02,formal,online,0,0.5922,1,medium,customer_risk_model,v1
CUST_001060,34,29536.79,654,51,4,3.1,2,18604.26,self_employed,store,0,0.4818,0,medium,customer_risk_model,v1
CUST_001061,58,16731.38,624,118,8,12.4,0,20213.99,formal,app,1,0.7206,1,high,customer_risk_model,v1
CUST_001062,53,21134.01,518,94,4,8.6,1,19850.09,self_employed,call_center,1,0.7124,1,high,customer_risk_model,v1
CUST_001063,25,21821.15,647,84,7,0.8,0,17394.85,informal,call_center,1,0.4024,0,medium,customer_risk_model,v1
CUST_001064,54,10743.64,621,36,7,6.6,1,5792.95,self_employed,store,1,0.5716,1,medium,customer_risk_model,v1
CUST_001065,57,21574.96,544,72,7,2.6,2,4372.07,formal,store,1,0.6547,1,medium,customer_risk_model,v1
CUST_001066,38,8243.15,617,75,0,0.6,1,19327.52,self_employed,store,1,0.5774,1,medium,customer_risk_model,v1
CUST_001067,66,13620.63,621,78,1,3.1,3,2366.6,formal,store,1,0.5683,1,medium,customer_risk_model,v1
CUST_001068,51,25530.06,595,107,9,3.8,1,6516.82,formal,online,0,0.312,0,low,customer_risk_model,v1
CUST_001069,35,20497.29,733,82,8,2.1,0,29169.03,formal,online,1,0.3537,0,low,customer_risk_model,v1
CUST_001070,18,15868.66,479,27,11,0.4,1,16062.93,self_employed,store,1,0.6556,1,medium,customer_risk_model,v1
CUST_001071,53,21125.23,471,27,2,4.0,2,13275.51,formal,online,1,0.7576,1,high,customer_risk_model,v1
CUST_001072,28,17579.35,650,74,6,3.0,3,0.0,formal,store,0,0.4551,0,medium,customer_risk_model,v1
CUST_001073,57,18088.05,659,104,2,0.6,0,6630.82,formal,call_center,1,0.4437,0,medium,customer_risk_model,v1
CUST_001074,45,22597.73,686,113,8,4.6,0,18688.3,formal,store,0,0.3348,0,low,customer_risk_model,v1
CUST_001075,42,12908.43,601,73,5,11.6,0,133.58,formal,store,1,0.6159,1,medium,customer_risk_model,v1
CUST_001076,26,18282.35,567,64,6,13.7,2,15221.42,formal,app,1,0.7411,1,high,customer_risk_model,v1
CUST_001077,54,15814.12,649,98,11,1.0,2,942.95,formal,app,0,0.413,0,medium,customer_risk_model,v1
CUST_001078,26,6900.78,610,117,9,3.9,0,7008.99,self_employed,store,1,0.4351,0,medium,customer_risk_model,v1
CUST_001079,39,11556.81,790,4,4,0.9,2,0.0,informal,store,0,0.3918,0,low,customer_risk_model,v1
CUST_001080,61,28977.45,621,37,5,8.4,1,12760.86,formal,online,1,0.496,0,medium,customer_risk_model,v1
CUST_001081,65,20693.06,645,40,11,0.0,0,0.0,formal,online,0,0.4279,0,medium,customer_risk_model,v1
CUST_001082,69,8734.88,850,68,5,3.2,0,11329.72,formal,app,0,0.3345,0,low,customer_risk_model,v1
CUST_001083,67,7217.52,632,36,7,1.4,2,17110.12,informal,store,1,0.7237,1,high,customer_risk_model,v1
CUST_001084,46,17214.85,700,38,11,2.5,1,13598.88,formal,app,1,0.5084,1,medium,customer_risk_model,v1
CUST_001085,28,28928.31,708,3,7,6.4,2,15718.55,self_employed,store,1,0.5081,1,medium,customer_risk_model,v1
CUST_001086,61,16692.69,716,1,4,0.4,0,13806.68,informal,store,0,0.3991,0,low,customer_risk_model,v1
CUST_001087,59,27149.0,676,54,6,1.8,1,11272.74,unemployed,online,0,0.4517,0,medium,customer_risk_model,v1
CUST_001088,69,20463.52,667,119,3,4.7,1,11452.41,informal,app,0,0.3346,0,low,customer_risk_model,v1
CUST_001089,51,21298.75,659,36,6,0.8,0,14344.3,formal,store,1,0.4956,0,medium,customer_risk_model,v1
CUST_001090,25,8649.96,598,29,6,9.0,1,3265.51,formal,store,0,0.5837,1,medium,customer_risk_model,v1
CUST_001091,44,24562.66,679,32,3,4.7,0,8832.24,formal,online,1,0.4265,0,medium,customer_risk_model,v1
CUST_001092,41,15655.48,833,116,7,1.3,1,28272.25,formal,online,0,0.2918,0,low,customer_risk_model,v1
CUST_001093,61,24041.65,759,79,6,0.7,1,15877.84,formal,call_center,1,0.3324,0,low,customer_risk_model,v1
CUST_001094,38,12300.81,677,78,5,2.3,0,21993.2,formal,store,1,0.4868,0,medium,customer_risk_model,v1
CUST_001095,35,19239.35,727,23,0,3.7,0,14722.94,formal,online,1,0.4408,0,medium,customer_risk_model,v1
CUST_001096,22,20464.02,572,108,3,1.3,0,6144.71,formal,app,1,0.4642,0,medium,customer_risk_model,v1
CUST_001097,61,16921.77,627,24,12,2.4,2,9563.01,formal,store,1,0.5822,1,medium,customer_risk_model,v1
CUST_001098,57,20831.82,735,116,5,15.5,3,0.0,formal,store,1,0.4433,0,medium,customer_risk_model,v1
CUST_001099,20,16135.22,784,114,4,0.3,3,22995.36,formal,online,0,0.3308,0,low,customer_risk_model,v1
CUST_001100,40,13456.58,581,68,4,1.0,1,19163.52,self_employed,online,1,0.6402,1,medium,customer_risk_model,v1
CUST_001101,42,29238.38,606,104,5,2.0,2,5308.65,formal,app,1,0.4095,0,medium,customer_risk_model,v1
CUST_001102,42,25342.67,846,119,8,1.8,2,18114.09,self_employed,store,0,0.2368,0,low,customer_risk_model,v1
CUST_001103,65,12673.95,659,70,4,1.3,1,17396.62,informal,store,0,0.5053,1,medium,customer_risk_model,v1
CUST_001104,25,21979.11,814,92,2,1.5,2,12617.89,formal,store,0,0.2179,0,low,customer_risk_model,v1
CUST_001105,33,12801.25,669,71,5,10.2,2,15809.22,formal,online,1,0.6236,1,medium,customer_risk_model,v1
CUST_001106,27,9707.21,672,63,5,8.1,0,16560.3,formal,store,1,0.5966,1,medium,customer_risk_model,v1
CUST_001107,30,25236.67,623,40,3,1.9,3,15076.48,formal,online,1,0.6585,1,medium,customer_risk_model,v1
CUST_001108,65,6071.3,735,78,6,2.9,0,13209.17,formal,store,1,0.4214,0,medium,customer_risk_model,v1
CUST_001109,66,24487.99,772,32,8,6.4,0,12686.08,self_employed,store,0,0.3005,0,low,customer_risk_model,v1
CUST_001110,20,16230.94,557,24,5,1.3,0,7461.63,formal,store,1,0.6278,1,medium,customer_risk_model,v1
CUST_001111,50,16519.17,618,33,4,1.9,3,19266.86,self_employed,online,1,0.7749,1,high,customer_risk_model,v1
CUST_001112,30,20868.26,732,2,7,3.7,1,27851.47,formal,store,0,0.4343,0,medium,customer_risk_model,v1
CUST_001113,28,22068.39,638,112,10,0.8,1,3040.43,informal,store,1,0.3641,0,low,customer_risk_model,v1
CUST_001114,33,12215.6,606,31,8,1.3,0,12275.07,formal,online,1,0.5736,1,medium,customer_risk_model,v1
CUST_001115,28,23024.08,741,96,6,5.3,0,6771.73,informal,call_center,1,0.2595,0,low,customer_risk_model,v1
CUST_001116,43,18793.59,749,52,8,3.2,0,16403.42,formal,call_center,0,0.4011,0,medium,customer_risk_model,v1
CUST_001117,69,9207.62,610,41,6,2.5,2,15412.06,formal,app,1,0.6925,1,medium,customer_risk_model,v1
CUST_001118,48,16810.88,669,28,3,8.1,2,13077.58,formal,app,1,0.5896,1,medium,customer_risk_model,v1
CUST_001119,55,27668.95,541,98,9,2.2,1,7268.64,self_employed,app,0,0.4619,0,medium,customer_risk_model,v1
CUST_001120,43,29736.16,569,62,2,4.0,1,8216.19,informal,online,1,0.5454,1,medium,customer_risk_model,v1
CUST_001121,18,23021.44,661,54,2,15.0,2,5914.89,formal,store,1,0.617,1,medium,customer_risk_model,v1
CUST_001122,22,9667.6,653,79,6,4.4,0,0.0,formal,store,0,0.4293,0,medium,customer_risk_model,v1
CUST_001123,31,21434.25,563,96,4,2.2,1,21833.17,formal,app,0,0.4534,0,medium,customer_risk_model,v1
CUST_001124,30,23956.03,586,79,6,0.6,3,17349.26,formal,online,1,0.6208,1,medium,customer_risk_model,v1
CUST_001125,61,23079.96,554,56,8,2.8,2,22322.27,formal,app,1,0.6845,1,medium,customer_risk_model,v1
CUST_001126,61,23494.68,691,107,6,1.5,1,9209.47,formal,call_center,0,0.2548,0,low,customer_risk_model,v1
CUST_001127,62,20542.84,473,107,10,3.0,2,15920.32,self_employed,store,1,0.6197,1,medium,customer_risk_model,v1
CUST_001128,51,17493.11,559,115,5,1.4,2,5218.83,formal,call_center,1,0.6071,1,medium,customer_risk_model,v1
CUST_001129,46,13741.43,482,11,5,0.2,0,7443.07,formal,store,1,0.6753,1,medium,customer_risk_model,v1
CUST_001130,51,4714.45,688,106,7,0.8,1,28395.04,formal,store,0,0.4339,0,medium,customer_risk_model,v1
CUST_001131,39,20377.49,488,23,8,0.1,0,9014.71,informal,store,1,0.6642,1,medium,customer_risk_model,v1
CUST_001132,52,19302.37,653,74,6,0.5,1,19578.72,formal,call_center,0,0.504,1,medium,customer_risk_model,v1
CUST_001133,59,21903.03,798,79,4,2.7,0,14009.32,unemployed,call_center,0,0.2664,0,low,customer_risk_model,v1
CUST_001134,57,8637.19,801,25,7,13.9,3,840.79,formal,store,1,0.6549,1,medium,customer_risk_model,v1
CUST_001135,49,22515.12,487,1,10,5.3,0,10923.55,informal,online,1,0.6766,1,medium,customer_risk_model,v1
CUST_001136,21,32381.82,677,113,7,0.4,0,15022.36,unemployed,store,0,0.3388,0,low,customer_risk_model,v1
CUST_001137,55,18549.15,561,107,5,2.0,0,17677.86,informal,app,0,0.5216,1,medium,customer_risk_model,v1
CUST_001138,37,17568.34,543,21,8,11.1,2,0.0,formal,app,1,0.7889,1,high,customer_risk_model,v1
CUST_001139,56,20163.02,640,72,12,1.5,2,4277.14,self_employed,store,0,0.4875,0,medium,customer_risk_model,v1
CUST_001140,46,32226.36,761,19,9,2.9,0,14483.83,formal,store,1,0.4083,0,medium,customer_risk_model,v1
CUST_001141,63,10834.47,704,68,3,9.1,1,4473.22,informal,store,1,0.4696,0,medium,customer_risk_model,v1
CUST_001142,35,19422.45,586,38,5,2.8,2,21751.42,informal,call_center,1,0.7323,1,high,customer_risk_model,v1
CUST_001143,66,12402.4,713,90,8,0.4,1,11502.06,formal,online,1,0.4011,0,medium,customer_risk_model,v1
CUST_001144,61,14170.97,448,69,4,2.0,1,15892.36,self_employed,store,1,0.7602,1,high,customer_risk_model,v1
CUST_001145,35,17652.87,582,60,3,12.8,0,22366.63,formal,online,1,0.6908,1,medium,customer_risk_model,v1
CUST_001146,43,27431.26,576,82,6,32.0,4,2283.13,self_employed,store,1,0.5693,1,medium,customer_risk_model,v1
CUST_001147,45,30606.93,657,57,6,25.9,1,15699.38,formal,online,0,0.4641,0,medium,customer_risk_model,v1
CUST_001148,57,21137.0,632,2,7,3.2,1,13077.87,self_employed,online,1,0.5394,1,medium,customer_risk_model,v1
CUST_001149,53,15363.84,637,71,6,2.7,2,13321.2,formal,online,1,0.5742,1,medium,customer_risk_model,v1
CUST_001150,62,35449.17,634,93,4,5.2,0,10210.13,formal,store,0,0.3187,0,low,customer_risk_model,v1
CUST_001151,37,15007.12,652,59,5,3.7,0,13274.14,formal,call_center,1,0.5455,1,medium,customer_risk_model,v1
CUST_001152,44,14002.05,699,21,6,9.2,0,0.0,formal,app,1,0.4864,0,medium,customer_risk_model,v1
CUST_001153,40,5575.4,663,1,6,0.5,1,21953.34,formal,store,1,0.6216,1,medium,customer_risk_model,v1
CUST_001154,65,27772.64,624,36,4,2.8,3,1310.4,formal,online,0,0.5083,1,medium,customer_risk_model,v1
CUST_001155,33,24777.72,686,92,3,2.6,2,26196.2,informal,store,0,0.4023,0,medium,customer_risk_model,v1
CUST_001156,48,34924.64,724,39,5,0.0,1,4404.82,informal,store,1,0.3753,0,low,customer_risk_model,v1
CUST_001157,24,8273.34,600,114,9,0.7,0,4057.72,formal,store,1,0.4249,0,medium,customer_risk_model,v1
CUST_001158,62,28207.2,645,40,7,10.4,1,15240.86,unemployed,store,0,0.533,1,medium,customer_risk_model,v1
CUST_001159,37,18490.95,755,51,5,2.7,3,14171.36,formal,online,1,0.5728,1,medium,customer_risk_model,v1
CUST_001160,35,23642.7,551,91,6,0.2,2,15606.08,informal,store,1,0.6144,1,medium,customer_risk_model,v1
CUST_001161,48,6465.56,812,74,2,8.3,2,14894.79,self_employed,store,0,0.4547,0,medium,customer_risk_model,v1
CUST_001162,43,28276.57,529,5,6,6.9,0,10875.65,formal,online,1,0.6749,1,medium,customer_risk_model,v1
CUST_001163,62,23505.62,619,10,4,8.2,1,9059.09,formal,store,1,0.5798,1,medium,customer_risk_model,v1
CUST_001164,45,17727.63,564,24,10,2.4,0,16658.23,formal,call_center,0,0.5812,1,medium,customer_risk_model,v1
CUST_001165,44,22515.79,847,104,4,1.9,0,6466.82,formal,online,0,0.1911,0,low,customer_risk_model,v1
CUST_001166,23,12641.53,605,3,5,4.5,0,12954.24,self_employed,online,1,0.6007,1,medium,customer_risk_model,v1
CUST_001167,19,13943.92,605,9,4,0.6,0,0.0,formal,store,0,0.5409,1,medium,customer_risk_model,v1
CUST_001168,38,14755.89,617,93,4,0.6,2,14032.1,self_employed,store,1,0.5209,1,medium,customer_risk_model,v1
CUST_001169,69,5030.9,659,75,6,2.9,0,12787.63,informal,call_center,1,0.4996,0,medium,customer_risk_model,v1
CUST_001170,65,24032.31,620,118,6,6.7,0,11672.34,self_employed,store,0,0.3599,0,low,customer_risk_model,v1
CUST_001171,50,26341.16,638,27,4,2.2,3,25649.52,formal,app,1,0.7003,1,high,customer_risk_model,v1
CUST_001172,50,13090.59,332,79,8,18.0,0,23958.9,informal,store,1,0.8027,1,high,customer_risk_model,v1
CUST_001173,38,20437.42,655,17,8,5.1,0,19315.49,formal,online,1,0.5806,1,medium,customer_risk_model,v1
CUST_001174,27,16141.22,652,71,3,19.6,1,19139.78,formal,store,1,0.6305,1,medium,customer_risk_model,v1
CUST_001175,18,20297.92,743,13,7,4.3,1,12845.42,informal,store,0,0.3743,0,low,customer_risk_model,v1
CUST_001176,35,13606.96,768,109,5,5.1,0,14459.21,formal,call_center,0,0.2773,0,low,customer_risk_model,v1
CUST_001177,34,11816.02,633,50,3,5.9,2,15461.47,unemployed,call_center,1,0.6876,1,medium,customer_risk_model,v1
CUST_001178,27,25364.52,723,31,5,40.6,1,16820.12,formal,store,0,0.4014,0,medium,customer_risk_model,v1
CUST_001179,31,17552.91,551,118,10,1.6,0,12571.18,formal,app,1,0.5199,1,medium,customer_risk_model,v1
CUST_001180,19,32154.76,719,8,1,2.2,1,16336.65,self_employed,store,1,0.4235,0,medium,customer_risk_model,v1
CUST_001181,49,18324.17,598,96,3,1.4,0,12516.72,self_employed,online,1,0.415,0,medium,customer_risk_model,v1
CUST_001182,66,11517.45,543,61,9,2.8,3,15372.88,self_employed,app,0,0.7468,1,high,customer_risk_model,v1
CUST_001183,53,26588.59,633,82,7,12.9,0,19340.99,informal,store,1,0.6624,1,medium,customer_risk_model,v1
CUST_001184,41,22415.6,776,31,11,3.1,1,6751.02,informal,online,1,0.403,0,medium,customer_risk_model,v1
CUST_001185,39,23088.11,666,105,7,1.4,0,13058.66,formal,online,0,0.2997,0,low,customer_risk_model,v1
CUST_001186,33,26334.2,785,54,4,1.3,0,12607.22,informal,store,1,0.3418,0,low,customer_risk_model,v1
CUST_001187,25,13430.43,583,50,2,18.4,0,3854.16,informal,app,1,0.7013,1,high,customer_risk_model,v1
CUST_001188,49,17109.23,744,55,1,1.2,1,23128.78,formal,online,0,0.4167,0,medium,customer_risk_model,v1
CUST_001189,47,16799.85,591,36,6,0.2,0,5395.56,unemployed,app,1,0.6069,1,medium,customer_risk_model,v1
CUST_001190,18,8964.77,670,38,5,4.3,1,23460.89,formal,store,1,0.5973,1,medium,customer_risk_model,v1
CUST_001191,39,16154.87,670,17,3,0.2,1,1260.9,informal,store,1,0.5122,1,medium,customer_risk_model,v1
CUST_001192,32,27354.66,710,58,7,2.1,0,27.5,informal,online,0,0.3343,0,low,customer_risk_model,v1
CUST_001193,26,19661.37,673,57,10,6.4,4,9311.18,formal,app,1,0.6393,1,medium,customer_risk_model,v1
CUST_001194,54,8577.57,583,46,7,2.8,2,15182.38,formal,app,1,0.6776,1,medium,customer_risk_model,v1
CUST_001195,45,7109.12,729,118,9,1.1,2,15137.87,informal,store,1,0.3175,0,low,customer_risk_model,v1
CUST_001196,50,29653.43,806,14,4,1.5,2,22343.8,unemployed,app,0,0.5203,1,medium,customer_risk_model,v1
CUST_001197,55,17367.77,597,109,3,2.8,0,5840.18,formal,app,1,0.4364,0,medium,customer_risk_model,v1
CUST_001198,69,13468.13,485,104,9,0.5,1,19408.31,informal,online,1,0.6885,1,medium,customer_risk_model,v1
CUST_001199,59,16082.06,695,3,5,1.3,1,0.0,formal,store,0,0.386,0,low,customer_risk_model,v1
CUST_001200,50,7658.85,620,84,3,4.8,0,4264.67,formal,online,1,0.4512,0,medium,customer_risk_model,v1
CUST_001201,63,27961.67,638,25,7,0.7,2,9894.07,formal,store,1,0.5382,1,medium,customer_risk_model,v1
CUST_001202,42,15248.63,700,5,6,12.0,2,3197.4,formal,store,1,0.6252,1,medium,customer_risk_model,v1
CUST_001203,69,27571.81,609,103,5,0.1,1,16376.9,formal,app,0,0.3928,0,low,customer_risk_model,v1
CUST_001204,57,18361.56,626,14,7,0.2,2,6791.97,formal,call_center,1,0.6225,1,medium,customer_risk_model,v1
CUST_001205,51,28006.72,641,36,4,3.0,1,20024.55,formal,online,1,0.5529,1,medium,customer_risk_model,v1
CUST_001206,64,19796.86,782,12,8,11.8,1,18948.7,formal,store,1,0.5841,1,medium,customer_risk_model,v1
CUST_001207,44,23972.63,653,17,8,1.2,1,6598.67,unemployed,store,1,0.5837,1,medium,customer_risk_model,v1
CUST_001208,55,23033.65,539,8,4,0.8,2,9182.5,informal,store,1,0.7874,1,high,customer_risk_model,v1
CUST_001209,32,22363.04,542,101,7,1.0,0,11285.27,unemployed,store,1,0.5923,1,medium,customer_risk_model,v1
CUST_001210,68,20435.54,663,8,7,15.0,2,22834.97,informal,store,1,0.8064,1,high,customer_risk_model,v1
CUST_001211,50,16370.04,548,91,4,0.2,1,4460.35,formal,online,0,0.5241,1,medium,customer_risk_model,v1
CUST_001212,58,31408.04,509,19,4,8.1,2,0.0,informal,store,1,0.7534,1,high,customer_risk_model,v1
CUST_001213,41,11651.44,707,109,5,13.1,2,8611.94,formal,store,0,0.4315,0,medium,customer_risk_model,v1
CUST_001214,63,18030.15,712,101,7,3.2,2,4643.37,formal,call_center,1,0.3553,0,low,customer_risk_model,v1
CUST_001215,21,18104.2,617,75,9,1.5,2,0.0,formal,online,1,0.5238,1,medium,customer_risk_model,v1
CUST_001216,23,20817.09,676,99,6,5.1,5,11705.2,formal,online,1,0.4914,0,medium,customer_risk_model,v1
CUST_001217,44,14993.69,667,36,6,0.7,1,2613.19,informal,store,1,0.4831,0,medium,customer_risk_model,v1
CUST_001218,56,20203.22,704,94,2,3.1,2,14702.65,formal,call_center,0,0.3674,0,low,customer_risk_model,v1
CUST_001219,60,16818.1,704,27,1,1.4,1,2377.59,formal,online,1,0.4363,0,medium,customer_risk_model,v1
CUST_001220,40,6926.33,415,74,4,0.9,1,35626.12,informal,store,1,0.7548,1,high,customer_risk_model,v1
CUST_001221,51,18066.87,628,110,7,7.8,1,20473.72,informal,online,1,0.6378,1,medium,customer_risk_model,v1
CUST_001222,46,10296.04,697,87,2,7.5,2,6136.1,formal,store,0,0.3463,0,low,customer_risk_model,v1
CUST_001223,67,5859.3,613,33,0,1.9,2,5830.23,formal,call_center,0,0.5963,1,medium,customer_risk_model,v1
CUST_001224,52,18958.11,653,88,6,3.9,0,10479.58,informal,store,0,0.3704,0,low,customer_risk_model,v1
CUST_001225,39,21415.18,718,106,3,4.2,1,17888.72,informal,app,0,0.2507,0,low,customer_risk_model,v1
CUST_001226,68,21686.89,657,106,5,0.1,0,8417.29,formal,app,0,0.3205,0,low,customer_risk_model,v1
CUST_001227,23,21970.19,786,88,3,3.5,1,2706.89,informal,store,0,0.1952,0,low,customer_risk_model,v1
CUST_001228,69,4471.88,751,88,4,12.5,1,391.55,informal,call_center,1,0.49,0,medium,customer_risk_model,v1
CUST_001229,26,8472.88,639,94,5,3.7,1,11849.96,informal,store,1,0.424,0,medium,customer_risk_model,v1
CUST_001230,32,31814.65,632,88,4,6.5,1,6203.21,formal,app,0,0.3376,0,low,customer_risk_model,v1
CUST_001231,60,10669.54,393,16,4,7.5,1,14265.26,unemployed,online,1,0.7851,1,high,customer_risk_model,v1
CUST_001232,56,22275.89,621,96,3,0.9,1,0.0,informal,store,0,0.3566,0,low,customer_risk_model,v1
CUST_001233,68,13191.44,528,22,7,1.1,1,15780.14,formal,store,1,0.7699,1,high,customer_risk_model,v1
CUST_001234,56,18557.71,670,67,2,0.8,0,9432.6,self_employed,store,1,0.427,0,medium,customer_risk_model,v1
CUST_001235,51,13567.22,664,41,3,10.4,1,0.0,informal,online,1,0.543,1,medium,customer_risk_model,v1
CUST_001236,36,21930.79,713,26,5,0.8,1,14897.59,formal,store,0,0.358,0,low,customer_risk_model,v1
CUST_001237,18,18957.42,776,34,7,2.9,2,15988.52,self_employed,store,1,0.4259,0,medium,customer_risk_model,v1
CUST_001238,24,14861.97,648,11,12,10.4,4,5546.25,informal,store,1,0.7632,1,high,customer_risk_model,v1
CUST_001239,33,10648.8,850,53,7,2.3,1,17171.14,formal,store,0,0.4404,0,medium,customer_risk_model,v1
CUST_001240,20,19874.42,671,50,8,1.5,2,1072.26,formal,store,1,0.5152,1,medium,customer_risk_model,v1
CUST_001241,44,9510.97,532,49,2,3.6,0,0.0,formal,store,0,0.5452,1,medium,customer_risk_model,v1
CUST_001242,58,20992.37,599,11,11,3.9,0,10641.05,formal,store,1,0.5237,1,medium,customer_risk_model,v1
CUST_001243,68,36385.39,616,73,6,6.9,0,4904.77,formal,online,0,0.3646,0,low,customer_risk_model,v1
CUST_001244,43,27451.19,703,21,12,2.9,1,2032.57,formal,store,0,0.3698,0,low,customer_risk_model,v1
CUST_001245,63,23028.44,565,102,8,0.2,0,16565.11,formal,store,1,0.4689,0,medium,customer_risk_model,v1
CUST_001246,69,17400.75,623,3,4,6.7,3,13718.21,formal,store,1,0.7127,1,high,customer_risk_model,v1
CUST_001247,62,4428.73,636,7,2,0.1,1,25121.73,formal,store,1,0.7259,1,high,customer_risk_model,v1
CUST_001248,42,8744.0,610,36,6,10.2,1,15335.97,informal,store,0,0.5869,1,medium,customer_risk_model,v1
CUST_001249,34,26979.55,723,49,8,5.1,2,16422.08,formal,online,0,0.4586,0,medium,customer_risk_model,v1
CUST_001250,68,12471.71,708,116,8,0.5,0,5014.0,formal,online,1,0.377,0,low,customer_risk_model,v1
CUST_001251,30,13105.24,755,63,5,3.7,1,0.0,formal,store,1,0.3882,0,low,customer_risk_model,v1
CUST_001252,39,16840.45,620,46,11,6.2,1,27823.35,informal,store,1,0.6818,1,medium,customer_risk_model,v1
CUST_001253,21,10565.68,758,100,7,0.7,0,15941.88,formal,app,0,0.2554,0,low,customer_risk_model,v1
CUST_001254,59,9412.62,527,29,4,1.8,4,24830.74,informal,store,1,0.8201,1,high,customer_risk_model,v1
CUST_001255,51,17646.68,525,107,10,3.5,0,2546.63,formal,call_center,1,0.5606,1,medium,customer_risk_model,v1
CUST_001256,22,11759.29,541,49,6,3.0,1,20052.01,informal,store,1,0.7009,1,high,customer_risk_model,v1
CUST_001257,29,12812.87,651,38,7,4.8,2,14310.92,unemployed,online,1,0.6582,1,medium,customer_risk_model,v1
CUST_001258,46,12531.66,758,36,3,0.7,2,20498.52,informal,store,1,0.5337,1,medium,customer_risk_model,v1
CUST_001259,46,21656.52,596,2,8,12.7,1,16643.32,informal,online,1,0.7535,1,high,customer_risk_model,v1
CUST_001260,59,16375.12,607,81,4,5.5,3,10168.42,formal,store,1,0.6288,1,medium,customer_risk_model,v1
CUST_001261,31,16750.0,631,69,5,1.7,1,14246.94,formal,online,1,0.512,1,medium,customer_risk_model,v1
CUST_001262,66,22178.62,702,76,3,2.6,1,9175.29,formal,call_center,0,0.2942,0,low,customer_risk_model,v1
CUST_001263,41,17005.72,607,78,6,0.8,2,18697.09,informal,store,1,0.6243,1,medium,customer_risk_model,v1
CUST_001264,60,16052.22,602,4,3,3.4,1,5632.98,informal,online,1,0.516,1,medium,customer_risk_model,v1
CUST_001265,30,21293.15,529,105,5,3.6,0,6380.07,formal,store,1,0.5703,1,medium,customer_risk_model,v1
CUST_001266,19,22677.38,599,61,6,11.0,2,10713.93,informal,store,0,0.5439,1,medium,customer_risk_model,v1
CUST_001267,20,16970.49,756,83,5,4.4,3,16920.73,informal,store,1,0.3986,0,low,customer_risk_model,v1
CUST_001268,37,18564.25,658,5,10,5.2,1,12426.13,unemployed,online,1,0.5922,1,medium,customer_risk_model,v1
CUST_001269,67,12527.47,583,91,7,6.6,3,9382.37,unemployed,call_center,1,0.6966,1,medium,customer_risk_model,v1
CUST_001270,20,11975.22,761,81,3,8.0,2,20450.33,formal,online,1,0.4351,0,medium,customer_risk_model,v1
CUST_001271,37,23384.03,597,44,4,7.3,1,16708.36,self_employed,online,1,0.6609,1,medium,customer_risk_model,v1
CUST_001272,23,21114.59,778,112,5,1.4,2,8325.22,formal,store,0,0.1567,0,low,customer_risk_model,v1
CUST_001273,66,21187.09,776,78,3,2.5,3,3660.83,formal,store,0,0.3609,0,low,customer_risk_model,v1
CUST_001274,53,19965.98,655,108,4,0.5,0,10594.8,formal,online,1,0.361,0,low,customer_risk_model,v1
CUST_001275,57,18323.42,515,98,9,1.2,1,7011.68,formal,store,1,0.5059,1,medium,customer_risk_model,v1
CUST_001276,55,22874.88,850,25,7,5.4,2,5822.64,informal,app,0,0.3981,0,low,customer_risk_model,v1
CUST_001277,52,24545.76,685,119,7,4.7,2,17996.65,formal,app,0,0.3915,0,low,customer_risk_model,v1
CUST_001278,58,24378.6,621,89,3,0.2,0,21018.26,informal,store,0,0.4445,0,medium,customer_risk_model,v1
CUST_001279,18,17294.55,736,23,7,3.3,2,11525.14,informal,store,0,0.4124,0,medium,customer_risk_model,v1
CUST_001280,63,27708.95,713,95,3,1.8,0,11954.3,formal,store,1,0.2932,0,low,customer_risk_model,v1
CUST_001281,56,19599.22,768,52,8,1.2,3,6081.23,formal,store,1,0.4846,0,medium,customer_risk_model,v1
CUST_001282,56,22426.63,590,103,6,3.8,2,3493.66,formal,store,0,0.4294,0,medium,customer_risk_model,v1
CUST_001283,38,19974.62,679,21,6,0.6,2,18366.02,formal,store,0,0.5222,1,medium,customer_risk_model,v1
CUST_001284,59,19729.05,543,31,5,8.8,1,1835.86,informal,app,1,0.7479,1,high,customer_risk_model,v1
CUST_001285,37,12849.74,710,42,8,1.2,2,7044.58,formal,store,1,0.4574,0,medium,customer_risk_model,v1
CUST_001286,20,22909.46,648,54,4,4.9,4,6788.22,formal,call_center,1,0.6729,1,medium,customer_risk_model,v1
CUST_001287,65,37917.06,675,76,7,0.7,0,15392.43,formal,online,1,0.4208,0,medium,customer_risk_model,v1
CUST_001288,30,15376.43,637,27,3,0.7,5,10420.73,self_employed,app,1,0.7481,1,high,customer_risk_model,v1
CUST_001289,23,18496.96,627,84,8,8.2,0,7443.17,self_employed,store,0,0.398,0,low,customer_risk_model,v1
CUST_001290,50,14876.56,572,3,3,1.9,1,22874.01,formal,store,1,0.7162,1,high,customer_risk_model,v1
CUST_001291,30,14583.86,721,40,9,0.8,1,25041.72,formal,store,0,0.4985,0,medium,customer_risk_model,v1
CUST_001292,62,28811.15,784,79,5,0.5,4,15116.78,formal,app,0,0.3522,0,low,customer_risk_model,v1
CUST_001293,41,13289.2,600,32,11,4.8,3,13149.44,unemployed,app,1,0.7822,1,high,customer_risk_model,v1
CUST_001294,18,14681.44,700,52,8,9.1,2,7972.95,formal,store,1,0.485,0,medium,customer_risk_model,v1
CUST_001295,67,6887.55,689,73,5,8.5,0,11852.77,formal,store,1,0.4676,0,medium,customer_risk_model,v1
CUST_001296,44,12696.72,651,30,5,0.4,3,2360.67,formal,store,1,0.6267,1,medium,customer_risk_model,v1
CUST_001297,31,6041.2,513,115,8,0.5,0,19909.9,self_employed,store,1,0.6212,1,medium,customer_risk_model,v1
CUST_001298,53,22422.63,533,101,2,1.8,4,10946.77,formal,call_center,1,0.6849,1,medium,customer_risk_model,v1
CUST_001299,45,37597.88,580,116,11,11.7,1,6499.51,self_employed,online,0,0.3706,0,low,customer_risk_model,v1
CUST_001300,19,15433.25,457,59,4,0.6,1,9347.74,informal,store,1,0.7049,1,high,customer_risk_model,v1
CUST_001301,57,6332.69,777,41,6,1.3,2,17650.44,formal,store,1,0.5542,1,medium,customer_risk_model,v1
CUST_001302,38,24300.0,683,119,7,0.3,0,9948.06,self_employed,store,0,0.2396,0,low,customer_risk_model,v1
CUST_001303,54,12911.53,647,87,7,5.2,1,5701.1,informal,store,1,0.4007,0,medium,customer_risk_model,v1
CUST_001304,64,27095.43,453,95,8,0.8,2,0.0,informal,app,1,0.5904,1,medium,customer_risk_model,v1
CUST_001305,49,16025.8,486,22,9,2.9,1,11376.54,formal,online,0,0.5667,1,medium,customer_risk_model,v1
CUST_001306,52,13577.29,650,104,6,0.0,2,15004.6,self_employed,app,1,0.5219,1,medium,customer_risk_model,v1
CUST_001307,31,16754.3,827,63,4,6.1,2,8076.82,self_employed,app,0,0.373,0,low,customer_risk_model,v1
CUST_001308,30,23304.44,587,93,5,8.1,2,5647.66,self_employed,app,0,0.4637,0,medium,customer_risk_model,v1
CUST_001309,39,16408.06,728,99,6,9.0,0,2997.42,formal,online,1,0.362,0,low,customer_risk_model,v1
CUST_001310,62,14522.93,607,13,3,0.9,0,8990.96,unemployed,app,0,0.5334,1,medium,customer_risk_model,v1
CUST_001311,45,16608.18,655,12,4,4.5,4,3086.16,formal,store,1,0.6759,1,medium,customer_risk_model,v1
CUST_001312,36,9097.01,759,8,4,0.7,1,3034.04,formal,store,0,0.4033,0,medium,customer_risk_model,v1
CUST_001313,58,20779.22,619,77,4,9.7,0,8167.66,informal,app,0,0.4105,0,medium,customer_risk_model,v1
CUST_001314,62,5492.91,588,109,14,4.0,1,27069.77,informal,store,0,0.5768,1,medium,customer_risk_model,v1
CUST_001315,64,14891.15,778,4,8,10.9,2,30681.04,formal,store,1,0.714,1,high,customer_risk_model,v1
CUST_001316,33,23315.7,654,17,4,7.6,2,21421.14,formal,online,1,0.6696,1,medium,customer_risk_model,v1
CUST_001317,54,20121.34,748,58,3,5.1,2,17154.41,formal,online,1,0.4948,0,medium,customer_risk_model,v1
CUST_001318,48,22132.24,588,47,11,8.2,3,0.0,self_employed,store,1,0.7044,1,high,customer_risk_model,v1
CUST_001319,41,17544.68,777,13,8,0.5,1,33409.76,formal,online,1,0.5592,1,medium,customer_risk_model,v1
CUST_001320,38,26188.22,675,73,2,1.8,2,15136.37,informal,store,1,0.495,0,medium,customer_risk_model,v1
CUST_001321,23,24472.89,689,108,5,2.5,0,3204.56,self_employed,store,1,0.2982,0,low,customer_risk_model,v1
CUST_001322,32,21122.99,662,26,11,4.3,1,33490.61,self_employed,call_center,1,0.6316,1,medium,customer_risk_model,v1
CUST_001323,46,24492.82,605,1,6,0.1,1,11212.22,formal,store,1,0.5051,1,medium,customer_risk_model,v1
CUST_001324,64,23252.96,650,27,6,3.1,1,18674.06,informal,store,0,0.5192,1,medium,customer_risk_model,v1
CUST_001325,63,14923.76,610,22,7,8.4,0,9483.96,formal,store,1,0.5973,1,medium,customer_risk_model,v1
CUST_001326,27,8592.71,736,56,12,3.7,1,16540.95,informal,call_center,1,0.5138,1,medium,customer_risk_model,v1
CUST_001327,53,20942.53,632,13,8,10.4,0,17490.29,formal,store,1,0.6927,1,medium,customer_risk_model,v1
CUST_001328,22,21822.62,515,43,9,1.2,0,18880.64,self_employed,store,0,0.5054,1,medium,customer_risk_model,v1
CUST_001329,53,25633.3,499,15,7,2.0,0,22267.38,informal,store,1,0.753,1,high,customer_risk_model,v1
CUST_001330,35,11445.75,495,81,5,8.2,1,13242.09,formal,store,1,0.725,1,high,customer_risk_model,v1
CUST_001331,41,11654.98,706,56,5,1.3,1,13678.67,unemployed,store,1,0.5544,1,medium,customer_risk_model,v1
CUST_001332,55,21219.3,546,9,5,3.6,1,11616.96,self_employed,store,1,0.6985,1,medium,customer_risk_model,v1
CUST_001333,40,17501.83,677,6,5,9.4,1,3647.47,formal,store,1,0.5488,1,medium,customer_risk_model,v1
CUST_001334,59,4799.67,662,59,4,6.7,1,4762.54,informal,app,0,0.4729,0,medium,customer_risk_model,v1
CUST_001335,45,20625.76,644,71,3,3.4,0,9534.66,self_employed,store,1,0.4191,0,medium,customer_risk_model,v1
CUST_001336,69,5033.04,689,21,8,0.3,4,22097.85,self_employed,app,1,0.6872,1,medium,customer_risk_model,v1
CUST_001337,51,11383.2,664,39,1,26.5,2,15766.0,self_employed,call_center,1,0.7008,1,high,customer_risk_model,v1
CUST_001338,33,27461.77,406,73,7,2.0,0,11254.57,informal,app,1,0.6751,1,medium,customer_risk_model,v1
CUST_001339,58,30774.15,621,57,6,3.7,0,9890.5,formal,app,0,0.3584,0,low,customer_risk_model,v1
CUST_001340,39,9490.41,688,14,5,0.1,2,2664.11,formal,app,1,0.5582,1,medium,customer_risk_model,v1
CUST_001341,45,15694.26,798,47,3,1.6,2,4809.42,formal,store,1,0.4551,0,medium,customer_risk_model,v1
CUST_001342,25,18298.36,802,24,7,1.7,0,13238.6,informal,store,0,0.3422,0,low,customer_risk_model,v1
CUST_001343,24,30468.59,527,111,3,10.3,1,12066.25,self_employed,store,0,0.5414,1,medium,customer_risk_model,v1
CUST_001344,47,14549.92,619,96,6,0.2,0,18226.24,formal,online,1,0.5113,1,medium,customer_risk_model,v1
CUST_001345,27,14661.81,509,38,6,9.6,1,10268.17,informal,store,1,0.754,1,high,customer_risk_model,v1
CUST_001346,69,28841.08,787,28,7,9.2,1,16539.52,formal,store,1,0.5409,1,medium,customer_risk_model,v1
CUST_001347,62,15376.48,741,17,10,3.6,2,0.0,formal,app,1,0.4183,0,medium,customer_risk_model,v1
CUST_001348,54,23055.41,682,88,4,0.2,0,4404.31,formal,store,0,0.3089,0,low,customer_risk_model,v1
CUST_001349,56,7660.0,665,110,5,1.1,0,14108.72,formal,app,0,0.4022,0,medium,customer_risk_model,v1
CUST_001350,48,16801.37,774,33,6,6.4,0,12130.72,informal,online,0,0.3673,0,low,customer_risk_model,v1
CUST_001351,21,6382.82,759,77,10,4.2,1,17901.55,informal,online,1,0.4403,0,medium,customer_risk_model,v1
CUST_001352,38,10611.96,754,28,5,3.3,2,21405.04,formal,store,0,0.5153,1,medium,customer_risk_model,v1
CUST_001353,43,23874.41,691,110,5,12.6,1,21770.53,unemployed,store,1,0.5151,1,medium,customer_risk_model,v1
CUST_001354,65,17650.66,619,36,5,10.6,2,24687.9,formal,online,1,0.7533,1,high,customer_risk_model,v1
CUST_001355,29,15766.26,719,12,6,4.2,0,26566.88,informal,app,1,0.6118,1,medium,customer_risk_model,v1
CUST_001356,43,12758.75,723,105,8,5.3,0,9150.17,formal,app,0,0.2764,0,low,customer_risk_model,v1
CUST_001357,35,16455.41,633,113,4,4.1,1,30396.79,formal,app,0,0.4695,0,medium,customer_risk_model,v1
CUST_001358,24,20107.79,618,48,8,1.5,1,35114.67,informal,store,1,0.5387,1,medium,customer_risk_model,v1
CUST_001359,23,24880.41,752,108,3,3.1,1,1580.74,formal,online,0,0.1855,0,low,customer_risk_model,v1
CUST_001360,36,4000.0,800,30,6,2.2,0,7290.12,informal,online,1,0.4481,0,medium,customer_risk_model,v1
CUST_001361,22,12177.67,583,33,4,21.8,0,14881.49,formal,store,0,0.6616,1,medium,customer_risk_model,v1
CUST_001362,21,19113.67,626,64,5,11.1,3,13856.41,formal,store,1,0.6501,1,medium,customer_risk_model,v1
CUST_001363,36,17307.96,682,72,4,2.1,1,0.0,self_employed,store,0,0.3932,0,low,customer_risk_model,v1
CUST_001364,28,20823.63,694,46,6,3.7,2,4402.75,informal,online,0,0.4373,0,medium,customer_risk_model,v1
CUST_001365,46,19872.78,603,96,3,1.9,1,13734.12,informal,app,1,0.4033,0,medium,customer_risk_model,v1
CUST_001366,18,15865.92,820,95,6,10.9,0,10258.6,self_employed,app,0,0.3038,0,low,customer_risk_model,v1
CUST_001367,33,14312.03,688,15,6,2.8,1,16967.66,informal,store,1,0.574,1,medium,customer_risk_model,v1
CUST_001368,41,16281.49,698,118,10,0.1,2,27646.0,formal,online,1,0.434,0,medium,customer_risk_model,v1
CUST_001369,68,26041.2,808,19,4,1.5,0,2043.53,informal,online,0,0.3813,0,low,customer_risk_model,v1
CUST_001370,50,12875.94,610,63,2,1.2,0,30513.52,formal,online,1,0.6365,1,medium,customer_risk_model,v1
CUST_001371,63,17560.35,642,51,4,1.0,3,27049.4,formal,store,1,0.6913,1,medium,customer_risk_model,v1
CUST_001372,35,19283.4,537,54,3,0.9,1,0.0,informal,store,1,0.5985,1,medium,customer_risk_model,v1
CUST_001373,41,28922.46,634,16,7,3.5,3,2449.68,informal,store,1,0.6484,1,medium,customer_risk_model,v1
CUST_001374,39,15897.84,516,41,6,0.6,2,8769.23,informal,app,1,0.725,1,high,customer_risk_model,v1
CUST_001375,64,24711.65,717,4,3,1.8,0,4372.63,formal,app,0,0.3264,0,low,customer_risk_model,v1
CUST_001376,67,26623.86,688,116,3,7.4,0,16655.9,informal,online,0,0.3516,0,low,customer_risk_model,v1
CUST_001377,68,17553.72,625,18,8,0.8,2,17079.88,formal,store,1,0.7301,1,high,customer_risk_model,v1
CUST_001378,57,16524.97,641,58,6,5.0,1,13132.2,formal,online,1,0.5105,1,medium,customer_risk_model,v1
CUST_001379,44,15696.62,719,26,9,5.9,0,14992.04,informal,app,1,0.5057,1,medium,customer_risk_model,v1
CUST_001380,46,16209.24,548,22,4,1.8,2,10929.04,formal,store,1,0.7009,1,high,customer_risk_model,v1
CUST_001381,68,23979.68,668,47,7,11.9,0,15173.16,informal,app,0,0.5454,1,medium,customer_risk_model,v1
CUST_001382,32,19617.07,713,116,10,1.3,1,27302.55,formal,store,0,0.3514,0,low,customer_risk_model,v1
CUST_001383,36,19647.03,490,57,5,8.2,3,0.0,informal,call_center,1,0.7902,1,high,customer_risk_model,v1
CUST_001384,64,10123.44,712,115,5,1.2,0,12143.26,formal,call_center,0,0.3221,0,low,customer_risk_model,v1
CUST_001385,38,11227.57,499,99,3,1.0,0,15718.11,formal,call_center,1,0.6262,1,medium,customer_risk_model,v1
CUST_001386,30,33004.13,639,52,4,0.3,2,11209.99,self_employed,store,0,0.4048,0,medium,customer_risk_model,v1
CUST_001387,47,16755.22,545,108,7,6.9,1,14502.84,formal,app,1,0.6422,1,medium,customer_risk_model,v1
CUST_001388,34,12576.6,779,42,2,2.4,1,21590.04,self_employed,store,1,0.4576,0,medium,customer_risk_model,v1
CUST_001389,64,28017.69,546,60,3,1.5,1,7870.19,formal,store,0,0.4551,0,medium,customer_risk_model,v1
CUST_001390,65,19972.66,501,81,3,6.5,2,29671.72,formal,store,1,0.7196,1,high,customer_risk_model,v1
CUST_001391,33,22047.08,662,71,3,11.8,2,121.32,formal,app,1,0.5845,1,medium,customer_risk_model,v1
CUST_001392,45,17033.67,613,99,10,12.8,2,16964.19,formal,store,1,0.6861,1,medium,customer_risk_model,v1
CUST_001393,69,15769.29,515,20,2,4.7,5,11891.6,formal,store,1,0.7982,1,high,customer_risk_model,v1
CUST_001394,56,16812.9,697,60,7,7.6,1,14079.19,formal,online,1,0.5132,1,medium,customer_risk_model,v1
CUST_001395,29,8320.83,471,80,4,1.5,0,18091.21,unemployed,app,0,0.5685,1,medium,customer_risk_model,v1
CUST_001396,48,17384.51,557,40,6,0.1,1,7054.78,formal,store,1,0.6075,1,medium,customer_risk_model,v1
CUST_001397,50,20072.23,598,104,9,0.6,1,20818.63,formal,store,0,0.4353,0,medium,customer_risk_model,v1
CUST_001398,51,30953.24,722,36,8,5.8,2,27800.33,formal,store,1,0.5546,1,medium,customer_risk_model,v1
CUST_001399,19,18601.99,767,36,5,26.0,0,9680.26,informal,online,0,0.4385,0,medium,customer_risk_model,v1
CUST_001400,33,4000.0,749,39,2,35.8,1,7858.16,formal,online,0,0.5391,1,medium,customer_risk_model,v1
CUST_001401,62,17342.1,636,81,2,0.4,0,22122.84,informal,store,1,0.5735,1,medium,customer_risk_model,v1
CUST_001402,30,37176.53,432,15,8,1.3,0,19859.24,informal,store,0,0.6344,1,medium,customer_risk_model,v1
CUST_001403,33,24064.56,685,18,6,0.2,1,0.0,unemployed,store,1,0.5476,1,medium,customer_risk_model,v1
CUST_001404,34,12323.78,782,93,4,10.1,0,16420.97,formal,store,0,0.3695,0,low,customer_risk_model,v1
CUST_001405,27,22137.75,761,25,10,1.1,0,18203.22,informal,store,0,0.321,0,low,customer_risk_model,v1
CUST_001406,26,12805.91,692,13,4,2.0,1,11561.78,formal,store,1,0.4605,0,medium,customer_risk_model,v1
CUST_001407,36,8523.35,543,32,4,0.9,0,24004.38,formal,call_center,1,0.7372,1,high,customer_risk_model,v1
CUST_001408,63,15561.41,603,48,4,0.0,0,0.0,self_employed,store,1,0.4973,0,medium,customer_risk_model,v1
CUST_001409,18,18640.69,824,4,8,2.1,0,0.0,self_employed,store,0,0.2746,0,low,customer_risk_model,v1
CUST_001410,32,4894.91,522,100,2,0.1,3,20519.24,formal,app,1,0.7037,1,high,customer_risk_model,v1
CUST_001411,21,9955.88,547,14,5,6.0,1,5496.24,informal,store,1,0.7159,1,high,customer_risk_model,v1
CUST_001412,47,18072.35,735,49,6,3.1,5,11722.75,informal,store,1,0.4733,0,medium,customer_risk_model,v1
CUST_001413,31,15142.79,611,25,4,0.7,1,2936.03,formal,store,1,0.5546,1,medium,customer_risk_model,v1
CUST_001414,59,20763.68,544,36,6,9.6,0,18818.47,formal,store,1,0.7765,1,high,customer_risk_model,v1
CUST_001415,48,9497.32,788,6,7,8.8,2,14726.35,self_employed,call_center,1,0.5456,1,medium,customer_risk_model,v1
CUST_001416,58,22998.8,691,113,2,2.5,2,10939.03,formal,call_center,1,0.3841,0,low,customer_risk_model,v1
CUST_001417,51,9713.69,616,112,8,0.5,1,2122.71,formal,store,1,0.4105,0,medium,customer_risk_model,v1
CUST_001418,40,29499.14,547,16,6,0.1,1,10718.08,formal,store,0,0.5973,1,medium,customer_risk_model,v1
CUST_001419,62,5989.69,834,24,7,5.9,1,14669.55,self_employed,store,0,0.3992,0,low,customer_risk_model,v1
CUST_001420,42,10352.12,648,106,8,10.1,2,7745.63,formal,store,1,0.4646,0,medium,customer_risk_model,v1
CUST_001421,67,20921.6,776,50,6,0.8,1,8018.94,informal,store,1,0.315,0,low,customer_risk_model,v1
CUST_001422,69,29649.63,730,8,12,12.9,3,12083.04,formal,store,1,0.6788,1,medium,customer_risk_model,v1
CUST_001423,48,20205.3,603,17,5,5.7,1,17390.29,formal,online,1,0.6593,1,medium,customer_risk_model,v1
CUST_001424,53,21940.01,604,50,5,5.1,2,15391.54,formal,store,1,0.5998,1,medium,customer_risk_model,v1
CUST_001425,31,18122.76,780,67,5,0.8,1,21408.62,formal,online,0,0.3293,0,low,customer_risk_model,v1
CUST_001426,60,10815.21,782,76,6,11.2,2,11282.27,formal,call_center,1,0.5056,1,medium,customer_risk_model,v1
CUST_001427,52,14569.03,481,19,5,9.5,0,20103.31,formal,app,1,0.8783,1,high,customer_risk_model,v1
CUST_001428,64,9516.63,699,45,3,0.4,0,2672.95,informal,store,0,0.3804,0,low,customer_risk_model,v1
CUST_001429,31,9049.03,639,32,2,1.1,3,15185.92,formal,store,1,0.7317,1,high,customer_risk_model,v1
CUST_001430,58,20812.24,557,64,6,11.2,2,14760.17,unemployed,call_center,1,0.7536,1,high,customer_risk_model,v1
CUST_001431,42,10137.75,674,39,4,11.5,1,30860.6,self_employed,call_center,1,0.7578,1,high,customer_risk_model,v1
CUST_001432,27,20236.88,529,25,4,1.8,1,6638.77,formal,online,1,0.6821,1,medium,customer_risk_model,v1
CUST_001433,26,8887.24,608,98,9,0.2,0,2391.78,informal,store,0,0.4284,0,medium,customer_risk_model,v1
CUST_001434,47,20074.68,578,68,4,5.9,1,5837.81,formal,store,1,0.5739,1,medium,customer_risk_model,v1
CUST_001435,34,14579.22,605,57,6,3.0,4,6943.03,formal,store,1,0.654,1,medium,customer_risk_model,v1
CUST_001436,23,27846.31,644,17,6,2.3,1,15279.26,formal,store,1,0.5314,1,medium,customer_risk_model,v1
CUST_001437,40,20266.03,559,9,7,11.2,1,1915.61,self_employed,store,1,0.7772,1,high,customer_risk_model,v1
CUST_001438,51,26650.48,792,95,8,1.4,2,14763.55,formal,online,0,0.2273,0,low,customer_risk_model,v1
CUST_001439,34,12710.47,694,116,8,7.7,0,12273.93,formal,online,0,0.3585,0,low,customer_risk_model,v1
CUST_001440,67,18393.0,812,70,1,2.4,1,19315.62,informal,online,1,0.4124,0,medium,customer_risk_model,v1
CUST_001441,58,11132.39,636,5,3,2.0,1,16954.03,informal,call_center,1,0.6847,1,medium,customer_risk_model,v1
CUST_001442,44,15104.76,601,58,12,17.9,0,18626.0,formal,app,1,0.738,1,high,customer_risk_model,v1
CUST_001443,66,16165.27,808,34,9,0.2,4,15929.21,informal,store,1,0.5851,1,medium,customer_risk_model,v1
CUST_001444,40,12918.99,598,7,7,5.6,1,21342.39,informal,app,1,0.7329,1,high,customer_risk_model,v1
CUST_001445,25,9491.48,634,17,4,1.3,3,75.34,formal,store,1,0.706,1,high,customer_risk_model,v1
CUST_001446,19,8105.38,715,60,5,18.9,2,355.27,formal,store,1,0.5738,1,medium,customer_risk_model,v1
CUST_001447,66,4000.0,539,51,9,0.2,2,11835.35,informal,store,1,0.6724,1,medium,customer_risk_model,v1
CUST_001448,67,10605.57,714,68,5,6.8,3,12674.53,informal,call_center,1,0.5438,1,medium,customer_risk_model,v1
CUST_001449,56,22392.46,703,83,8,2.4,0,3807.76,formal,store,1,0.2875,0,low,customer_risk_model,v1
CUST_001450,23,6810.51,764,32,10,1.1,1,16481.71,formal,store,0,0.4366,0,medium,customer_risk_model,v1
CUST_001451,33,8423.14,730,35,3,6.1,0,1565.08,formal,app,1,0.4249,0,medium,customer_risk_model,v1
CUST_001452,20,30536.29,767,81,4,9.9,2,9855.75,unemployed,call_center,1,0.3853,0,low,customer_risk_model,v1
CUST_001453,20,13544.53,640,24,5,6.3,1,11856.21,formal,app,1,0.5862,1,medium,customer_risk_model,v1
CUST_001454,30,20247.32,572,10,7,1.4,2,16576.65,formal,store,1,0.7286,1,high,customer_risk_model,v1
CUST_001455,47,22496.22,840,102,8,6.6,0,7967.56,formal,call_center,0,0.1692,0,low,customer_risk_model,v1
CUST_001456,21,22637.68,513,25,2,0.7,3,21724.62,formal,store,0,0.6556,1,medium,customer_risk_model,v1
CUST_001457,69,7343.8,522,15,7,1.1,2,25441.54,unemployed,store,1,0.8386,1,high,customer_risk_model,v1
CUST_001458,41,16382.58,701,88,9,3.4,0,24303.92,self_employed,store,0,0.3119,0,low,customer_risk_model,v1
CUST_001459,31,6672.41,796,64,7,0.1,1,26462.65,formal,store,1,0.4808,0,medium,customer_risk_model,v1
CUST_001460,44,35124.23,667,18,16,1.3,0,20528.86,self_employed,online,1,0.5259,1,medium,customer_risk_model,v1
CUST_001461,59,6835.87,740,102,6,11.9,1,16921.47,formal,online,1,0.5433,1,medium,customer_risk_model,v1
CUST_001462,34,10665.12,470,30,3,0.9,0,6006.32,informal,online,0,0.6487,1,medium,customer_risk_model,v1
CUST_001463,20,10715.79,605,81,7,7.6,0,7487.04,formal,store,1,0.4606,0,medium,customer_risk_model,v1
CUST_001464,20,7523.38,481,78,3,9.7,1,19590.3,informal,online,1,0.7487,1,high,customer_risk_model,v1
CUST_001465,62,27468.16,720,99,7,2.1,3,0.0,informal,app,0,0.2471,0,low,customer_risk_model,v1
CUST_001466,23,34957.14,511,87,2,4.3,5,22588.56,formal,store,1,0.5737,1,medium,customer_risk_model,v1
CUST_001467,51,14669.76,535,84,2,9.4,0,7150.35,self_employed,store,1,0.6699,1,medium,customer_risk_model,v1
CUST_001468,37,8757.04,696,7,7,0.6,1,7727.21,formal,call_center,1,0.4768,0,medium,customer_risk_model,v1
CUST_001469,58,4000.0,746,112,1,8.0,1,18207.04,informal,store,1,0.5178,1,medium,customer_risk_model,v1
CUST_001470,21,16291.24,636,16,7,10.1,1,14243.41,self_employed,store,1,0.6273,1,medium,customer_risk_model,v1
CUST_001471,64,15785.44,701,31,4,13.3,1,8643.79,formal,store,1,0.6099,1,medium,customer_risk_model,v1
CUST_001472,54,13440.93,698,54,3,3.9,3,4714.72,unemployed,online,1,0.5914,1,medium,customer_risk_model,v1
CUST_001473,41,19549.63,631,35,2,12.1,0,0.0,informal,store,1,0.6252,1,medium,customer_risk_model,v1
CUST_001474,28,20766.21,551,71,2,4.4,0,0.0,informal,store,0,0.5184,1,medium,customer_risk_model,v1
CUST_001475,68,20261.58,701,7,6,1.1,0,23705.27,formal,store,1,0.5132,1,medium,customer_risk_model,v1
CUST_001476,33,15787.13,705,54,3,5.6,1,10267.49,formal,store,1,0.4451,0,medium,customer_risk_model,v1
CUST_001477,43,10288.65,730,42,10,3.0,0,4889.88,formal,call_center,1,0.4449,0,medium,customer_risk_model,v1
CUST_001478,38,22660.83,678,78,8,8.5,3,18012.16,self_employed,store,1,0.6282,1,medium,customer_risk_model,v1
CUST_001479,29,18087.6,545,62,5,5.0,2,5765.79,formal,app,1,0.7446,1,high,customer_risk_model,v1
CUST_001480,39,24218.5,712,90,4,3.1,1,5922.24,formal,store,0,0.2883,0,low,customer_risk_model,v1
CUST_001481,25,23530.53,650,20,2,3.3,0,21517.46,formal,online,0,0.442,0,medium,customer_risk_model,v1
CUST_001482,18,8047.67,607,113,7,3.4,1,17932.24,unemployed,online,0,0.47,0,medium,customer_risk_model,v1
CUST_001483,33,7960.44,623,47,4,11.1,2,13465.24,informal,store,1,0.664,1,medium,customer_risk_model,v1
CUST_001484,23,12711.21,588,42,4,2.7,1,7566.2,formal,store,1,0.594,1,medium,customer_risk_model,v1
CUST_001485,39,10606.14,730,66,4,3.2,3,13868.71,informal,store,0,0.4036,0,medium,customer_risk_model,v1
CUST_001486,62,23286.76,522,20,4,5.4,2,16643.89,formal,store,1,0.8182,1,high,customer_risk_model,v1
CUST_001487,26,20459.17,561,97,5,3.7,3,14064.46,self_employed,online,1,0.7118,1,high,customer_risk_model,v1
CUST_001488,18,25694.29,620,32,5,6.5,0,21715.2,informal,app,1,0.6413,1,medium,customer_risk_model,v1
CUST_001489,23,20775.41,795,111,9,5.7,0,3989.45,formal,store,0,0.1884,0,low,customer_risk_model,v1
CUST_001490,44,19460.55,745,18,3,9.7,0,9935.23,formal,store,0,0.383,0,low,customer_risk_model,v1
CUST_001491,32,26398.11,502,103,7,18.6,1,16455.47,formal,store,1,0.6548,1,medium,customer_risk_model,v1
CUST_001492,43,21288.09,772,47,6,16.3,0,7418.62,informal,store,1,0.4764,0,medium,customer_risk_model,v1
CUST_001493,19,18476.71,771,73,14,1.8,0,19622.68,formal,store,0,0.316,0,low,customer_risk_model,v1
CUST_001494,35,28363.17,544,104,3,0.9,0,22742.06,unemployed,call_center,1,0.5775,1,medium,customer_risk_model,v1
CUST_001495,39,18806.27,423,16,4,2.5,1,12474.63,formal,call_center,1,0.7605,1,high,customer_risk_model,v1
CUST_001496,40,15869.62,644,42,4,5.6,1,15062.54,self_employed,call_center,1,0.6476,1,medium,customer_risk_model,v1
CUST_001497,46,12135.24,751,113,7,2.8,0,10330.08,formal,online,0,0.2409,0,low,customer_risk_model,v1
CUST_001498,58,22921.18,793,18,7,6.5,1,9658.72,formal,app,0,0.3028,0,low,customer_risk_model,v1
CUST_001499,42,26659.35,572,13,7,5.2,2,22266.66,unemployed,app,1,0.7618,1,high,customer_risk_model,v1
CUST_001500,61,17645.89,808,63,3,5.9,5,5310.65,formal,store,1,0.4967,0,medium,customer_risk_model,v1
CUST_001501,45,27155.41,449,3,11,31.6,0,18613.97,informal,online,1,0.8084,1,high,customer_risk_model,v1
CUST_001502,31,4209.89,617,119,8,5.8,2,8056.95,informal,store,1,0.5362,1,medium,customer_risk_model,v1
CUST_001503,29,17611.83,612,108,3,10.5,0,5235.77,formal,online,1,0.4629,0,medium,customer_risk_model,v1
CUST_001504,34,17719.34,754,23,8,0.1,0,20063.93,self_employed,store,1,0.4178,0,medium,customer_risk_model,v1
CUST_001505,49,12911.04,767,21,8,4.8,2,17571.23,formal,store,0,0.4714,0,medium,customer_risk_model,v1
CUST_001506,30,34687.03,736,93,4,9.8,0,6773.48,formal,app,0,0.2359,0,low,customer_risk_model,v1
CUST_001507,65,17536.65,528,62,4,4.3,2,10653.7,informal,store,0,0.5803,1,medium,customer_risk_model,v1
CUST_001508,42,15145.88,728,98,6,11.3,1,11003.88,formal,store,0,0.3464,0,low,customer_risk_model,v1
CUST_001509,62,18181.73,696,116,7,12.8,1,13880.76,self_employed,app,0,0.4519,0,medium,customer_risk_model,v1
CUST_001510,53,4000.0,500,48,6,5.3,1,8084.56,formal,app,1,0.7254,1,high,customer_risk_model,v1
CUST_001511,35,12680.92,464,31,5,0.9,2,25892.45,self_employed,call_center,1,0.8073,1,high,customer_risk_model,v1
CUST_001512,29,24882.68,743,74,2,12.6,1,3130.61,formal,call_center,1,0.3647,0,low,customer_risk_model,v1
CUST_001513,56,13597.38,634,76,7,8.0,3,0.0,informal,store,0,0.6213,1,medium,customer_risk_model,v1
CUST_001514,35,12197.87,534,52,5,23.7,0,11063.43,unemployed,store,1,0.7727,1,high,customer_risk_model,v1
CUST_001515,30,27166.68,631,36,4,0.4,0,0.0,unemployed,store,0,0.5298,1,medium,customer_risk_model,v1
CUST_001516,66,27381.78,683,32,7,1.2,4,5785.79,self_employed,store,0,0.4231,0,medium,customer_risk_model,v1
CUST_001517,43,21618.93,643,63,7,0.1,1,6936.88,informal,online,0,0.4135,0,medium,customer_risk_model,v1
CUST_001518,20,14814.18,510,51,4,2.1,1,12121.32,informal,call_center,1,0.6786,1,medium,customer_risk_model,v1
CUST_001519,43,16323.7,820,55,10,7.0,2,10421.2,formal,call_center,0,0.4112,0,medium,customer_risk_model,v1
CUST_001520,41,12370.95,740,12,11,0.8,1,13888.07,formal,online,1,0.5177,1,medium,customer_risk_model,v1
CUST_001521,62,11036.59,620,105,4,1.6,1,5759.5,informal,store,0,0.3567,0,low,customer_risk_model,v1
CUST_001522,55,10689.08,623,85,4,1.5,0,8972.56,formal,store,0,0.4119,0,medium,customer_risk_model,v1
CUST_001523,27,13673.62,682,110,8,3.6,1,16629.93,informal,store,1,0.387,0,low,customer_risk_model,v1
CUST_001524,25,10756.95,548,99,7,5.1,2,0.0,informal,store,0,0.6153,1,medium,customer_risk_model,v1
CUST_001525,49,7054.06,679,74,8,4.5,3,15365.78,informal,store,1,0.5647,1,medium,customer_risk_model,v1
CUST_001526,20,19535.82,530,37,8,7.1,0,0.0,informal,store,0,0.6067,1,medium,customer_risk_model,v1
CUST_001527,34,19642.17,644,78,4,3.6,1,12084.79,self_employed,store,0,0.4104,0,medium,customer_risk_model,v1
CUST_001528,25,29905.55,545,68,4,0.6,0,16159.36,formal,call_center,1,0.6077,1,medium,customer_risk_model,v1
CUST_001529,19,13321.63,549,110,10,2.2,1,14461.75,informal,store,1,0.5762,1,medium,customer_risk_model,v1
CUST_001530,65,20072.7,798,28,6,4.9,1,7038.12,informal,store,0,0.3301,0,low,customer_risk_model,v1
CUST_001531,22,20188.99,655,4,6,3.3,0,14055.36,formal,online,1,0.5132,1,medium,customer_risk_model,v1
CUST_001532,18,16223.14,669,16,9,8.9,0,4461.48,informal,store,0,0.5054,1,medium,customer_risk_model,v1
CUST_001533,66,23210.34,469,21,5,15.0,1,23056.21,formal,app,1,0.8311,1,high,customer_risk_model,v1
CUST_001534,27,23426.6,596,79,6,3.4,0,18650.24,informal,call_center,0,0.4237,0,medium,customer_risk_model,v1
CUST_001535,60,20291.88,692,18,7,2.8,1,4407.84,self_employed,store,0,0.3414,0,low,customer_risk_model,v1
CUST_001536,19,16210.52,667,16,8,1.5,1,23014.93,formal,store,0,0.5471,1,medium,customer_risk_model,v1
CUST_001537,25,15497.29,456,48,4,0.8,1,13556.91,informal,store,1,0.7346,1,high,customer_risk_model,v1
CUST_001538,23,8425.72,669,94,6,9.1,1,2962.71,self_employed,call_center,0,0.393,0,low,customer_risk_model,v1
CUST_001539,54,12358.58,683,51,7,1.2,0,21340.64,informal,store,1,0.5973,1,medium,customer_risk_model,v1
CUST_001540,50,13645.95,766,33,6,0.9,2,25148.51,formal,app,0,0.5013,1,medium,customer_risk_model,v1
CUST_001541,42,10132.2,591,34,5,1.3,3,9954.03,informal,app,1,0.7521,1,high,customer_risk_model,v1
CUST_001542,30,21079.47,448,98,8,6.5,2,14927.88,formal,app,1,0.6996,1,medium,customer_risk_model,v1
CUST_001543,22,26376.4,560,52,5,1.9,1,11895.04,formal,online,1,0.574,1,medium,customer_risk_model,v1
CUST_001544,47,11643.56,551,44,10,7.3,2,16634.96,unemployed,store,1,0.7893,1,high,customer_risk_model,v1
CUST_001545,29,19984.09,716,93,10,0.6,2,18358.6,formal,online,1,0.3482,0,low,customer_risk_model,v1
CUST_001546,48,10761.22,405,44,4,0.9,1,19888.47,self_employed,store,1,0.7978,1,high,customer_risk_model,v1
CUST_001547,53,15865.54,610,43,6,2.2,1,0.0,informal,store,1,0.5094,1,medium,customer_risk_model,v1
CUST_001548,62,13167.69,778,90,10,1.0,3,7854.25,formal,app,1,0.3711,0,low,customer_risk_model,v1
CUST_001549,43,22213.27,651,39,3,12.5,0,19722.66,self_employed,store,1,0.6342,1,medium,customer_risk_model,v1
CUST_001550,18,13248.48,731,61,4,1.1,1,6414.6,formal,call_center,0,0.3746,0,low,customer_risk_model,v1
CUST_001551,32,25081.62,502,80,3,5.0,5,14777.53,unemployed,store,0,0.5797,1,medium,customer_risk_model,v1
CUST_001552,62,16279.95,506,24,4,11.2,1,4668.75,informal,store,1,0.7701,1,high,customer_risk_model,v1
CUST_001553,45,13452.77,779,16,7,5.3,2,17423.18,formal,store,0,0.4875,0,medium,customer_risk_model,v1
CUST_001554,50,9226.86,659,102,5,8.2,1,12299.83,formal,store,1,0.4466,0,medium,customer_risk_model,v1
CUST_001555,41,19772.43,659,36,4,3.9,2,16831.92,self_employed,online,1,0.613,1,medium,customer_risk_model,v1
CUST_001556,26,24266.53,549,41,7,6.6,1,15159.76,self_employed,store,1,0.7137,1,high,customer_risk_model,v1
CUST_001557,64,19913.25,659,71,7,0.8,0,758.11,formal,online,1,0.4021,0,medium,customer_risk_model,v1
CUST_001558,58,33671.82,547,13,4,6.8,4,28759.38,self_employed,store,1,0.8186,1,high,customer_risk_model,v1
CUST_001559,69,28008.51,757,6,3,11.7,1,1537.15,informal,store,1,0.6155,1,medium,customer_risk_model,v1
CUST_001560,62,15847.31,850,50,6,6.2,2,31883.06,informal,online,1,0.6426,1,medium,customer_risk_model,v1
CUST_001561,33,15773.81,694,116,5,1.4,0,0.0,informal,store,1,0.3524,0,low,customer_risk_model,v1
CUST_001562,31,21287.88,593,69,6,6.9,1,12544.65,formal,call_center,1,0.5736,1,medium,customer_risk_model,v1
CUST_001563,30,12133.87,422,69,6,2.9,1,739.41,formal,online,1,0.7017,1,high,customer_risk_model,v1
CUST_001564,65,26164.02,498,73,6,5.1,1,24926.0,informal,store,1,0.7299,1,high,customer_risk_model,v1
CUST_001565,46,20531.2,790,103,9,3.8,1,3884.65,formal,online,0,0.2068,0,low,customer_risk_model,v1
CUST_001566,41,19795.21,557,100,3,10.8,3,3240.03,self_employed,online,1,0.7031,1,high,customer_risk_model,v1
CUST_001567,68,22808.68,617,3,7,1.1,1,12273.27,formal,call_center,0,0.534,1,medium,customer_risk_model,v1
CUST_001568,49,30059.81,709,65,4,2.0,4,23442.0,formal,store,0,0.4967,0,medium,customer_risk_model,v1
CUST_001569,65,19196.69,783,66,2,17.4,2,21863.11,informal,online,1,0.6906,1,medium,customer_risk_model,v1
CUST_001570,69,17208.72,632,27,5,4.0,2,10218.26,informal,store,1,0.6216,1,medium,customer_risk_model,v1
CUST_001571,22,28561.04,614,117,7,0.9,4,9436.26,informal,store,1,0.46,0,medium,customer_risk_model,v1
CUST_001572,36,24772.85,656,32,5,1.7,0,16172.33,self_employed,online,0,0.4126,0,medium,customer_risk_model,v1
CUST_001573,56,15753.14,594,100,13,0.4,0,11533.73,informal,online,0,0.3615,0,low,customer_risk_model,v1
CUST_001574,60,18036.31,598,13,6,6.5,0,12645.12,informal,app,1,0.5864,1,medium,customer_risk_model,v1
CUST_001575,25,19367.67,687,72,7,0.9,3,10866.26,formal,store,0,0.3923,0,low,customer_risk_model,v1
CUST_001576,34,20532.69,667,88,9,1.5,2,16883.66,informal,store,0,0.399,0,low,customer_risk_model,v1
CUST_001577,46,8503.8,842,60,7,17.8,0,15607.2,formal,online,0,0.5156,1,medium,customer_risk_model,v1
CUST_001578,59,7202.61,689,13,9,0.1,1,24171.36,formal,store,1,0.6534,1,medium,customer_risk_model,v1
CUST_001579,23,11788.27,754,15,5,3.3,2,6905.06,informal,store,1,0.4002,0,medium,customer_risk_model,v1
CUST_001580,49,11246.83,554,73,3,1.2,0,6831.4,informal,store,0,0.543,1,medium,customer_risk_model,v1
CUST_001581,33,13493.23,697,103,7,4.9,1,11258.45,formal,store,1,0.3098,0,low,customer_risk_model,v1
CUST_001582,29,22442.97,585,72,8,14.9,1,10382.21,formal,store,1,0.6465,1,medium,customer_risk_model,v1
CUST_001583,44,16817.5,686,12,3,11.5,0,18902.92,formal,online,1,0.66,1,medium,customer_risk_model,v1
CUST_001584,39,19374.76,712,94,4,2.3,2,3560.86,formal,online,1,0.3853,0,low,customer_risk_model,v1
CUST_001585,51,9429.88,654,55,11,0.8,0,22160.48,formal,store,1,0.5656,1,medium,customer_risk_model,v1
CUST_001586,34,14768.5,850,9,9,2.7,1,9724.31,formal,store,1,0.441,0,medium,customer_risk_model,v1
CUST_001587,60,22110.8,779,44,4,5.6,0,21450.52,formal,store,0,0.3631,0,low,customer_risk_model,v1
CUST_001588,22,22164.67,756,25,5,0.1,3,32250.06,formal,app,1,0.5521,1,medium,customer_risk_model,v1
CUST_001589,62,12927.98,719,118,6,6.6,4,20211.92,self_employed,store,0,0.4066,0,medium,customer_risk_model,v1
CUST_001590,19,19131.64,809,109,3,4.3,0,16998.92,formal,store,0,0.2044,0,low,customer_risk_model,v1
CUST_001591,56,33391.93,521,13,2,16.4,3,20925.36,formal,online,1,0.8155,1,high,customer_risk_model,v1
CUST_001592,36,17876.81,773,69,6,9.6,1,9645.72,formal,store,1,0.408,0,medium,customer_risk_model,v1
CUST_001593,37,13147.69,561,1,1,4.6,2,14103.99,informal,call_center,0,0.6191,1,medium,customer_risk_model,v1
CUST_001594,18,16783.66,599,55,5,7.6,0,6622.14,self_employed,store,1,0.5448,1,medium,customer_risk_model,v1
CUST_001595,54,18645.24,701,19,6,3.4,1,7130.68,self_employed,store,0,0.3292,0,low,customer_risk_model,v1
CUST_001596,26,16941.82,761,89,12,0.5,1,14467.18,formal,call_center,0,0.2982,0,low,customer_risk_model,v1
CUST_001597,52,17780.52,546,9,8,2.4,0,12765.71,informal,call_center,0,0.608,1,medium,customer_risk_model,v1
CUST_001598,55,7895.87,604,108,2,0.2,1,15451.24,unemployed,store,0,0.4962,0,medium,customer_risk_model,v1
CUST_001599,61,11261.59,659,28,6,0.4,1,13073.74,formal,store,0,0.487,0,medium,customer_risk_model,v1
CUST_001600,54,16954.65,633,32,7,2.2,4,9741.07,self_employed,call_center,1,0.712,1,high,customer_risk_model,v1
CUST_001601,33,16843.12,727,106,2,2.0,3,19389.82,self_employed,store,0,0.316,0,low,customer_risk_model,v1
CUST_001602,56,14036.68,850,108,1,3.2,1,7060.01,self_employed,app,1,0.2339,0,low,customer_risk_model,v1
CUST_001603,60,16760.9,688,12,10,13.6,2,14008.84,unemployed,store,1,0.7022,1,high,customer_risk_model,v1
CUST_001604,34,18427.1,584,13,19,1.9,0,21181.19,formal,app,1,0.6422,1,medium,customer_risk_model,v1
CUST_001605,24,24225.89,533,102,11,18.5,1,17675.72,informal,online,1,0.7029,1,high,customer_risk_model,v1
CUST_001606,64,17305.52,621,117,4,6.6,1,11768.64,formal,app,1,0.4448,0,medium,customer_risk_model,v1
CUST_001607,25,20793.72,565,59,7,4.8,1,0.0,formal,store,0,0.5254,1,medium,customer_risk_model,v1
CUST_001608,48,14208.8,692,20,8,4.8,3,9279.25,informal,call_center,0,0.4704,0,medium,customer_risk_model,v1
CUST_001609,30,22004.67,691,19,6,4.0,1,28995.84,self_employed,store,0,0.4054,0,medium,customer_risk_model,v1
CUST_001610,24,20630.11,608,32,9,6.0,0,10015.23,formal,store,0,0.4841,0,medium,customer_risk_model,v1
CUST_001611,58,24060.72,829,82,7,9.5,1,11959.07,informal,app,1,0.3354,0,low,customer_risk_model,v1
CUST_001612,25,22994.22,584,12,6,0.4,2,13356.61,formal,store,1,0.6631,1,medium,customer_risk_model,v1
CUST_001613,52,22121.15,639,77,6,7.4,1,15418.52,formal,store,0,0.437,0,medium,customer_risk_model,v1
CUST_001614,54,17311.08,708,96,9,1.7,0,6758.26,formal,online,1,0.3411,0,low,customer_risk_model,v1
CUST_001615,21,19714.57,730,18,4,9.6,0,18064.19,informal,app,0,0.4611,0,medium,customer_risk_model,v1
CUST_001616,26,25444.56,765,118,12,19.6,0,15270.23,formal,online,0,0.3114,0,low,customer_risk_model,v1
CUST_001617,59,13435.48,689,118,11,9.3,1,0.0,formal,store,0,0.3889,0,low,customer_risk_model,v1
CUST_001618,44,13601.15,745,36,8,3.1,0,0.0,formal,store,0,0.3803,0,low,customer_risk_model,v1
CUST_001619,24,19270.02,590,14,6,3.2,1,7704.71,formal,store,1,0.5942,1,medium,customer_risk_model,v1
CUST_001620,69,20906.96,733,39,3,9.8,1,2313.24,informal,online,1,0.5209,1,medium,customer_risk_model,v1
CUST_001621,31,12231.25,731,31,9,3.3,2,14474.53,formal,store,0,0.4905,0,medium,customer_risk_model,v1
CUST_001622,18,17476.66,786,34,8,8.2,2,9005.17,formal,app,1,0.433,0,medium,customer_risk_model,v1
CUST_001623,66,17342.01,500,111,8,4.3,0,15760.97,formal,call_center,0,0.5365,1,medium,customer_risk_model,v1
CUST_001624,18,4000.0,568,19,5,2.2,2,15865.66,informal,app,0,0.6524,1,medium,customer_risk_model,v1
CUST_001625,46,16462.84,724,38,2,0.6,1,3954.0,formal,store,1,0.4016,0,medium,customer_risk_model,v1
CUST_001626,69,16898.78,411,94,9,8.0,2,9085.86,formal,store,1,0.7201,1,high,customer_risk_model,v1
CUST_001627,48,16877.95,694,7,4,1.8,1,7573.73,formal,store,1,0.4182,0,medium,customer_risk_model,v1
CUST_001628,48,27911.4,745,8,7,8.4,2,19464.43,unemployed,online,0,0.5404,1,medium,customer_risk_model,v1
CUST_001629,38,9489.41,598,36,7,2.9,1,10594.53,informal,app,0,0.5102,1,medium,customer_risk_model,v1
CUST_001630,24,12227.64,611,116,4,2.0,4,22007.76,formal,app,1,0.6386,1,medium,customer_risk_model,v1
CUST_001631,47,4000.0,553,100,4,1.1,3,22452.84,informal,store,1,0.6799,1,medium,customer_risk_model,v1
CUST_001632,64,14633.58,603,111,10,1.2,1,10915.55,self_employed,store,1,0.3736,0,low,customer_risk_model,v1
CUST_001633,22,15230.5,606,103,3,0.6,2,7261.08,informal,online,1,0.5474,1,medium,customer_risk_model,v1
CUST_001634,63,14430.16,589,15,6,1.1,1,4994.82,formal,store,0,0.5347,1,medium,customer_risk_model,v1
CUST_001635,39,25753.74,584,48,10,12.6,2,17679.57,formal,online,0,0.6516,1,medium,customer_risk_model,v1
CUST_001636,45,24024.32,626,64,7,2.4,4,11197.17,informal,online,1,0.6084,1,medium,customer_risk_model,v1
CUST_001637,26,18545.0,625,20,10,12.8,0,6169.07,formal,online,0,0.5512,1,medium,customer_risk_model,v1
CUST_001638,50,15405.71,819,119,3,3.3,1,19176.66,formal,store,0,0.2545,0,low,customer_risk_model,v1
CUST_001639,27,25183.33,615,72,8,4.9,2,19323.2,self_employed,online,1,0.5824,1,medium,customer_risk_model,v1
CUST_001640,32,17861.69,681,102,9,3.0,2,4412.22,informal,store,0,0.3544,0,low,customer_risk_model,v1
CUST_001641,55,12272.11,598,31,7,1.9,3,14892.32,formal,store,1,0.7197,1,high,customer_risk_model,v1
CUST_001642,20,5986.26,597,86,4,0.6,1,16709.61,informal,online,1,0.5289,1,medium,customer_risk_model,v1
CUST_001643,41,14910.8,497,13,11,13.6,1,25612.55,self_employed,store,1,0.826,1,high,customer_risk_model,v1
CUST_001644,48,23282.51,509,3,3,4.6,1,10679.8,informal,app,0,0.651,1,medium,customer_risk_model,v1
CUST_001645,24,33935.77,541,77,5,4.5,2,12001.55,informal,store,1,0.5999,1,medium,customer_risk_model,v1
CUST_001646,33,18431.27,667,9,8,10.8,6,17288.34,formal,app,0,0.7319,1,high,customer_risk_model,v1
CUST_001647,35,12642.51,747,33,9,2.3,1,22151.5,informal,call_center,1,0.5528,1,medium,customer_risk_model,v1
CUST_001648,52,9705.24,489,95,5,3.5,2,15204.95,self_employed,store,1,0.6625,1,medium,customer_risk_model,v1
CUST_001649,68,21863.68,601,60,5,12.7,1,13803.65,formal,store,1,0.6443,1,medium,customer_risk_model,v1
CUST_001650,61,5647.69,527,45,9,3.8,1,7509.51,informal,store,0,0.5614,1,medium,customer_risk_model,v1
CUST_001651,27,21852.42,626,35,7,3.0,2,9410.99,informal,app,1,0.5977,1,medium,customer_risk_model,v1
CUST_001652,18,23723.98,747,80,5,1.1,2,10808.12,formal,store,0,0.1936,0,low,customer_risk_model,v1
CUST_001653,20,21053.96,610,114,5,1.0,0,17610.03,formal,app,1,0.4092,0,medium,customer_risk_model,v1
CUST_001654,48,16462.37,646,88,3,2.8,1,15590.05,self_employed,online,0,0.4203,0,medium,customer_risk_model,v1
CUST_001655,26,21954.58,781,43,7,0.5,2,6486.37,formal,app,0,0.3644,0,low,customer_risk_model,v1
CUST_001656,30,19196.57,691,51,4,17.3,1,18798.14,formal,app,1,0.6246,1,medium,customer_risk_model,v1
CUST_001657,62,12553.13,582,13,2,4.9,4,10647.32,formal,app,1,0.7418,1,high,customer_risk_model,v1
CUST_001658,63,30952.89,664,18,3,4.8,2,10761.3,informal,store,1,0.5656,1,medium,customer_risk_model,v1
CUST_001659,61,15538.24,576,32,4,3.0,2,18144.34,formal,online,1,0.7469,1,high,customer_risk_model,v1
CUST_001660,31,23430.27,688,47,4,9.3,3,19142.03,formal,online,1,0.6127,1,medium,customer_risk_model,v1
CUST_001661,50,4000.0,696,118,9,7.2,3,14767.16,formal,online,0,0.4099,0,medium,customer_risk_model,v1
CUST_001662,49,26935.3,527,104,4,17.5,0,26972.49,self_employed,app,1,0.6551,1,medium,customer_risk_model,v1
CUST_001663,27,28281.35,666,14,5,6.5,3,0.0,formal,store,1,0.5708,1,medium,customer_risk_model,v1
CUST_001664,46,18208.84,639,40,6,0.3,0,19725.2,formal,online,0,0.5202,1,medium,customer_risk_model,v1
CUST_001665,45,21911.4,699,7,5,9.2,2,4004.99,formal,store,1,0.5581,1,medium,customer_risk_model,v1
CUST_001666,38,21909.61,725,8,4,2.9,0,11864.87,self_employed,online,0,0.3095,0,low,customer_risk_model,v1
CUST_001667,57,13500.52,693,45,12,2.5,1,12196.08,informal,call_center,0,0.4304,0,medium,customer_risk_model,v1
CUST_001668,53,21829.86,623,115,8,1.3,3,11603.5,formal,online,1,0.5358,1,medium,customer_risk_model,v1
CUST_001669,45,12339.59,734,23,6,6.4,4,4779.25,formal,store,1,0.5387,1,medium,customer_risk_model,v1
CUST_001670,55,13738.7,571,82,5,10.6,1,1204.77,formal,store,1,0.5471,1,medium,customer_risk_model,v1
CUST_001671,57,25888.6,531,47,7,2.5,1,0.0,formal,call_center,1,0.635,1,medium,customer_risk_model,v1
CUST_001672,47,24822.6,362,65,3,4.0,1,10405.95,formal,store,1,0.6326,1,medium,customer_risk_model,v1
CUST_001673,31,13055.37,644,104,10,4.9,0,13149.36,informal,call_center,0,0.3728,0,low,customer_risk_model,v1
CUST_001674,57,12864.97,576,99,6,3.9,3,16823.82,self_employed,app,1,0.7142,1,high,customer_risk_model,v1
CUST_001675,55,13480.82,686,99,4,3.9,3,21360.14,self_employed,store,1,0.517,1,medium,customer_risk_model,v1
CUST_001676,69,23128.48,473,49,7,2.9,1,18791.47,formal,app,1,0.7095,1,high,customer_risk_model,v1
CUST_001677,25,11000.11,592,6,6,7.7,2,19973.23,formal,online,0,0.6633,1,medium,customer_risk_model,v1
CUST_001678,39,20496.99,692,118,8,5.5,1,4063.91,informal,call_center,1,0.2735,0,low,customer_risk_model,v1
CUST_001679,66,23227.93,557,119,8,3.0,1,20902.92,informal,store,1,0.5618,1,medium,customer_risk_model,v1
CUST_001680,44,17382.28,687,103,6,3.6,0,15063.26,informal,online,0,0.3061,0,low,customer_risk_model,v1
CUST_001681,67,25070.45,600,57,0,19.4,1,1675.41,self_employed,store,1,0.6522,1,medium,customer_risk_model,v1
CUST_001682,18,15869.83,647,34,11,12.0,0,20635.96,formal,store,1,0.7043,1,high,customer_risk_model,v1
CUST_001683,19,16503.01,704,21,5,8.3,0,5012.68,formal,store,1,0.4729,0,medium,customer_risk_model,v1
CUST_001684,59,11159.28,736,45,11,3.9,2,3781.64,informal,online,0,0.4245,0,medium,customer_risk_model,v1
CUST_001685,36,25120.24,658,40,6,4.1,0,24409.71,informal,store,0,0.5278,1,medium,customer_risk_model,v1
CUST_001686,45,12634.36,577,33,6,3.1,2,13983.24,formal,call_center,0,0.6453,1,medium,customer_risk_model,v1
CUST_001687,40,20448.4,609,114,14,6.0,1,3726.14,formal,store,0,0.3728,0,low,customer_risk_model,v1
CUST_001688,39,17500.79,707,79,9,3.0,1,7764.76,unemployed,online,0,0.4346,0,medium,customer_risk_model,v1
CUST_001689,66,10630.52,558,27,7,2.6,1,20530.94,informal,call_center,1,0.751,1,high,customer_risk_model,v1
CUST_001690,22,13736.28,634,77,9,3.8,1,2460.29,informal,store,1,0.4839,0,medium,customer_risk_model,v1
CUST_001691,58,27680.11,615,84,1,2.9,4,10932.95,formal,store,0,0.4842,0,medium,customer_risk_model,v1
CUST_001692,64,19411.6,641,63,11,9.2,0,10928.31,self_employed,store,1,0.5415,1,medium,customer_risk_model,v1
CUST_001693,52,10935.95,559,113,10,10.3,4,33845.01,formal,call_center,1,0.7887,1,high,customer_risk_model,v1
CUST_001694,38,20137.3,483,115,3,7.5,3,403.57,formal,call_center,1,0.7206,1,high,customer_risk_model,v1
CUST_001695,26,16977.2,697,52,3,2.5,1,734.28,formal,online,1,0.457,0,medium,customer_risk_model,v1
CUST_001696,53,42178.32,737,57,11,6.8,2,7527.42,formal,online,1,0.436,0,medium,customer_risk_model,v1
CUST_001697,42,19995.87,489,26,6,1.8,3,6943.02,formal,store,1,0.7989,1,high,customer_risk_model,v1
CUST_001698,25,15335.63,683,94,9,2.5,0,12342.88,formal,store,0,0.3784,0,low,customer_risk_model,v1
CUST_001699,36,27940.2,747,111,8,8.5,2,8290.41,formal,online,0,0.289,0,low,customer_risk_model,v1
CUST_001700,68,5112.75,704,79,6,1.9,1,18837.5,formal,store,0,0.4393,0,medium,customer_risk_model,v1
CUST_001701,31,18660.24,612,24,4,3.7,1,12765.9,informal,app,1,0.5834,1,medium,customer_risk_model,v1
CUST_001702,27,31961.0,565,62,8,2.6,3,4339.18,formal,call_center,1,0.6195,1,medium,customer_risk_model,v1
CUST_001703,53,17186.61,657,95,9,8.7,0,10162.6,formal,app,1,0.4135,0,medium,customer_risk_model,v1
CUST_001704,28,5866.89,672,6,4,1.4,0,9904.68,self_employed,store,1,0.4965,0,medium,customer_risk_model,v1
CUST_001705,65,15228.57,659,71,6,14.2,1,21218.24,formal,store,1,0.7041,1,high,customer_risk_model,v1
CUST_001706,62,28181.63,634,79,4,5.0,3,18993.34,formal,call_center,0,0.5795,1,medium,customer_risk_model,v1
CUST_001707,69,20632.49,553,64,4,14.1,0,17782.72,informal,store,1,0.8027,1,high,customer_risk_model,v1
CUST_001708,65,12128.01,688,77,4,3.3,1,6259.23,self_employed,store,0,0.3498,0,low,customer_risk_model,v1
CUST_001709,30,13203.3,692,107,8,3.5,1,14581.48,informal,store,0,0.319,0,low,customer_risk_model,v1
CUST_001710,29,14082.1,668,15,8,0.5,3,2866.19,formal,store,1,0.6419,1,medium,customer_risk_model,v1
CUST_001711,35,20528.39,660,68,4,10.5,1,17299.53,informal,store,1,0.5723,1,medium,customer_risk_model,v1
CUST_001712,42,27367.37,801,95,9,10.1,2,21809.83,formal,store,1,0.4095,0,medium,customer_risk_model,v1
CUST_001713,63,25366.96,594,98,5,12.0,2,0.0,informal,online,1,0.5111,1,medium,customer_risk_model,v1
CUST_001714,56,21192.09,765,56,3,0.3,2,11407.43,formal,store,0,0.388,0,low,customer_risk_model,v1
CUST_001715,51,8678.49,584,119,3,1.5,2,11399.11,formal,store,1,0.532,1,medium,customer_risk_model,v1
CUST_001716,63,8704.47,750,39,5,3.8,0,19375.86,formal,app,1,0.5379,1,medium,customer_risk_model,v1
CUST_001717,51,21732.76,761,53,5,7.1,0,7403.28,formal,store,0,0.3138,0,low,customer_risk_model,v1
CUST_001718,37,8581.7,624,99,4,5.3,1,7291.49,informal,store,1,0.408,0,medium,customer_risk_model,v1
CUST_001719,39,16421.03,799,53,11,7.5,1,13429.88,formal,online,1,0.5383,1,medium,customer_risk_model,v1
CUST_001720,44,20129.05,692,41,5,5.4,1,17015.01,self_employed,online,1,0.4362,0,medium,customer_risk_model,v1
CUST_001721,22,10036.84,571,67,2,2.0,1,13802.58,formal,store,1,0.5839,1,medium,customer_risk_model,v1
CUST_001722,56,10830.16,616,75,5,1.6,1,19206.79,formal,store,1,0.5963,1,medium,customer_risk_model,v1
CUST_001723,51,17341.15,752,116,4,1.0,0,17670.42,informal,call_center,1,0.3748,0,low,customer_risk_model,v1
CUST_001724,56,21525.55,733,74,6,20.2,1,8023.25,self_employed,store,0,0.3837,0,low,customer_risk_model,v1
CUST_001725,45,25430.63,555,23,4,0.6,0,12352.33,formal,store,1,0.6533,1,medium,customer_risk_model,v1
CUST_001726,58,22249.37,637,7,7,4.3,1,16561.44,informal,store,1,0.6205,1,medium,customer_risk_model,v1
CUST_001727,67,18515.6,668,116,6,1.3,1,5831.5,informal,online,0,0.334,0,low,customer_risk_model,v1
CUST_001728,47,12776.64,604,51,3,5.3,0,6734.7,informal,online,1,0.518,1,medium,customer_risk_model,v1
CUST_001729,41,10503.65,850,24,14,2.7,1,501.92,formal,app,1,0.4875,0,medium,customer_risk_model,v1
CUST_001730,23,14423.86,671,27,11,7.4,3,21618.96,informal,online,1,0.7883,1,high,customer_risk_model,v1
CUST_001731,58,20869.55,644,13,12,5.8,0,29523.9,formal,store,1,0.6928,1,medium,customer_risk_model,v1
CUST_001732,65,20356.37,757,24,7,1.3,0,6767.13,formal,app,0,0.2929,0,low,customer_risk_model,v1
CUST_001733,54,4000.0,617,93,11,1.8,1,16791.72,formal,store,1,0.5438,1,medium,customer_risk_model,v1
CUST_001734,63,12500.26,741,78,8,4.0,3,22181.15,formal,app,1,0.5403,1,medium,customer_risk_model,v1
CUST_001735,62,26431.55,500,72,10,0.7,1,2853.47,informal,store,0,0.5355,1,medium,customer_risk_model,v1
CUST_001736,59,18554.51,609,2,3,3.2,1,14981.91,formal,store,0,0.5195,1,medium,customer_risk_model,v1
CUST_001737,44,8080.94,744,81,8,1.8,0,22821.59,formal,call_center,0,0.381,0,low,customer_risk_model,v1
CUST_001738,23,34490.75,791,116,5,1.8,2,10105.52,formal,app,0,0.152,0,low,customer_risk_model,v1
CUST_001739,18,17797.41,580,110,7,5.0,0,11592.7,formal,store,0,0.4021,0,medium,customer_risk_model,v1
CUST_001740,28,20690.34,570,48,5,2.3,2,23294.47,formal,online,1,0.6796,1,medium,customer_risk_model,v1
CUST_001741,40,20796.67,701,72,6,1.8,2,8864.45,self_employed,store,1,0.351,0,low,customer_risk_model,v1
CUST_001742,56,15426.83,594,36,7,6.5,4,7666.01,formal,store,0,0.6642,1,medium,customer_risk_model,v1
CUST_001743,41,12906.98,626,106,6,4.8,2,10789.14,informal,store,0,0.4076,0,medium,customer_risk_model,v1
CUST_001744,19,32851.72,729,110,6,4.0,1,26847.06,informal,call_center,0,0.3127,0,low,customer_risk_model,v1
CUST_001745,28,25022.44,601,27,8,10.1,5,18677.81,formal,online,1,0.796,1,high,customer_risk_model,v1
CUST_001746,68,23753.56,473,58,4,5.2,1,16618.02,formal,store,1,0.7096,1,high,customer_risk_model,v1
CUST_001747,69,22034.02,533,29,3,9.0,0,16534.1,formal,online,1,0.7604,1,high,customer_risk_model,v1
CUST_001748,37,10976.78,651,74,5,7.5,0,3404.3,formal,call_center,0,0.457,0,medium,customer_risk_model,v1
CUST_001749,59,26942.71,482,35,4,3.0,1,16855.22,formal,online,1,0.7115,1,high,customer_risk_model,v1
CUST_001750,55,12098.07,623,83,6,1.7,3,8991.64,formal,store,0,0.4837,0,medium,customer_risk_model,v1
CUST_001751,66,19983.01,525,117,6,3.3,0,10879.32,formal,call_center,1,0.5601,1,medium,customer_risk_model,v1
CUST_001752,64,6524.27,798,104,5,1.7,0,10469.43,informal,call_center,0,0.2638,0,low,customer_risk_model,v1
CUST_001753,50,4000.0,845,22,12,2.0,1,20008.8,self_employed,store,0,0.4888,0,medium,customer_risk_model,v1
CUST_001754,38,20228.04,555,16,6,5.6,0,27128.58,formal,app,1,0.7681,1,high,customer_risk_model,v1
CUST_001755,50,12336.31,673,97,7,4.2,0,5197.02,self_employed,store,0,0.3334,0,low,customer_risk_model,v1
CUST_001756,34,4075.83,564,10,2,1.4,2,21087.86,formal,store,1,0.7369,1,high,customer_risk_model,v1
CUST_001757,36,21784.27,622,48,5,3.6,0,11355.89,formal,store,1,0.4541,0,medium,customer_risk_model,v1
CUST_001758,49,32840.57,812,119,6,4.1,1,18893.8,informal,app,0,0.2352,0,low,customer_risk_model,v1
CUST_001759,47,27726.92,608,54,3,0.8,1,15232.09,informal,app,0,0.4719,0,medium,customer_risk_model,v1
CUST_001760,48,16198.77,624,2,6,6.4,0,7922.85,informal,call_center,1,0.5402,1,medium,customer_risk_model,v1
CUST_001761,38,18061.92,565,117,7,3.7,1,7801.74,informal,app,0,0.4008,0,medium,customer_risk_model,v1
CUST_001762,39,24213.94,753,85,3,4.3,3,11144.17,formal,app,1,0.3227,0,low,customer_risk_model,v1
CUST_001763,18,25854.9,356,40,7,11.1,2,15735.43,formal,app,1,0.7682,1,high,customer_risk_model,v1
CUST_001764,49,15595.25,610,73,8,24.5,0,16843.37,formal,store,1,0.7129,1,high,customer_risk_model,v1
CUST_001765,47,18239.24,646,73,8,2.4,3,36640.0,self_employed,online,1,0.7145,1,high,customer_risk_model,v1
CUST_001766,66,20104.3,591,66,9,6.5,1,17254.31,unemployed,store,1,0.6723,1,medium,customer_risk_model,v1
CUST_001767,44,21877.13,728,115,3,0.6,1,2521.91,formal,store,0,0.1891,0,low,customer_risk_model,v1
CUST_001768,42,17068.46,758,94,3,8.6,2,22975.0,informal,store,1,0.4829,0,medium,customer_risk_model,v1
CUST_001769,21,17159.4,523,31,4,10.0,0,17687.27,formal,app,1,0.8078,1,high,customer_risk_model,v1
CUST_001770,28,27658.83,838,119,7,4.4,1,11622.29,informal,call_center,0,0.2143,0,low,customer_risk_model,v1
CUST_001771,35,26466.64,522,115,9,3.3,0,4061.4,formal,store,1,0.5049,1,medium,customer_risk_model,v1
CUST_001772,37,21341.87,766,6,10,3.1,1,10699.9,informal,call_center,1,0.3985,0,low,customer_risk_model,v1
CUST_001773,36,30033.76,663,36,9,0.2,2,22298.86,formal,online,1,0.5843,1,medium,customer_risk_model,v1
CUST_001774,38,15294.88,605,74,11,1.4,1,16923.46,informal,online,0,0.5251,1,medium,customer_risk_model,v1
CUST_001775,57,29360.81,613,105,8,3.5,0,23791.77,formal,online,0,0.3848,0,low,customer_risk_model,v1
CUST_001776,24,21797.61,647,86,2,7.3,0,23367.26,informal,store,1,0.5297,1,medium,customer_risk_model,v1
CUST_001777,35,40897.18,669,69,9,1.7,0,14581.81,formal,store,1,0.4126,0,medium,customer_risk_model,v1
CUST_001778,26,9652.63,567,37,9,10.3,4,0.0,self_employed,store,1,0.7805,1,high,customer_risk_model,v1
CUST_001779,34,13174.58,629,12,9,5.7,0,5711.42,informal,store,1,0.58,1,medium,customer_risk_model,v1
CUST_001780,53,20931.58,581,107,7,4.1,0,596.94,formal,store,0,0.3209,0,low,customer_risk_model,v1
CUST_001781,20,20780.64,541,64,3,0.7,1,24268.71,formal,store,1,0.5409,1,medium,customer_risk_model,v1
CUST_001782,35,31650.97,576,55,8,2.2,2,17041.54,formal,app,1,0.5902,1,medium,customer_risk_model,v1
CUST_001783,19,13321.38,547,117,9,11.3,0,11192.09,informal,online,0,0.5451,1,medium,customer_risk_model,v1
CUST_001784,67,24334.43,612,20,7,12.7,3,8749.77,formal,online,1,0.7746,1,high,customer_risk_model,v1
CUST_001785,55,26137.24,689,31,4,13.1,0,21586.84,informal,store,0,0.4981,0,medium,customer_risk_model,v1
CUST_001786,30,22932.53,661,102,9,7.5,1,5721.78,informal,store,0,0.3653,0,low,customer_risk_model,v1
CUST_001787,28,11273.03,828,34,3,9.8,2,2583.93,formal,app,0,0.4823,0,medium,customer_risk_model,v1
CUST_001788,23,27854.31,451,113,1,1.9,1,1895.29,formal,app,0,0.5019,1,medium,customer_risk_model,v1
CUST_001789,42,26605.27,692,103,5,1.4,1,13765.25,unemployed,online,0,0.2899,0,low,customer_risk_model,v1
CUST_001790,57,22197.09,651,12,4,4.1,1,6379.8,informal,online,1,0.5324,1,medium,customer_risk_model,v1
CUST_001791,48,19430.43,723,55,7,1.5,3,20874.23,informal,call_center,1,0.5827,1,medium,customer_risk_model,v1
CUST_001792,63,19582.76,714,90,6,1.1,2,12757.99,informal,store,0,0.2908,0,low,customer_risk_model,v1
CUST_001793,35,17448.85,635,59,9,12.4,0,1623.84,formal,store,0,0.5299,1,medium,customer_risk_model,v1
CUST_001794,32,22485.5,666,26,7,15.1,1,10823.15,self_employed,online,0,0.5835,1,medium,customer_risk_model,v1
CUST_001795,42,18217.94,583,6,2,1.7,0,4904.86,formal,store,1,0.5445,1,medium,customer_risk_model,v1
CUST_001796,28,12060.33,705,1,8,1.9,1,11667.97,formal,store,0,0.4425,0,medium,customer_risk_model,v1
CUST_001797,68,10659.86,481,22,7,0.6,0,21366.13,informal,call_center,1,0.8116,1,high,customer_risk_model,v1
CUST_001798,27,12735.75,720,32,10,2.8,0,11383.97,self_employed,store,0,0.357,0,low,customer_risk_model,v1
CUST_001799,42,19554.93,648,36,7,0.7,3,7257.74,informal,app,1,0.6681,1,medium,customer_risk_model,v1
CUST_001800,45,17811.31,606,102,4,14.0,1,16130.45,informal,store,1,0.6686,1,medium,customer_risk_model,v1
CUST_001801,20,19507.41,629,61,6,9.0,1,9150.3,formal,store,0,0.4812,0,medium,customer_risk_model,v1
CUST_001802,42,21505.69,636,17,6,10.0,2,16832.04,formal,store,1,0.7039,1,high,customer_risk_model,v1
CUST_001803,41,13608.75,767,10,8,0.1,3,15169.02,self_employed,store,0,0.4951,0,medium,customer_risk_model,v1
CUST_001804,31,28259.62,850,16,5,0.0,1,4108.22,informal,store,0,0.396,0,low,customer_risk_model,v1
CUST_001805,24,16126.02,760,38,8,2.1,0,2028.38,self_employed,online,0,0.3502,0,low,customer_risk_model,v1
CUST_001806,20,14966.01,599,88,7,0.5,1,9561.84,self_employed,store,0,0.3981,0,low,customer_risk_model,v1
CUST_001807,18,21376.7,707,6,9,2.5,0,15799.96,formal,store,0,0.3684,0,low,customer_risk_model,v1
CUST_001808,43,5144.43,711,49,3,1.0,1,26350.29,informal,store,1,0.6008,1,medium,customer_risk_model,v1
CUST_001809,22,12466.26,567,54,6,7.2,2,3436.11,informal,store,1,0.7007,1,high,customer_risk_model,v1
CUST_001810,67,24867.51,537,18,5,0.3,2,4405.61,formal,store,1,0.7447,1,high,customer_risk_model,v1
CUST_001811,30,5838.05,644,7,5,0.0,0,20241.65,formal,store,1,0.6909,1,medium,customer_risk_model,v1
CUST_001812,51,25823.02,723,28,5,0.1,2,13942.03,unemployed,app,1,0.5217,1,medium,customer_risk_model,v1
CUST_001813,53,28577.96,505,19,9,0.1,0,10949.18,self_employed,online,1,0.5547,1,medium,customer_risk_model,v1
CUST_001814,43,15413.81,585,95,3,11.6,3,17752.74,formal,store,0,0.6434,1,medium,customer_risk_model,v1
CUST_001815,63,20042.69,702,110,5,8.5,1,22300.66,formal,store,1,0.5243,1,medium,customer_risk_model,v1
CUST_001816,23,25833.61,654,75,2,19.2,1,20669.75,self_employed,store,1,0.5947,1,medium,customer_risk_model,v1
CUST_001817,30,14732.48,777,91,5,11.3,0,6746.58,self_employed,online,1,0.3575,0,low,customer_risk_model,v1
CUST_001818,31,24074.43,523,91,10,7.0,2,15877.31,informal,online,1,0.7516,1,high,customer_risk_model,v1
CUST_001819,25,13301.96,850,105,10,4.8,0,21411.77,formal,store,0,0.2549,0,low,customer_risk_model,v1
CUST_001820,33,14656.78,512,12,3,1.0,0,10050.08,formal,online,1,0.6565,1,medium,customer_risk_model,v1
CUST_001821,34,12404.64,467,119,10,0.9,1,15356.1,formal,store,1,0.5703,1,medium,customer_risk_model,v1
CUST_001822,57,20398.53,645,55,7,0.1,1,7676.98,formal,store,0,0.411,0,medium,customer_risk_model,v1
CUST_001823,33,26105.78,548,65,4,0.9,1,4746.61,formal,store,1,0.6197,1,medium,customer_risk_model,v1
CUST_001824,63,16711.21,647,95,6,0.1,0,15691.33,formal,store,1,0.4553,0,medium,customer_risk_model,v1
CUST_001825,58,9101.26,643,59,4,10.6,3,19768.8,formal,store,0,0.6637,1,medium,customer_risk_model,v1
CUST_001826,64,10421.05,632,32,8,7.3,3,18496.46,formal,online,1,0.762,1,high,customer_risk_model,v1
CUST_001827,23,20762.2,574,3,6,1.4,0,1697.46,self_employed,store,0,0.5256,1,medium,customer_risk_model,v1
CUST_001828,69,30908.81,689,21,4,3.2,0,22909.75,formal,store,1,0.5789,1,medium,customer_risk_model,v1
CUST_001829,49,20756.07,621,11,5,3.8,2,17068.32,formal,store,1,0.6553,1,medium,customer_risk_model,v1
CUST_001830,69,15291.72,749,46,10,1.4,0,21448.83,formal,app,0,0.4726,0,medium,customer_risk_model,v1
CUST_001831,36,23363.29,634,93,6,2.8,0,5007.59,informal,store,0,0.3206,0,low,customer_risk_model,v1
CUST_001832,67,16323.51,563,40,8,2.7,1,19190.91,formal,app,1,0.6848,1,medium,customer_risk_model,v1
CUST_001833,48,15352.0,498,72,7,4.6,1,17589.24,formal,call_center,1,0.6971,1,medium,customer_risk_model,v1
CUST_001834,21,11290.79,635,23,7,2.1,1,2361.79,informal,online,1,0.5572,1,medium,customer_risk_model,v1
CUST_001835,39,27859.14,536,71,6,6.2,3,16021.99,formal,online,1,0.7568,1,high,customer_risk_model,v1
CUST_001836,25,4000.0,529,114,3,2.6,4,4256.12,formal,app,1,0.7238,1,high,customer_risk_model,v1
CUST_001837,66,23585.01,697,38,7,4.1,3,12633.52,unemployed,app,1,0.6031,1,medium,customer_risk_model,v1
CUST_001838,33,14753.79,490,58,8,15.8,4,31058.87,informal,store,1,0.8452,1,high,customer_risk_model,v1
CUST_001839,29,15127.61,777,115,6,3.1,0,14834.68,informal,store,1,0.2891,0,low,customer_risk_model,v1
CUST_001840,46,29846.21,664,73,3,6.1,0,11609.1,self_employed,store,0,0.3775,0,low,customer_risk_model,v1
CUST_001841,40,13001.08,646,48,8,13.5,0,645.91,informal,store,1,0.6137,1,medium,customer_risk_model,v1
CUST_001842,23,13239.52,557,15,6,7.5,2,14841.77,formal,store,1,0.7732,1,high,customer_risk_model,v1
CUST_001843,60,17087.24,719,112,7,4.9,1,11310.85,unemployed,call_center,1,0.3739,0,low,customer_risk_model,v1
CUST_001844,61,20896.93,650,73,5,3.5,0,0.0,informal,app,0,0.3967,0,low,customer_risk_model,v1
CUST_001845,56,14907.01,588,7,3,12.2,0,3799.62,formal,store,1,0.7251,1,high,customer_risk_model,v1
CUST_001846,50,6982.99,668,67,6,18.5,2,19650.84,formal,store,1,0.6894,1,medium,customer_risk_model,v1
CUST_001847,38,11940.11,499,116,9,2.3,1,22860.19,formal,online,1,0.5528,1,medium,customer_risk_model,v1
CUST_001848,46,26969.34,503,111,7,1.2,1,13121.13,formal,store,0,0.4956,0,medium,customer_risk_model,v1
CUST_001849,45,18523.44,549,24,7,3.3,2,20621.36,formal,store,1,0.7702,1,high,customer_risk_model,v1
CUST_001850,26,21157.61,681,50,8,2.8,2,12804.31,informal,app,0,0.4847,0,medium,customer_risk_model,v1
CUST_001851,22,16170.05,650,118,6,5.6,2,6488.24,formal,call_center,0,0.4186,0,medium,customer_risk_model,v1
CUST_001852,31,13383.52,744,94,10,0.3,0,30146.22,formal,store,1,0.4053,0,medium,customer_risk_model,v1
CUST_001853,41,29742.99,567,67,4,15.8,2,1242.29,formal,online,0,0.6364,1,medium,customer_risk_model,v1
CUST_001854,26,16682.66,702,37,5,3.2,1,15925.55,formal,store,1,0.5032,1,medium,customer_risk_model,v1
CUST_001855,23,14896.41,640,91,7,2.5,0,7333.51,unemployed,call_center,1,0.487,0,medium,customer_risk_model,v1
CUST_001856,62,25673.0,565,69,4,0.3,0,10873.07,formal,store,0,0.4466,0,medium,customer_risk_model,v1
CUST_001857,37,12943.48,685,63,3,0.3,1,25251.3,self_employed,store,0,0.4601,0,medium,customer_risk_model,v1
CUST_001858,48,13836.91,644,111,5,4.1,2,12899.11,self_employed,store,0,0.3993,0,low,customer_risk_model,v1
CUST_001859,45,18071.73,593,45,8,9.8,0,9950.74,formal,store,0,0.5438,1,medium,customer_risk_model,v1
CUST_001860,56,18001.89,654,75,5,2.7,1,8170.76,formal,store,1,0.4148,0,medium,customer_risk_model,v1
CUST_001861,56,19817.28,638,6,3,0.3,1,17036.11,self_employed,store,0,0.5577,1,medium,customer_risk_model,v1
CUST_001862,33,32641.68,636,85,9,2.8,1,4965.25,formal,online,0,0.3005,0,low,customer_risk_model,v1
CUST_001863,62,20353.74,613,66,6,2.8,2,13295.44,formal,app,1,0.5412,1,medium,customer_risk_model,v1
CUST_001864,37,4000.0,533,105,7,4.7,0,11462.71,self_employed,store,1,0.6398,1,medium,customer_risk_model,v1
CUST_001865,61,20284.09,657,40,5,2.3,2,6277.82,informal,store,1,0.5383,1,medium,customer_risk_model,v1
CUST_001866,39,18265.16,578,111,8,0.1,0,1082.16,formal,store,0,0.4019,0,medium,customer_risk_model,v1
CUST_001867,23,18304.15,558,69,6,8.5,1,12812.0,formal,store,0,0.6261,1,medium,customer_risk_model,v1
CUST_001868,57,19721.63,628,25,6,8.3,1,9559.71,informal,store,1,0.5839,1,medium,customer_risk_model,v1
CUST_001869,19,17799.25,716,20,5,12.3,1,14328.51,formal,online,0,0.5044,1,medium,customer_risk_model,v1
CUST_001870,58,17631.72,667,24,4,3.1,1,0.0,informal,online,0,0.4142,0,medium,customer_risk_model,v1
CUST_001871,20,22291.31,602,36,4,6.2,0,8865.31,formal,call_center,1,0.5321,1,medium,customer_risk_model,v1
CUST_001872,28,14205.43,599,66,7,2.4,0,19360.09,self_employed,call_center,1,0.5989,1,medium,customer_risk_model,v1
CUST_001873,49,11366.2,707,104,8,4.4,3,0.0,informal,store,0,0.3029,0,low,customer_risk_model,v1
CUST_001874,66,39166.47,434,119,7,15.5,2,27533.18,unemployed,online,1,0.7057,1,high,customer_risk_model,v1
CUST_001875,39,12989.0,722,81,9,2.6,3,15437.79,self_employed,online,1,0.4685,0,medium,customer_risk_model,v1
CUST_001876,24,18701.0,481,59,12,2.6,2,11397.03,formal,app,1,0.681,1,medium,customer_risk_model,v1
CUST_001877,30,7530.38,523,73,5,0.7,1,13390.04,formal,store,1,0.6872,1,medium,customer_risk_model,v1
CUST_001878,64,18815.28,604,40,6,1.9,1,5704.37,self_employed,store,1,0.5059,1,medium,customer_risk_model,v1
CUST_001879,55,11467.42,845,30,7,0.5,0,23878.36,formal,store,1,0.5775,1,medium,customer_risk_model,v1
CUST_001880,23,14902.69,801,64,6,12.0,0,13952.23,formal,store,0,0.4222,0,medium,customer_risk_model,v1
CUST_001881,38,25315.45,714,99,8,6.2,1,13051.78,informal,app,0,0.2724,0,low,customer_risk_model,v1
CUST_001882,31,21304.07,682,8,5,3.7,2,20544.34,formal,app,1,0.6105,1,medium,customer_risk_model,v1
CUST_001883,27,21978.87,482,14,4,4.8,1,15620.85,formal,store,1,0.745,1,high,customer_risk_model,v1
CUST_001884,62,5601.57,664,22,4,0.8,3,7084.18,formal,store,0,0.5603,1,medium,customer_risk_model,v1
CUST_001885,50,30858.27,601,25,6,5.6,1,12252.2,formal,store,0,0.5143,1,medium,customer_risk_model,v1
CUST_001886,27,9656.83,576,18,7,6.7,1,17061.59,self_employed,store,1,0.7782,1,high,customer_risk_model,v1
CUST_001887,51,28699.93,664,16,7,8.3,0,12989.01,informal,store,1,0.5702,1,medium,customer_risk_model,v1
CUST_001888,39,25150.81,608,4,6,0.3,2,1742.04,formal,store,1,0.6064,1,medium,customer_risk_model,v1
CUST_001889,21,22041.33,728,42,5,2.6,0,23716.6,formal,store,1,0.3726,0,low,customer_risk_model,v1
CUST_001890,41,12015.11,476,86,5,21.1,0,13797.18,informal,online,1,0.7333,1,high,customer_risk_model,v1
CUST_001891,27,19061.13,657,19,6,6.2,3,9349.97,formal,store,0,0.5954,1,medium,customer_risk_model,v1
CUST_001892,30,14703.55,571,39,10,2.4,1,17715.79,formal,store,1,0.6457,1,medium,customer_risk_model,v1
CUST_001893,63,18203.28,613,116,5,10.1,1,8554.49,formal,app,1,0.4809,0,medium,customer_risk_model,v1
CUST_001894,54,16250.89,677,21,7,0.3,2,250.15,informal,online,1,0.5342,1,medium,customer_risk_model,v1
CUST_001895,24,4000.0,549,118,4,5.2,2,12465.4,self_employed,store,1,0.6844,1,medium,customer_risk_model,v1
CUST_001896,62,25852.49,665,61,9,4.1,0,17851.18,formal,online,1,0.4577,0,medium,customer_risk_model,v1
CUST_001897,47,17432.25,631,87,9,3.0,0,10327.32,formal,store,1,0.3477,0,low,customer_risk_model,v1
CUST_001898,63,14606.4,591,39,6,20.7,0,10636.95,formal,store,1,0.6944,1,medium,customer_risk_model,v1
CUST_001899,56,14077.71,608,39,5,19.0,1,10996.14,formal,call_center,1,0.683,1,medium,customer_risk_model,v1
CUST_001900,35,20509.22,636,47,8,7.5,1,11657.96,formal,app,0,0.5348,1,medium,customer_risk_model,v1
CUST_001901,45,11743.71,581,16,10,3.7,1,13653.47,informal,store,1,0.6012,1,medium,customer_risk_model,v1
CUST_001902,45,4000.0,651,38,5,6.0,2,18859.67,self_employed,store,0,0.6127,1,medium,customer_risk_model,v1
CUST_001903,55,20849.91,625,107,7,2.6,1,18365.49,formal,store,1,0.4447,0,medium,customer_risk_model,v1
CUST_001904,30,21633.72,595,1,7,6.0,1,28733.32,formal,online,1,0.6606,1,medium,customer_risk_model,v1
CUST_001905,35,16602.58,793,69,4,4.2,0,26423.72,informal,store,0,0.3567,0,low,customer_risk_model,v1
CUST_001906,30,9964.68,687,82,3,0.5,1,5582.46,formal,store,0,0.3971,0,low,customer_risk_model,v1
CUST_001907,33,18622.55,616,17,6,4.1,0,10640.58,formal,store,1,0.529,1,medium,customer_risk_model,v1
CUST_001908,26,7748.27,663,14,6,1.7,0,18239.66,formal,app,0,0.5724,1,medium,customer_risk_model,v1
CUST_001909,19,10809.39,558,66,6,20.1,2,0.0,informal,store,1,0.7019,1,high,customer_risk_model,v1
CUST_001910,66,12745.11,611,27,6,5.7,3,14977.17,informal,app,1,0.7879,1,high,customer_risk_model,v1
CUST_001911,21,23907.57,621,117,8,0.4,0,5609.37,informal,store,0,0.3133,0,low,customer_risk_model,v1
CUST_001912,64,15461.72,538,23,6,0.7,0,12031.2,self_employed,store,1,0.6844,1,medium,customer_risk_model,v1
CUST_001913,18,14864.94,685,16,7,6.5,1,12551.51,formal,app,0,0.5488,1,medium,customer_risk_model,v1
CUST_001914,58,31682.85,604,40,5,6.0,3,0.0,formal,store,0,0.5381,1,medium,customer_risk_model,v1
CUST_001915,35,20467.24,618,40,4,7.3,1,31800.94,formal,app,1,0.7094,1,high,customer_risk_model,v1
CUST_001916,44,20372.96,599,20,4,0.2,1,8129.99,formal,store,1,0.5407,1,medium,customer_risk_model,v1
CUST_001917,32,15412.09,850,80,6,4.3,3,23958.99,informal,store,0,0.3511,0,low,customer_risk_model,v1
CUST_001918,43,13825.4,590,42,8,1.4,0,0.0,formal,online,1,0.5355,1,medium,customer_risk_model,v1
CUST_001919,41,4000.0,464,63,6,4.0,0,7203.41,informal,store,1,0.6452,1,medium,customer_risk_model,v1
CUST_001920,45,24781.18,506,29,7,9.5,1,18707.49,formal,app,1,0.801,1,high,customer_risk_model,v1
CUST_001921,38,21138.17,718,12,4,20.3,1,10386.13,formal,store,1,0.5606,1,medium,customer_risk_model,v1
CUST_001922,45,16745.84,770,8,3,5.8,1,18711.65,formal,app,1,0.5329,1,medium,customer_risk_model,v1
CUST_001923,60,17039.41,589,7,7,2.4,1,17386.94,formal,store,1,0.6853,1,medium,customer_risk_model,v1
CUST_001924,40,23153.01,765,104,3,4.8,2,5671.57,formal,store,0,0.2268,0,low,customer_risk_model,v1
CUST_001925,36,7117.03,717,32,9,8.8,0,22098.56,informal,store,1,0.6356,1,medium,customer_risk_model,v1
CUST_001926,24,13870.83,633,37,8,0.4,0,16900.12,informal,app,1,0.6527,1,medium,customer_risk_model,v1
CUST_001927,36,10045.88,627,69,2,8.2,1,717.28,informal,app,1,0.5668,1,medium,customer_risk_model,v1
CUST_001928,24,30400.56,666,12,8,5.7,1,13111.96,formal,store,0,0.5093,1,medium,customer_risk_model,v1
CUST_001929,27,24129.59,729,72,2,2.0,1,17495.26,self_employed,store,0,0.2823,0,low,customer_risk_model,v1
CUST_001930,67,4000.0,686,63,5,4.8,3,11472.23,formal,store,0,0.4208,0,medium,customer_risk_model,v1
CUST_001931,22,7403.67,589,95,3,7.6,0,12658.13,informal,online,0,0.4366,0,medium,customer_risk_model,v1
CUST_001932,43,17073.58,634,15,8,8.2,1,16159.46,unemployed,store,0,0.6152,1,medium,customer_risk_model,v1
CUST_001933,61,14692.92,828,3,5,2.2,1,0.0,formal,call_center,0,0.3654,0,low,customer_risk_model,v1
CUST_001934,67,8729.32,673,92,5,0.4,3,10662.84,self_employed,online,0,0.418,0,medium,customer_risk_model,v1
CUST_001935,25,31613.34,728,45,2,2.7,2,9271.5,formal,store,1,0.3822,0,low,customer_risk_model,v1
CUST_001936,26,20187.78,699,8,13,2.7,2,18311.39,self_employed,online,1,0.5266,1,medium,customer_risk_model,v1
CUST_001937,37,21323.71,675,67,5,13.6,2,7755.46,self_employed,app,0,0.4931,0,medium,customer_risk_model,v1
CUST_001938,46,13155.9,660,56,7,30.4,1,27845.16,formal,store,0,0.6318,1,medium,customer_risk_model,v1
CUST_001939,67,23055.92,731,114,2,13.3,2,7568.85,formal,store,1,0.4758,0,medium,customer_risk_model,v1
CUST_001940,28,15336.97,715,113,7,0.5,0,3241.15,self_employed,online,0,0.2884,0,low,customer_risk_model,v1
CUST_001941,26,16016.6,674,65,7,2.5,1,22071.71,formal,store,0,0.4582,0,medium,customer_risk_model,v1
CUST_001942,31,22277.01,588,19,8,5.2,0,17005.53,informal,store,1,0.6696,1,medium,customer_risk_model,v1
CUST_001943,63,6597.02,685,90,4,11.4,2,15297.46,formal,store,0,0.4591,0,medium,customer_risk_model,v1
CUST_001944,19,29179.2,644,24,9,2.1,2,10261.61,formal,app,0,0.4596,0,medium,customer_risk_model,v1
CUST_001945,37,19276.72,622,100,6,1.8,0,9371.93,informal,app,0,0.3643,0,low,customer_risk_model,v1
CUST_001946,24,26966.61,850,72,4,19.0,1,15864.5,formal,app,0,0.3892,0,low,customer_risk_model,v1
CUST_001947,26,10472.06,511,43,0,9.4,0,7648.65,informal,store,1,0.7201,1,high,customer_risk_model,v1
CUST_001948,65,11537.84,736,117,9,1.9,0,26425.24,informal,store,1,0.3983,0,low,customer_risk_model,v1
CUST_001949,18,9866.7,572,62,2,0.1,1,14090.43,self_employed,call_center,0,0.5671,1,medium,customer_risk_model,v1
CUST_001950,34,19752.08,662,46,2,0.2,2,10019.4,formal,online,1,0.5714,1,medium,customer_risk_model,v1
CUST_001951,65,18461.88,850,23,2,4.1,4,8873.86,informal,store,1,0.5359,1,medium,customer_risk_model,v1
CUST_001952,49,14749.12,563,78,5,8.0,0,2442.26,formal,online,0,0.5236,1,medium,customer_risk_model,v1
CUST_001953,21,10901.52,585,33,6,3.0,1,17837.69,self_employed,online,1,0.6545,1,medium,customer_risk_model,v1
CUST_001954,42,9133.83,648,19,6,8.5,2,5855.76,self_employed,online,0,0.5437,1,medium,customer_risk_model,v1
CUST_001955,68,17660.61,574,15,4,8.6,0,10969.27,formal,store,1,0.684,1,medium,customer_risk_model,v1
CUST_001956,38,14740.89,730,77,3,3.9,1,32379.58,self_employed,online,0,0.4093,0,medium,customer_risk_model,v1
CUST_001957,45,13200.75,602,110,7,0.3,1,0.0,informal,store,1,0.3953,0,low,customer_risk_model,v1
CUST_001958,45,28829.63,709,31,1,2.1,1,11205.28,formal,call_center,1,0.4069,0,medium,customer_risk_model,v1
CUST_001959,52,17423.72,530,26,2,7.2,0,1052.31,formal,app,1,0.7255,1,high,customer_risk_model,v1
CUST_001960,27,26890.3,487,73,10,5.2,1,7701.98,formal,app,1,0.6392,1,medium,customer_risk_model,v1
CUST_001961,61,14267.23,629,18,7,4.0,4,10861.11,informal,store,0,0.6854,1,medium,customer_risk_model,v1
CUST_001962,69,19713.43,509,11,7,4.0,2,1570.49,formal,store,0,0.7488,1,high,customer_risk_model,v1
CUST_001963,25,17611.67,787,76,2,17.3,2,15273.0,formal,online,1,0.5903,1,medium,customer_risk_model,v1
CUST_001964,60,6116.64,512,63,6,5.7,3,23747.35,self_employed,store,1,0.7843,1,high,customer_risk_model,v1
CUST_001965,60,27998.37,557,4,7,12.0,2,14662.88,informal,store,1,0.8226,1,high,customer_risk_model,v1
CUST_001966,56,17053.92,687,29,12,0.5,1,18721.99,unemployed,app,1,0.6378,1,medium,customer_risk_model,v1
CUST_001967,37,23224.93,597,24,7,2.1,0,24993.92,formal,store,1,0.6127,1,medium,customer_risk_model,v1
CUST_001968,42,12735.8,513,82,7,1.9,0,16857.2,formal,store,1,0.6503,1,medium,customer_risk_model,v1
CUST_001969,61,16846.09,834,80,5,1.7,0,0.0,self_employed,app,1,0.3298,0,low,customer_risk_model,v1
CUST_001970,25,11932.03,560,89,11,0.7,1,13432.64,informal,store,1,0.5759,1,medium,customer_risk_model,v1
CUST_001971,61,26651.99,632,12,4,4.7,2,0.0,formal,app,1,0.5694,1,medium,customer_risk_model,v1
CUST_001972,65,20179.87,631,101,3,10.8,1,6221.39,formal,online,0,0.4111,0,medium,customer_risk_model,v1
CUST_001973,53,20569.37,714,25,3,8.1,1,8.29,formal,online,0,0.423,0,medium,customer_risk_model,v1
CUST_001974,35,27507.29,692,119,9,3.2,3,14183.31,informal,store,1,0.4184,0,medium,customer_risk_model,v1
CUST_001975,47,26094.39,576,104,6,9.8,1,4821.82,formal,store,1,0.4359,0,medium,customer_risk_model,v1
CUST_001976,20,23357.4,621,55,3,1.0,0,14403.08,formal,call_center,1,0.5052,1,medium,customer_risk_model,v1
CUST_001977,66,8047.91,630,94,7,1.2,0,18249.81,self_employed,online,1,0.5651,1,medium,customer_risk_model,v1
CUST_001978,35,13130.25,717,80,3,0.9,2,4333.63,formal,store,1,0.3679,0,low,customer_risk_model,v1
CUST_001979,20,10972.78,545,93,9,4.0,2,14010.03,informal,store,1,0.6614,1,medium,customer_risk_model,v1
CUST_001980,59,23092.74,832,3,1,4.7,0,0.0,formal,store,1,0.3488,0,low,customer_risk_model,v1
CUST_001981,52,19194.56,582,10,4,0.2,1,59.58,formal,app,1,0.606,1,medium,customer_risk_model,v1
CUST_001982,50,8266.41,649,108,9,0.2,1,22140.8,formal,store,1,0.4883,0,medium,customer_risk_model,v1
CUST_001983,20,16678.79,546,93,8,2.3,0,4944.14,formal,store,0,0.5121,1,medium,customer_risk_model,v1
CUST_001984,57,7541.21,533,74,10,0.3,0,7799.07,formal,app,1,0.6287,1,medium,customer_risk_model,v1
CUST_001985,51,17627.9,571,38,4,7.7,1,5457.64,formal,store,1,0.6699,1,medium,customer_risk_model,v1
CUST_001986,59,6412.39,563,51,7,3.7,1,0.0,formal,store,0,0.495,0,medium,customer_risk_model,v1
CUST_001987,61,21701.79,613,47,8,1.4,0,3728.53,formal,store,1,0.4286,0,medium,customer_risk_model,v1
CUST_001988,29,20645.74,562,52,7,1.7,2,11953.73,self_employed,app,1,0.6462,1,medium,customer_risk_model,v1
CUST_001989,28,31355.64,713,75,6,3.0,4,8917.73,formal,store,0,0.3091,0,low,customer_risk_model,v1
CUST_001990,66,23935.11,580,91,4,0.1,0,20586.07,formal,call_center,1,0.4775,0,medium,customer_risk_model,v1
CUST_001991,45,15039.6,570,46,2,7.9,1,7051.42,self_employed,store,1,0.6819,1,medium,customer_risk_model,v1
CUST_001992,40,23726.49,615,100,7,1.6,2,11903.81,formal,store,1,0.4437,0,medium,customer_risk_model,v1
CUST_001993,32,8216.35,739,11,8,0.6,3,7647.91,formal,store,1,0.5167,1,medium,customer_risk_model,v1
CUST_001994,51,11262.69,669,97,7,1.8,2,19471.62,informal,online,0,0.4746,0,medium,customer_risk_model,v1
CUST_001995,57,20332.0,641,81,6,6.1,2,535.22,formal,store,1,0.5112,1,medium,customer_risk_model,v1
CUST_001996,18,4000.0,521,61,3,0.7,2,15821.52,formal,store,1,0.6763,1,medium,customer_risk_model,v1
CUST_001997,46,17739.87,547,45,8,0.5,1,15239.31,formal,store,1,0.6466,1,medium,customer_risk_model,v1
CUST_001998,69,10858.16,535,45,4,4.0,2,5429.69,informal,store,1,0.6636,1,medium,customer_risk_model,v1
CUST_001999,32,18709.15,768,43,3,1.7,0,11205.47,informal,store,0,0.3204,0,low,customer_risk_model,v1
CUST_002000,32,10455.85,698,113,4,0.1,2,15095.67,formal,store,0,0.3154,0,low,customer_risk_model,v1
CUST_002001,63,20969.74,572,4,6,11.6,3,6465.72,formal,store,1,0.8032,1,high,customer_risk_model,v1
CUST_002002,21,18135.29,599,76,5,6.8,0,6298.67,formal,app,0,0.4664,0,medium,customer_risk_model,v1
CUST_002003,38,27802.56,576,118,11,30.7,0,2162.17,formal,store,0,0.4315,0,medium,customer_risk_model,v1
CUST_002004,41,18047.14,570,65,6,5.4,2,28178.78,formal,app,1,0.7127,1,high,customer_risk_model,v1
CUST_002005,59,12619.5,691,77,8,9.9,2,8264.57,informal,online,0,0.3968,0,low,customer_risk_model,v1
CUST_002006,24,16271.8,624,72,4,5.6,2,2191.91,formal,store,1,0.5615,1,medium,customer_risk_model,v1
CUST_002007,40,8590.35,837,61,6,1.4,2,0.0,formal,call_center,0,0.3952,0,low,customer_risk_model,v1
CUST_002008,25,20842.96,763,75,2,19.7,2,5577.79,self_employed,store,1,0.5211,1,medium,customer_risk_model,v1
CUST_002009,58,22128.95,768,108,3,13.1,0,14135.36,formal,call_center,0,0.3002,0,low,customer_risk_model,v1
CUST_002010,50,35284.37,710,85,3,0.4,1,9956.32,informal,call_center,1,0.3018,0,low,customer_risk_model,v1
CUST_002011,43,13647.15,612,102,5,3.8,1,14804.98,formal,store,0,0.4106,0,medium,customer_risk_model,v1
CUST_002012,38,16125.44,704,66,9,0.7,2,17722.28,informal,store,1,0.4929,0,medium,customer_risk_model,v1
CUST_002013,25,13969.69,619,93,6,4.0,0,10792.67,informal,store,0,0.3904,0,low,customer_risk_model,v1
CUST_002014,65,19484.8,797,105,3,3.6,2,10979.59,formal,online,0,0.2576,0,low,customer_risk_model,v1
CUST_002015,51,20671.83,686,26,6,8.6,1,24525.75,formal,store,1,0.59,1,medium,customer_risk_model,v1
CUST_002016,34,17626.38,674,103,5,5.7,0,17893.14,formal,app,0,0.3856,0,low,customer_risk_model,v1
CUST_002017,39,25604.28,661,82,10,4.4,2,15076.03,formal,call_center,0,0.406,0,medium,customer_risk_model,v1
CUST_002018,55,13681.14,807,53,5,9.4,1,9255.32,informal,store,0,0.4122,0,medium,customer_risk_model,v1
CUST_002019,55,24903.22,521,93,5,10.2,1,17403.44,unemployed,store,0,0.654,1,medium,customer_risk_model,v1
CUST_002020,41,21769.48,815,21,9,13.3,4,14818.53,formal,call_center,1,0.6222,1,medium,customer_risk_model,v1
CUST_002021,33,17915.79,633,84,10,4.5,1,14517.2,formal,store,0,0.3682,0,low,customer_risk_model,v1
CUST_002022,52,15795.44,523,69,5,3.9,1,17737.78,formal,store,1,0.6984,1,medium,customer_risk_model,v1
CUST_002023,52,34986.67,582,106,8,9.3,1,14608.59,formal,online,0,0.3478,0,low,customer_risk_model,v1
CUST_002024,49,12280.94,501,74,9,4.2,1,0.0,informal,app,1,0.6243,1,medium,customer_risk_model,v1
CUST_002025,21,20085.53,709,63,4,5.8,1,12437.39,formal,store,0,0.349,0,low,customer_risk_model,v1
CUST_002026,42,12748.47,557,63,8,4.1,4,3079.51,informal,store,1,0.6243,1,medium,customer_risk_model,v1
CUST_002027,49,30499.35,665,67,8,13.8,1,17066.37,formal,online,1,0.5837,1,medium,customer_risk_model,v1
CUST_002028,67,24207.78,752,106,9,11.5,2,0.0,informal,store,1,0.4693,0,medium,customer_risk_model,v1
CUST_002029,45,13251.55,590,94,7,2.5,2,11751.47,informal,store,0,0.433,0,medium,customer_risk_model,v1
CUST_002030,35,21588.16,626,12,7,5.8,1,12462.67,unemployed,store,1,0.633,1,medium,customer_risk_model,v1
CUST_002031,46,19803.87,533,64,6,5.9,1,2824.17,informal,store,1,0.6817,1,medium,customer_risk_model,v1
CUST_002032,27,14383.63,615,35,3,1.6,0,11351.35,informal,store,1,0.5195,1,medium,customer_risk_model,v1
CUST_002033,22,23307.15,850,20,10,5.0,2,18141.81,informal,online,1,0.502,1,medium,customer_risk_model,v1
CUST_002034,53,20725.14,720,104,6,9.8,1,7546.68,formal,online,0,0.2697,0,low,customer_risk_model,v1
CUST_002035,69,19509.89,626,103,8,1.6,2,14316.11,formal,store,1,0.5316,1,medium,customer_risk_model,v1
CUST_002036,61,17706.56,595,112,6,12.2,1,16061.08,self_employed,store,1,0.6693,1,medium,customer_risk_model,v1
CUST_002037,48,21017.38,646,47,3,3.8,1,3460.88,self_employed,online,1,0.4995,0,medium,customer_risk_model,v1
CUST_002038,20,19605.71,662,51,12,6.5,1,12330.57,unemployed,store,1,0.5903,1,medium,customer_risk_model,v1
CUST_002039,69,18413.65,612,93,5,1.0,0,10313.2,informal,online,1,0.4206,0,medium,customer_risk_model,v1
CUST_002040,41,13512.89,698,23,9,11.8,0,11881.28,formal,call_center,1,0.591,1,medium,customer_risk_model,v1
CUST_002041,33,29856.36,564,7,3,1.4,1,0.0,self_employed,store,0,0.5935,1,medium,customer_risk_model,v1
CUST_002042,64,10647.06,564,51,8,1.1,1,741.09,informal,app,0,0.5164,1,medium,customer_risk_model,v1
CUST_002043,56,20993.45,683,75,9,2.2,0,21760.56,formal,store,0,0.4036,0,medium,customer_risk_model,v1
CUST_002044,56,15758.31,545,55,7,1.2,1,18050.33,formal,online,1,0.6978,1,medium,customer_risk_model,v1
CUST_002045,32,30316.83,716,26,8,9.2,1,13760.82,informal,app,1,0.5336,1,medium,customer_risk_model,v1
CUST_002046,69,11675.62,649,62,10,2.0,2,19213.04,informal,app,1,0.6502,1,medium,customer_risk_model,v1
CUST_002047,41,12853.16,485,113,6,1.5,2,1392.82,formal,store,0,0.5299,1,medium,customer_risk_model,v1
CUST_002048,45,11211.27,660,33,1,6.9,0,10184.1,self_employed,app,1,0.5437,1,medium,customer_risk_model,v1
CUST_002049,57,20264.26,498,48,5,1.6,0,9431.79,formal,store,1,0.6329,1,medium,customer_risk_model,v1
CUST_002050,52,8388.65,712,38,6,3.4,1,5838.52,formal,online,0,0.4351,0,medium,customer_risk_model,v1
CUST_002051,26,14650.3,628,35,2,1.5,1,2930.52,formal,store,1,0.5386,1,medium,customer_risk_model,v1
CUST_002052,33,4000.0,817,79,2,2.7,0,22529.35,formal,online,0,0.3291,0,low,customer_risk_model,v1
CUST_002053,36,19682.95,746,45,5,13.6,1,6965.03,formal,store,1,0.4736,0,medium,customer_risk_model,v1
CUST_002054,67,14498.5,555,74,6,6.5,0,15605.11,informal,app,0,0.613,1,medium,customer_risk_model,v1
CUST_002055,55,7583.6,468,3,8,0.8,2,14657.98,formal,store,1,0.745,1,high,customer_risk_model,v1
CUST_002056,37,25599.27,582,79,11,1.7,1,20363.39,formal,store,0,0.4155,0,medium,customer_risk_model,v1
CUST_002057,56,8846.33,540,13,7,7.4,0,17873.39,formal,store,1,0.8283,1,high,customer_risk_model,v1
CUST_002058,56,23578.61,814,45,11,1.8,2,9539.7,self_employed,store,0,0.3365,0,low,customer_risk_model,v1
CUST_002059,38,13092.71,649,104,4,10.3,0,1879.34,self_employed,store,0,0.3908,0,low,customer_risk_model,v1
CUST_002060,38,29211.0,734,41,4,1.1,2,19138.74,self_employed,store,0,0.4098,0,medium,customer_risk_model,v1
CUST_002061,64,23246.85,624,84,2,1.5,1,21775.38,self_employed,store,1,0.4907,0,medium,customer_risk_model,v1
CUST_002062,47,10943.66,634,42,2,4.3,0,31705.25,formal,call_center,1,0.7248,1,high,customer_risk_model,v1
CUST_002063,25,11580.42,647,108,10,0.6,0,19824.1,formal,store,1,0.4462,0,medium,customer_risk_model,v1
CUST_002064,55,22238.68,750,114,9,3.9,1,6889.42,self_employed,app,0,0.1608,0,low,customer_risk_model,v1
CUST_002065,48,16163.35,678,109,6,1.2,4,7928.27,self_employed,online,0,0.3859,0,low,customer_risk_model,v1
CUST_002066,44,16814.6,555,48,6,9.3,2,0.0,self_employed,store,0,0.6435,1,medium,customer_risk_model,v1
CUST_002067,55,26905.67,796,38,3,4.8,2,5506.3,formal,store,1,0.414,0,medium,customer_risk_model,v1
CUST_002068,65,12759.18,624,73,8,5.4,2,1849.13,formal,app,0,0.4943,0,medium,customer_risk_model,v1
CUST_002069,35,18639.06,609,98,7,14.6,1,16704.54,formal,online,1,0.6536,1,medium,customer_risk_model,v1
CUST_002070,39,24682.39,395,63,7,0.1,2,19660.21,formal,store,1,0.6979,1,medium,customer_risk_model,v1
CUST_002071,27,23663.82,707,88,5,6.1,1,30065.31,informal,store,1,0.3682,0,low,customer_risk_model,v1
CUST_002072,51,16882.71,659,105,4,5.6,2,36698.96,unemployed,online,0,0.4935,0,medium,customer_risk_model,v1
CUST_002073,38,15977.66,659,90,6,10.0,1,13990.44,informal,app,1,0.4595,0,medium,customer_risk_model,v1
CUST_002074,35,5828.29,614,44,4,0.2,1,7337.63,formal,online,1,0.5576,1,medium,customer_risk_model,v1
CUST_002075,54,10606.29,598,30,8,9.6,1,8871.7,self_employed,store,1,0.6258,1,medium,customer_risk_model,v1
CUST_002076,39,20228.51,617,52,8,0.5,1,6461.24,informal,store,1,0.453,0,medium,customer_risk_model,v1
CUST_002077,42,17034.82,692,69,6,3.8,0,30749.61,formal,store,0,0.4876,0,medium,customer_risk_model,v1
CUST_002078,40,18524.49,708,101,9,1.7,1,0.0,informal,store,1,0.3191,0,low,customer_risk_model,v1
CUST_002079,31,25274.78,629,36,6,15.6,0,24961.99,formal,store,1,0.6457,1,medium,customer_risk_model,v1
CUST_002080,24,9688.74,735,20,6,0.7,1,4533.31,formal,online,1,0.4624,0,medium,customer_risk_model,v1
CUST_002081,61,16346.74,643,38,7,0.5,1,8870.23,formal,online,0,0.4495,0,medium,customer_risk_model,v1
CUST_002082,22,19320.98,605,71,7,11.1,1,0.0,unemployed,online,1,0.6316,1,medium,customer_risk_model,v1
CUST_002083,34,13070.88,668,28,5,2.0,1,20439.98,formal,store,1,0.6132,1,medium,customer_risk_model,v1
CUST_002084,52,28020.34,528,48,5,0.5,0,18345.17,self_employed,store,1,0.6619,1,medium,customer_risk_model,v1
CUST_002085,24,24360.11,671,31,9,7.9,1,3253.15,formal,store,1,0.4622,0,medium,customer_risk_model,v1
CUST_002086,52,20030.93,511,118,8,4.1,3,20860.27,formal,store,1,0.6748,1,medium,customer_risk_model,v1
CUST_002087,56,30559.62,558,61,2,8.3,4,19319.97,self_employed,store,1,0.7575,1,high,customer_risk_model,v1
CUST_002088,52,7507.73,468,86,4,1.4,1,7758.29,formal,store,0,0.5639,1,medium,customer_risk_model,v1
CUST_002089,33,17945.92,634,62,14,7.5,1,0.0,informal,store,0,0.5848,1,medium,customer_risk_model,v1
CUST_002090,19,20564.36,795,2,4,2.7,1,10247.39,self_employed,store,0,0.3337,0,low,customer_risk_model,v1
CUST_002091,64,11598.11,639,32,4,8.2,0,20333.34,formal,store,1,0.7471,1,high,customer_risk_model,v1
CUST_002092,34,20105.0,708,100,6,1.3,2,4680.29,formal,store,0,0.2612,0,low,customer_risk_model,v1
CUST_002093,59,10253.92,850,61,6,0.1,2,20650.31,informal,online,1,0.5668,1,medium,customer_risk_model,v1
CUST_002094,28,22833.9,686,84,4,3.3,2,5114.98,formal,online,0,0.3889,0,low,customer_risk_model,v1
CUST_002095,26,25404.84,581,91,8,1.2,0,11275.6,formal,store,1,0.3936,0,low,customer_risk_model,v1
CUST_002096,58,19906.33,594,67,6,0.1,0,6107.9,informal,call_center,0,0.4331,0,medium,customer_risk_model,v1
CUST_002097,66,5030.42,650,69,3,0.2,3,13251.94,self_employed,store,0,0.5109,1,medium,customer_risk_model,v1
CUST_002098,62,11232.45,593,29,6,2.2,2,18569.93,formal,store,1,0.7554,1,high,customer_risk_model,v1
CUST_002099,57,21952.97,600,30,4,5.3,3,25045.98,formal,app,1,0.7996,1,high,customer_risk_model,v1
CUST_002100,30,18148.39,739,18,7,7.9,1,13666.86,informal,store,1,0.5138,1,medium,customer_risk_model,v1
CUST_002101,65,4000.0,742,36,3,1.7,3,0.0,informal,store,1,0.483,0,medium,customer_risk_model,v1
CUST_002102,52,26699.81,502,75,3,3.8,0,17056.6,informal,store,1,0.6414,1,medium,customer_risk_model,v1
CUST_002103,26,18956.6,576,111,5,2.7,0,9617.37,self_employed,store,1,0.4308,0,medium,customer_risk_model,v1
CUST_002104,24,12266.48,608,53,10,8.4,3,9445.56,formal,call_center,1,0.7613,1,high,customer_risk_model,v1
CUST_002105,63,24964.69,704,72,6,5.7,0,12846.43,informal,app,0,0.3171,0,low,customer_risk_model,v1
CUST_002106,32,13257.22,753,103,4,3.9,2,16473.6,formal,call_center,0,0.2953,0,low,customer_risk_model,v1
CUST_002107,57,13180.84,850,81,7,0.9,1,8691.44,formal,store,0,0.2948,0,low,customer_risk_model,v1
CUST_002108,25,20508.47,608,32,4,1.3,0,16647.66,informal,store,1,0.5677,1,medium,customer_risk_model,v1
CUST_002109,32,30467.27,613,34,8,2.5,1,15237.95,formal,store,0,0.4595,0,medium,customer_risk_model,v1
CUST_002110,32,29365.11,703,76,5,3.1,2,16653.54,formal,online,1,0.4704,0,medium,customer_risk_model,v1
CUST_002111,32,20517.98,589,35,6,13.8,1,19038.8,formal,store,1,0.7748,1,high,customer_risk_model,v1
CUST_002112,53,21236.7,637,30,4,2.5,2,0.0,formal,store,1,0.5814,1,medium,customer_risk_model,v1
CUST_002113,65,23540.49,613,71,10,2.2,0,8857.9,formal,store,0,0.3708,0,low,customer_risk_model,v1
CUST_002114,65,9201.11,414,76,5,5.3,0,10778.34,formal,call_center,1,0.6826,1,medium,customer_risk_model,v1
CUST_002115,56,22509.04,661,31,4,2.0,0,10007.57,formal,app,1,0.433,0,medium,customer_risk_model,v1
CUST_002116,28,12861.49,634,6,2,0.7,1,5070.73,formal,online,1,0.5548,1,medium,customer_risk_model,v1
CUST_002117,67,20229.35,764,92,6,6.4,0,6780.37,formal,app,0,0.2606,0,low,customer_risk_model,v1
CUST_002118,46,16407.73,650,47,4,2.5,1,16169.81,formal,app,1,0.5483,1,medium,customer_risk_model,v1
CUST_002119,46,21508.46,537,76,5,1.7,1,15686.6,informal,store,1,0.6198,1,medium,customer_risk_model,v1
CUST_002120,54,18826.72,627,21,6,9.2,3,12260.35,self_employed,store,1,0.7615,1,high,customer_risk_model,v1
CUST_002121,57,4000.0,462,38,13,6.8,0,3967.92,informal,store,1,0.6884,1,medium,customer_risk_model,v1
CUST_002122,67,19252.24,541,73,2,8.6,2,18876.4,formal,store,1,0.8111,1,high,customer_risk_model,v1
CUST_002123,48,22495.07,707,15,2,6.9,1,18299.21,informal,online,0,0.4043,0,medium,customer_risk_model,v1
CUST_002124,49,21121.5,628,38,12,8.4,0,20899.34,formal,store,1,0.6547,1,medium,customer_risk_model,v1
CUST_002125,56,17281.9,733,86,8,9.9,3,5747.08,formal,online,1,0.4102,0,medium,customer_risk_model,v1
CUST_002126,31,29495.13,473,92,10,1.9,1,41016.03,self_employed,online,1,0.5783,1,medium,customer_risk_model,v1
CUST_002127,34,20179.61,628,43,3,1.5,0,13760.42,formal,store,1,0.5222,1,medium,customer_risk_model,v1
CUST_002128,50,21063.71,607,14,4,21.0,0,5940.68,self_employed,store,1,0.6978,1,medium,customer_risk_model,v1
CUST_002129,21,25311.44,736,4,3,3.9,0,31031.66,formal,app,1,0.4904,0,medium,customer_risk_model,v1
CUST_002130,34,20538.15,711,67,2,6.2,6,17980.96,informal,online,1,0.5887,1,medium,customer_risk_model,v1
CUST_002131,55,11713.88,708,83,7,3.0,0,13622.14,formal,app,1,0.3989,0,low,customer_risk_model,v1
CUST_002132,68,4000.0,789,71,5,0.5,0,14588.21,informal,store,1,0.4637,0,medium,customer_risk_model,v1
CUST_002133,45,14660.15,617,49,4,11.0,2,22259.06,informal,online,0,0.6468,1,medium,customer_risk_model,v1
CUST_002134,38,23326.62,770,3,9,8.4,2,14017.77,formal,store,0,0.4845,0,medium,customer_risk_model,v1
CUST_002135,40,15528.33,556,27,7,5.9,2,0.0,formal,store,1,0.6923,1,medium,customer_risk_model,v1
CUST_002136,53,23608.25,553,5,11,4.6,0,11855.93,informal,store,1,0.6435,1,medium,customer_risk_model,v1
CUST_002137,46,19041.1,718,56,2,5.6,2,19196.6,informal,store,1,0.501,1,medium,customer_risk_model,v1
CUST_002138,19,27016.46,515,37,12,3.9,0,11617.71,informal,call_center,0,0.5686,1,medium,customer_risk_model,v1
CUST_002139,46,15933.48,702,9,7,2.9,1,4118.83,self_employed,online,0,0.3708,0,low,customer_risk_model,v1
CUST_002140,38,21273.3,659,73,4,12.8,3,11709.11,formal,store,0,0.5553,1,medium,customer_risk_model,v1
CUST_002141,54,21541.2,746,45,7,3.3,2,18914.03,self_employed,app,1,0.4721,0,medium,customer_risk_model,v1
CUST_002142,63,28511.21,645,115,4,3.0,1,22207.96,formal,store,1,0.4755,0,medium,customer_risk_model,v1
CUST_002143,68,6053.54,655,50,6,1.1,2,3126.58,self_employed,store,1,0.4985,0,medium,customer_risk_model,v1
CUST_002144,49,14791.14,696,11,7,6.5,1,2580.73,formal,store,0,0.4149,0,medium,customer_risk_model,v1
CUST_002145,36,23939.61,590,84,7,6.0,1,11528.77,informal,store,0,0.3597,0,low,customer_risk_model,v1
CUST_002146,41,28821.28,586,84,2,7.0,2,6457.07,unemployed,store,1,0.5358,1,medium,customer_risk_model,v1
CUST_002147,27,19680.5,693,111,3,0.0,1,7374.54,self_employed,call_center,0,0.2934,0,low,customer_risk_model,v1
CUST_002148,66,15951.07,647,83,2,11.4,1,9850.01,formal,online,0,0.5257,1,medium,customer_risk_model,v1
CUST_002149,62,23299.83,613,44,7,1.6,2,18128.65,informal,call_center,1,0.6818,1,medium,customer_risk_model,v1
CUST_002150,62,24080.92,643,80,5,9.4,2,5249.32,formal,store,1,0.5106,1,medium,customer_risk_model,v1
CUST_002151,35,15482.37,794,95,6,2.2,0,2670.03,formal,store,1,0.2964,0,low,customer_risk_model,v1
CUST_002152,34,20312.15,610,62,3,9.3,3,6087.55,informal,online,1,0.741,1,high,customer_risk_model,v1
CUST_002153,62,26263.69,608,95,6,2.9,2,0.0,formal,online,1,0.4228,0,medium,customer_risk_model,v1
CUST_002154,46,31233.21,496,116,6,4.2,1,12420.68,informal,online,0,0.4437,0,medium,customer_risk_model,v1
CUST_002155,54,23198.23,646,90,10,5.5,2,12872.91,informal,online,1,0.5328,1,medium,customer_risk_model,v1
CUST_002156,43,18308.97,709,60,7,4.4,2,20079.96,self_employed,store,1,0.5016,1,medium,customer_risk_model,v1
CUST_002157,41,17621.47,725,59,6,1.3,0,3531.19,formal,online,0,0.3584,0,low,customer_risk_model,v1
CUST_002158,50,21901.78,660,100,3,2.6,2,12982.66,formal,app,0,0.4318,0,medium,customer_risk_model,v1
CUST_002159,60,17190.29,736,104,4,2.7,1,14679.64,formal,online,0,0.2721,0,low,customer_risk_model,v1
CUST_002160,35,19327.48,716,32,8,0.9,2,0.0,informal,app,1,0.4202,0,medium,customer_risk_model,v1
CUST_002161,60,10594.87,750,2,5,6.5,2,13752.95,self_employed,store,0,0.439,0,medium,customer_risk_model,v1
CUST_002162,30,27079.4,739,96,10,0.1,0,14050.42,formal,store,0,0.2218,0,low,customer_risk_model,v1
CUST_002163,38,10018.71,791,29,3,1.0,3,10976.3,formal,app,1,0.5555,1,medium,customer_risk_model,v1
CUST_002164,65,14975.22,635,119,2,2.1,0,1749.25,informal,app,0,0.3645,0,low,customer_risk_model,v1
CUST_002165,67,18683.15,531,5,7,21.7,1,11391.02,formal,store,1,0.8292,1,high,customer_risk_model,v1
CUST_002166,66,31936.91,710,109,5,2.0,3,0.0,formal,store,0,0.2869,0,low,customer_risk_model,v1
CUST_002167,34,15041.22,720,81,5,0.4,1,14601.64,formal,store,0,0.3273,0,low,customer_risk_model,v1
CUST_002168,61,13337.89,791,37,5,6.3,3,17933.09,informal,store,1,0.6192,1,medium,customer_risk_model,v1
CUST_002169,66,14144.28,765,5,9,10.4,2,10248.29,formal,store,1,0.5195,1,medium,customer_risk_model,v1
CUST_002170,68,29612.28,825,101,8,2.0,1,22235.41,informal,app,0,0.256,0,low,customer_risk_model,v1
CUST_002171,19,4000.0,706,15,7,1.4,2,6422.86,informal,store,0,0.4377,0,medium,customer_risk_model,v1
CUST_002172,56,10980.83,671,12,7,0.2,3,6175.93,formal,store,1,0.6022,1,medium,customer_risk_model,v1
CUST_002173,69,37119.02,525,95,6,3.1,1,9771.74,informal,store,1,0.5187,1,medium,customer_risk_model,v1
CUST_002174,57,22136.17,678,81,5,5.3,2,30108.63,formal,store,1,0.5939,1,medium,customer_risk_model,v1
CUST_002175,30,10258.11,600,16,4,3.7,0,9726.52,self_employed,store,1,0.5447,1,medium,customer_risk_model,v1
CUST_002176,57,17706.57,669,41,6,4.6,1,29146.66,unemployed,store,0,0.5716,1,medium,customer_risk_model,v1
CUST_002177,23,18472.18,655,80,10,3.9,1,11692.03,informal,app,1,0.424,0,medium,customer_risk_model,v1
CUST_002178,42,23922.88,692,79,7,7.5,1,5542.5,formal,store,1,0.2964,0,low,customer_risk_model,v1
CUST_002179,50,30876.51,641,44,3,1.1,2,27623.27,self_employed,app,1,0.6273,1,medium,customer_risk_model,v1
CUST_002180,41,20719.86,734,50,11,5.7,0,13477.63,formal,store,0,0.3338,0,low,customer_risk_model,v1
CUST_002181,54,14221.48,405,10,9,3.3,2,9647.53,formal,call_center,1,0.7571,1,high,customer_risk_model,v1
CUST_002182,30,23509.59,667,2,7,6.3,1,18887.92,self_employed,online,0,0.5162,1,medium,customer_risk_model,v1
CUST_002183,49,13112.23,758,116,11,9.5,2,21978.23,informal,call_center,1,0.4703,0,medium,customer_risk_model,v1
CUST_002184,51,10766.64,818,28,6,3.2,2,7349.93,formal,call_center,1,0.4644,0,medium,customer_risk_model,v1
CUST_002185,50,5680.64,716,111,5,1.3,1,19214.22,formal,store,1,0.3978,0,low,customer_risk_model,v1
CUST_002186,33,7044.1,802,6,9,0.5,0,10187.16,informal,store,0,0.3691,0,low,customer_risk_model,v1
CUST_002187,33,11724.88,665,118,6,6.3,0,4150.86,formal,store,0,0.3807,0,low,customer_risk_model,v1
CUST_002188,31,9755.47,650,51,7,6.0,2,6340.97,formal,store,0,0.5129,1,medium,customer_risk_model,v1
CUST_002189,42,20192.66,698,96,5,8.5,3,2624.29,formal,store,1,0.419,0,medium,customer_risk_model,v1
CUST_002190,48,9604.19,650,100,3,14.2,1,12696.97,informal,store,1,0.5552,1,medium,customer_risk_model,v1
CUST_002191,36,4000.0,580,42,8,6.6,3,12725.86,self_employed,store,1,0.7629,1,high,customer_risk_model,v1
CUST_002192,39,10692.62,604,88,3,2.1,0,21137.86,formal,store,1,0.5585,1,medium,customer_risk_model,v1
CUST_002193,32,14696.98,550,40,6,4.5,0,18947.34,informal,app,1,0.7446,1,high,customer_risk_model,v1
CUST_002194,29,13761.85,698,94,3,0.3,0,8769.09,formal,app,1,0.3913,0,low,customer_risk_model,v1
CUST_002195,52,28636.67,651,115,6,8.6,1,10455.66,informal,app,0,0.3116,0,low,customer_risk_model,v1
CUST_002196,60,13705.2,618,97,8,7.4,0,6808.14,informal,store,0,0.3861,0,low,customer_risk_model,v1
CUST_002197,33,24166.46,599,87,6,0.7,1,12877.78,informal,call_center,1,0.4052,0,medium,customer_risk_model,v1
CUST_002198,62,17867.12,695,45,12,5.8,1,10233.68,self_employed,store,0,0.362,0,low,customer_risk_model,v1
CUST_002199,47,17703.87,720,13,4,10.0,3,12397.05,formal,store,1,0.6295,1,medium,customer_risk_model,v1
CUST_002200,26,12152.34,548,61,5,17.4,2,23697.46,formal,store,1,0.7944,1,high,customer_risk_model,v1
CUST_002201,37,17588.52,534,16,5,3.9,1,24110.39,self_employed,store,1,0.7272,1,high,customer_risk_model,v1
CUST_002202,18,12644.33,736,61,7,4.5,0,7004.51,formal,store,0,0.3482,0,low,customer_risk_model,v1
CUST_002203,20,19190.17,526,104,5,3.7,1,18214.54,unemployed,call_center,0,0.5316,1,medium,customer_risk_model,v1
CUST_002204,35,16346.25,699,14,5,0.7,1,17227.26,formal,online,0,0.4799,0,medium,customer_risk_model,v1
CUST_002205,41,11387.6,796,108,7,2.4,0,7605.84,formal,store,0,0.2458,0,low,customer_risk_model,v1
CUST_002206,59,24943.26,796,72,6,2.8,0,23296.18,formal,store,0,0.35,0,low,customer_risk_model,v1
CUST_002207,24,20987.88,716,6,4,1.1,0,171.1,formal,online,0,0.3103,0,low,customer_risk_model,v1
CUST_002208,61,14863.56,714,86,5,3.8,1,20604.65,self_employed,store,0,0.3223,0,low,customer_risk_model,v1
CUST_002209,30,19018.45,850,1,5,7.7,4,11064.75,informal,app,1,0.6063,1,medium,customer_risk_model,v1
CUST_002210,25,17413.24,440,73,5,16.8,2,3429.24,formal,store,1,0.7864,1,high,customer_risk_model,v1
CUST_002211,54,11926.86,608,61,5,2.1,1,10527.61,informal,store,0,0.4593,0,medium,customer_risk_model,v1
CUST_002212,58,18493.47,726,89,4,2.2,2,27023.79,informal,store,1,0.435,0,medium,customer_risk_model,v1
CUST_002213,49,13652.92,620,45,6,7.4,3,32086.75,informal,online,1,0.8149,1,high,customer_risk_model,v1
CUST_002214,24,11385.46,762,15,3,4.6,0,5770.67,formal,online,0,0.4101,0,medium,customer_risk_model,v1
CUST_002215,23,6640.63,646,47,5,1.4,3,11688.28,self_employed,online,1,0.6798,1,medium,customer_risk_model,v1
CUST_002216,38,15489.75,662,91,4,1.8,0,10512.26,formal,store,1,0.4141,0,medium,customer_risk_model,v1
CUST_002217,41,21968.79,625,114,6,2.6,1,11847.51,self_employed,store,0,0.3056,0,low,customer_risk_model,v1
CUST_002218,69,13137.38,603,25,6,0.6,2,24999.66,informal,store,1,0.824,1,high,customer_risk_model,v1
CUST_002219,32,35644.96,601,42,9,4.1,0,8872.91,self_employed,app,0,0.3894,0,low,customer_risk_model,v1
CUST_002220,28,24199.8,674,105,4,0.2,4,5744.57,self_employed,store,0,0.3477,0,low,customer_risk_model,v1
CUST_002221,67,27130.31,580,38,11,6.3,1,8443.42,formal,store,0,0.5407,1,medium,customer_risk_model,v1
CUST_002222,26,23566.7,736,30,16,3.3,0,10501.45,formal,store,0,0.3121,0,low,customer_risk_model,v1
CUST_002223,19,30970.05,709,99,4,6.0,1,18160.24,informal,store,1,0.3272,0,low,customer_risk_model,v1
CUST_002224,39,12490.99,749,59,8,0.5,1,13005.78,formal,online,1,0.4506,0,medium,customer_risk_model,v1
CUST_002225,38,4000.0,548,70,7,16.0,3,17322.85,formal,store,1,0.8317,1,high,customer_risk_model,v1
CUST_002226,50,14877.12,497,58,5,0.6,0,20468.94,formal,store,1,0.722,1,high,customer_risk_model,v1
CUST_002227,63,21907.53,650,72,8,3.5,0,9749.61,unemployed,store,1,0.4887,0,medium,customer_risk_model,v1
CUST_002228,66,19060.62,850,32,6,8.4,1,11440.53,formal,store,1,0.437,0,medium,customer_risk_model,v1
CUST_002229,33,19928.31,764,88,7,1.6,2,15928.29,formal,store,0,0.2454,0,low,customer_risk_model,v1
CUST_002230,69,27246.37,600,44,6,4.4,1,7069.95,formal,store,1,0.5246,1,medium,customer_risk_model,v1
CUST_002231,50,20674.4,688,63,4,7.2,2,12354.75,formal,online,0,0.4727,0,medium,customer_risk_model,v1
CUST_002232,21,23592.39,715,23,5,4.0,1,20468.42,self_employed,store,0,0.3331,0,low,customer_risk_model,v1
CUST_002233,66,11423.06,527,2,5,12.9,4,12977.32,formal,store,1,0.8284,1,high,customer_risk_model,v1
CUST_002234,25,10332.24,773,68,5,1.4,2,22202.88,informal,store,0,0.3873,0,low,customer_risk_model,v1
CUST_002235,48,29298.8,635,17,5,0.4,1,4711.95,formal,store,0,0.4801,0,medium,customer_risk_model,v1
CUST_002236,59,18706.31,642,109,8,4.3,1,14705.07,self_employed,store,0,0.3533,0,low,customer_risk_model,v1
CUST_002237,30,13637.4,652,115,7,3.0,0,16624.27,self_employed,store,0,0.3964,0,low,customer_risk_model,v1
CUST_002238,32,13650.24,753,38,9,8.7,1,14533.31,self_employed,store,1,0.5252,1,medium,customer_risk_model,v1
CUST_002239,42,13456.14,582,35,4,5.4,2,9696.47,formal,online,1,0.6504,1,medium,customer_risk_model,v1
CUST_002240,64,13037.29,496,61,5,9.1,2,328.84,formal,store,0,0.6491,1,medium,customer_risk_model,v1
CUST_002241,29,9017.97,679,25,10,7.3,1,20946.38,formal,store,1,0.651,1,medium,customer_risk_model,v1
CUST_002242,52,7497.06,466,103,6,6.2,1,712.82,self_employed,app,1,0.6612,1,medium,customer_risk_model,v1
CUST_002243,41,16634.97,623,13,8,1.4,0,1313.03,unemployed,call_center,1,0.6044,1,medium,customer_risk_model,v1
CUST_002244,23,13849.52,757,54,3,0.7,1,16650.09,formal,online,0,0.3839,0,low,customer_risk_model,v1
CUST_002245,54,25750.11,702,23,4,1.6,2,9046.3,formal,store,1,0.4312,0,medium,customer_risk_model,v1
CUST_002246,61,20051.54,744,99,7,7.6,1,13149.31,informal,app,0,0.2636,0,low,customer_risk_model,v1
CUST_002247,47,19857.22,706,18,7,7.4,0,1736.36,formal,store,0,0.41,0,medium,customer_risk_model,v1
CUST_002248,27,12798.16,850,54,10,14.6,2,14332.17,formal,online,1,0.6809,1,medium,customer_risk_model,v1
CUST_002249,26,17152.8,597,100,2,2.9,1,18689.68,informal,online,1,0.5049,1,medium,customer_risk_model,v1
CUST_002250,40,20527.01,686,53,5,3.2,1,0.0,informal,store,0,0.3886,0,low,customer_risk_model,v1
CUST_002251,44,23013.37,611,22,6,2.2,2,14017.45,formal,store,1,0.6382,1,medium,customer_risk_model,v1
CUST_002252,46,17342.76,736,19,7,15.0,2,19218.48,formal,store,1,0.6632,1,medium,customer_risk_model,v1
CUST_002253,30,25553.87,644,72,2,3.3,3,1328.47,formal,store,0,0.4668,0,medium,customer_risk_model,v1
CUST_002254,44,18055.93,805,15,2,4.4,1,13158.23,formal,store,1,0.4284,0,medium,customer_risk_model,v1
CUST_002255,33,23549.93,602,43,3,1.0,2,12411.6,informal,online,1,0.6332,1,medium,customer_risk_model,v1
CUST_002256,53,14571.03,777,73,6,4.1,2,14853.95,formal,store,0,0.4081,0,medium,customer_risk_model,v1
CUST_002257,59,5311.88,703,46,7,0.9,0,9819.91,formal,online,1,0.4767,0,medium,customer_risk_model,v1
CUST_002258,51,19878.51,647,99,3,3.4,2,347.42,formal,app,1,0.4513,0,medium,customer_risk_model,v1
CUST_002259,18,23077.27,699,82,7,3.5,2,8822.04,self_employed,online,1,0.3875,0,low,customer_risk_model,v1
CUST_002260,69,22027.43,674,17,9,2.5,2,7554.7,self_employed,app,1,0.5553,1,medium,customer_risk_model,v1
CUST_002261,19,20955.31,682,98,8,5.2,1,11457.29,informal,store,1,0.3314,0,low,customer_risk_model,v1
CUST_002262,69,15559.89,631,109,9,14.2,3,21640.96,formal,store,1,0.7629,1,high,customer_risk_model,v1
CUST_002263,19,12352.78,587,25,5,0.8,0,108.73,informal,store,1,0.5783,1,medium,customer_risk_model,v1
CUST_002264,44,21862.1,620,43,6,2.2,0,19685.28,formal,online,0,0.4766,0,medium,customer_risk_model,v1
CUST_002265,23,20985.13,499,48,4,1.5,2,26145.46,self_employed,store,1,0.6709,1,medium,customer_risk_model,v1
CUST_002266,22,14073.71,726,51,2,0.1,0,25655.91,informal,store,0,0.4536,0,medium,customer_risk_model,v1
CUST_002267,53,25765.97,539,56,6,5.2,0,26325.0,formal,store,1,0.6724,1,medium,customer_risk_model,v1
CUST_002268,55,11819.94,630,107,5,2.7,1,13541.11,formal,store,0,0.3971,0,low,customer_risk_model,v1
CUST_002269,24,13915.34,708,78,3,21.7,1,12577.67,informal,store,1,0.555,1,medium,customer_risk_model,v1
CUST_002270,68,29454.98,726,107,2,10.0,2,0.0,formal,store,1,0.4414,0,medium,customer_risk_model,v1
CUST_002271,34,24080.07,490,42,6,23.6,2,10260.72,formal,store,1,0.7861,1,high,customer_risk_model,v1
CUST_002272,34,15493.93,642,63,1,0.2,0,21061.04,formal,store,1,0.5851,1,medium,customer_risk_model,v1
CUST_002273,33,20011.66,691,13,2,0.9,3,631.35,self_employed,store,1,0.5626,1,medium,customer_risk_model,v1
CUST_002274,41,19083.55,655,33,7,0.1,2,5119.7,informal,store,1,0.5482,1,medium,customer_risk_model,v1
CUST_002275,27,4000.0,771,70,3,10.9,0,12876.54,formal,app,1,0.5018,1,medium,customer_risk_model,v1
CUST_002276,40,11654.68,576,21,3,1.4,1,0.0,informal,call_center,1,0.5665,1,medium,customer_risk_model,v1
CUST_002277,28,17644.07,466,115,7,1.1,0,26587.37,formal,store,0,0.4892,0,medium,customer_risk_model,v1
CUST_002278,20,15503.72,723,33,9,0.1,0,16669.71,formal,call_center,1,0.5441,1,medium,customer_risk_model,v1
CUST_002279,37,19729.72,602,20,9,0.4,1,14745.81,formal,store,1,0.5525,1,medium,customer_risk_model,v1
CUST_002280,52,25906.38,492,93,5,2.9,1,18473.14,formal,store,1,0.5801,1,medium,customer_risk_model,v1
CUST_002281,57,15749.25,636,11,2,3.7,1,9289.94,formal,online,0,0.5015,1,medium,customer_risk_model,v1
CUST_002282,36,10596.42,761,39,11,1.7,0,14239.8,self_employed,store,0,0.3777,0,low,customer_risk_model,v1
CUST_002283,34,20273.96,536,24,6,11.4,1,4184.37,formal,store,1,0.8024,1,high,customer_risk_model,v1
CUST_002284,58,15713.64,850,83,9,0.4,1,0.0,informal,online,0,0.3482,0,low,customer_risk_model,v1
CUST_002285,53,16907.56,575,101,5,2.1,2,11740.33,unemployed,online,1,0.5789,1,medium,customer_risk_model,v1
CUST_002286,61,15957.58,658,24,7,19.3,1,24656.8,formal,store,1,0.7241,1,high,customer_risk_model,v1
CUST_002287,65,33692.86,540,50,8,5.6,2,25397.03,formal,store,0,0.6685,1,medium,customer_risk_model,v1
CUST_002288,60,4000.0,654,57,7,4.7,2,10490.25,informal,app,1,0.5147,1,medium,customer_risk_model,v1
CUST_002289,66,15281.66,638,83,10,6.7,2,9787.52,formal,online,1,0.5284,1,medium,customer_risk_model,v1
CUST_002290,39,17974.18,516,42,10,1.0,0,0.0,self_employed,online,0,0.5301,1,medium,customer_risk_model,v1
CUST_002291,38,12532.0,850,63,5,3.5,1,20497.91,formal,call_center,0,0.388,0,low,customer_risk_model,v1
CUST_002292,34,24298.78,605,60,4,5.5,2,15384.97,self_employed,call_center,0,0.555,1,medium,customer_risk_model,v1
CUST_002293,30,23692.8,605,2,6,1.7,3,10487.2,formal,store,1,0.7137,1,high,customer_risk_model,v1
CUST_002294,56,17665.72,737,68,9,1.3,1,0.0,formal,store,0,0.3143,0,low,customer_risk_model,v1
CUST_002295,55,16105.28,813,68,10,5.0,2,0.0,self_employed,app,0,0.3159,0,low,customer_risk_model,v1
CUST_002296,59,17216.3,751,118,7,20.5,1,13035.63,formal,store,0,0.5136,1,medium,customer_risk_model,v1
CUST_002297,26,17266.49,542,61,6,7.6,0,0.0,informal,store,1,0.662,1,medium,customer_risk_model,v1
CUST_002298,43,17451.39,669,108,7,14.6,1,16305.29,formal,store,0,0.5849,1,medium,customer_risk_model,v1
CUST_002299,29,16684.01,481,42,6,4.7,0,16695.32,informal,app,1,0.7755,1,high,customer_risk_model,v1
CUST_002300,64,19767.15,731,83,3,10.8,1,1482.81,formal,store,1,0.4513,0,medium,customer_risk_model,v1
CUST_002301,31,23272.48,503,108,5,3.4,0,12386.75,informal,store,1,0.5998,1,medium,customer_risk_model,v1
CUST_002302,25,9388.18,578,19,8,0.8,0,4488.46,informal,store,1,0.5724,1,medium,customer_risk_model,v1
CUST_002303,47,10645.35,650,68,5,1.8,1,19530.91,informal,online,1,0.5336,1,medium,customer_risk_model,v1
CUST_002304,63,5760.37,690,110,10,3.4,2,38326.18,formal,store,1,0.5402,1,medium,customer_risk_model,v1
CUST_002305,65,24064.78,627,67,5,5.7,2,11048.62,formal,online,1,0.5496,1,medium,customer_risk_model,v1
CUST_002306,22,19752.26,787,107,5,4.6,1,23821.94,formal,app,0,0.2275,0,low,customer_risk_model,v1
CUST_002307,34,21536.87,715,50,5,1.4,1,20222.64,informal,store,0,0.3262,0,low,customer_risk_model,v1
CUST_002308,25,7993.51,708,106,1,1.4,0,11379.41,self_employed,store,0,0.2642,0,low,customer_risk_model,v1
CUST_002309,34,30494.64,539,75,9,3.2,1,16256.49,formal,store,0,0.4843,0,medium,customer_risk_model,v1
CUST_002310,45,13738.04,803,58,7,6.0,2,1875.24,self_employed,online,1,0.4292,0,medium,customer_risk_model,v1
CUST_002311,32,19177.44,578,26,8,6.8,2,13101.84,self_employed,store,1,0.732,1,high,customer_risk_model,v1
CUST_002312,21,23980.69,806,21,4,6.3,0,9599.93,formal,store,1,0.2925,0,low,customer_risk_model,v1
CUST_002313,44,11091.14,832,35,11,1.2,0,22876.32,informal,store,0,0.5032,1,medium,customer_risk_model,v1
CUST_002314,20,14175.73,696,90,5,6.9,2,6987.83,formal,store,0,0.3302,0,low,customer_risk_model,v1
CUST_002315,29,19254.2,743,56,6,6.4,1,3566.01,formal,app,0,0.3348,0,low,customer_risk_model,v1
CUST_002316,18,38002.31,373,47,3,0.9,1,3874.07,self_employed,store,1,0.6475,1,medium,customer_risk_model,v1
CUST_002317,22,20107.87,632,56,11,8.0,2,18845.33,formal,store,0,0.5749,1,medium,customer_risk_model,v1
CUST_002318,40,29244.53,749,42,10,1.9,1,10528.41,self_employed,store,0,0.2644,0,low,customer_risk_model,v1
CUST_002319,62,26439.71,733,97,9,11.4,0,0.0,formal,call_center,0,0.2746,0,low,customer_risk_model,v1
CUST_002320,58,20576.07,540,47,5,4.4,4,20116.71,informal,store,1,0.8039,1,high,customer_risk_model,v1
CUST_002321,23,11075.63,624,57,10,12.1,1,0.0,formal,store,1,0.6374,1,medium,customer_risk_model,v1
CUST_002322,19,25418.28,422,67,6,1.6,3,7612.19,formal,store,1,0.6623,1,medium,customer_risk_model,v1
CUST_002323,35,7513.23,687,77,4,2.3,3,10314.35,formal,app,0,0.4168,0,medium,customer_risk_model,v1
CUST_002324,51,29206.13,481,40,5,0.2,2,3233.76,formal,call_center,1,0.684,1,medium,customer_risk_model,v1
CUST_002325,56,19400.04,752,9,3,5.8,0,0.0,formal,call_center,0,0.3048,0,low,customer_risk_model,v1
CUST_002326,60,4000.0,756,83,10,1.4,1,18507.27,informal,store,1,0.4273,0,medium,customer_risk_model,v1
CUST_002327,35,15616.46,607,67,7,4.1,2,17214.79,formal,online,0,0.6426,1,medium,customer_risk_model,v1
CUST_002328,26,22577.63,697,78,6,10.3,0,12430.54,informal,store,0,0.3398,0,low,customer_risk_model,v1
CUST_002329,19,16340.83,630,65,4,5.3,0,14922.65,formal,store,0,0.4792,0,medium,customer_risk_model,v1
CUST_002330,25,23005.04,672,61,0,18.2,3,0.0,self_employed,app,1,0.701,1,high,customer_risk_model,v1
CUST_002331,21,12049.83,547,113,4,11.1,3,16175.58,formal,app,1,0.7553,1,high,customer_risk_model,v1
CUST_002332,62,8858.12,706,7,6,3.9,4,15308.88,formal,store,0,0.5163,1,medium,customer_risk_model,v1
CUST_002333,31,17499.88,502,11,7,6.1,1,15538.74,self_employed,store,1,0.8036,1,high,customer_risk_model,v1
CUST_002334,60,18220.96,485,112,4,3.1,0,15510.43,self_employed,store,1,0.5886,1,medium,customer_risk_model,v1
CUST_002335,46,15561.31,639,106,4,4.7,1,19953.89,informal,app,0,0.4799,0,medium,customer_risk_model,v1
CUST_002336,46,26591.04,631,49,5,19.2,3,11072.0,formal,call_center,1,0.6359,1,medium,customer_risk_model,v1
CUST_002337,41,12048.55,675,65,4,2.5,2,12503.67,formal,online,1,0.4955,0,medium,customer_risk_model,v1
CUST_002338,60,20192.16,592,54,6,6.0,2,1321.15,self_employed,store,1,0.6211,1,medium,customer_risk_model,v1
CUST_002339,20,18475.79,820,119,4,10.5,3,17485.46,formal,online,1,0.4658,0,medium,customer_risk_model,v1
CUST_002340,22,7102.99,664,55,6,0.3,2,6650.66,formal,store,1,0.4767,0,medium,customer_risk_model,v1
CUST_002341,40,8766.79,671,91,4,0.8,1,7226.31,self_employed,app,0,0.4064,0,medium,customer_risk_model,v1
CUST_002342,38,18083.38,668,44,7,0.3,1,8728.18,formal,app,1,0.4771,0,medium,customer_risk_model,v1
CUST_002343,46,31868.4,740,46,2,2.4,2,3421.69,informal,store,0,0.4219,0,medium,customer_risk_model,v1
CUST_002344,56,22054.89,702,81,2,1.6,0,11147.82,self_employed,store,0,0.2404,0,low,customer_risk_model,v1
CUST_002345,48,5920.56,690,48,2,1.5,2,18593.58,formal,store,1,0.5889,1,medium,customer_risk_model,v1
CUST_002346,31,4000.0,716,2,8,4.4,2,3105.52,self_employed,store,1,0.4414,0,medium,customer_risk_model,v1
CUST_002347,35,23131.38,486,21,4,2.1,1,11867.34,self_employed,store,0,0.6799,1,medium,customer_risk_model,v1
CUST_002348,57,17326.51,489,104,5,7.4,2,17331.26,informal,online,1,0.7758,1,high,customer_risk_model,v1
CUST_002349,28,25988.86,643,44,9,3.5,2,0.0,formal,store,1,0.5173,1,medium,customer_risk_model,v1
CUST_002350,44,11834.97,632,13,5,3.7,0,26834.54,formal,online,1,0.6878,1,medium,customer_risk_model,v1
CUST_002351,46,20451.49,702,112,4,0.9,0,8304.1,informal,app,0,0.2607,0,low,customer_risk_model,v1
CUST_002352,57,23923.21,652,119,4,6.7,1,4520.22,formal,store,1,0.3841,0,low,customer_risk_model,v1
CUST_002353,55,14867.75,702,60,5,4.5,4,12652.35,formal,app,0,0.4847,0,medium,customer_risk_model,v1
CUST_002354,42,15017.4,538,75,0,2.8,0,6600.63,informal,call_center,0,0.5301,1,medium,customer_risk_model,v1
CUST_002355,34,18176.84,649,90,5,6.8,1,11434.76,self_employed,store,0,0.3963,0,low,customer_risk_model,v1
CUST_002356,37,21798.73,529,8,6,3.4,2,6007.75,formal,store,1,0.7941,1,high,customer_risk_model,v1
CUST_002357,39,17899.66,685,36,3,4.2,1,21015.04,formal,store,1,0.5224,1,medium,customer_risk_model,v1
CUST_002358,29,24817.97,481,67,1,9.8,1,33470.62,formal,online,1,0.7198,1,high,customer_risk_model,v1
CUST_002359,50,14766.45,681,66,9,6.5,2,17783.81,self_employed,online,1,0.6339,1,medium,customer_risk_model,v1
CUST_002360,28,8701.23,518,40,8,0.6,0,13596.55,formal,online,0,0.6346,1,medium,customer_risk_model,v1
CUST_002361,51,31838.83,615,1,7,0.5,1,7583.46,formal,online,1,0.4598,0,medium,customer_risk_model,v1
CUST_002362,57,13767.56,731,114,8,4.8,0,20489.96,self_employed,store,1,0.3563,0,low,customer_risk_model,v1
CUST_002363,68,14020.91,670,74,3,1.5,0,5854.27,formal,store,0,0.3977,0,low,customer_risk_model,v1
CUST_002364,24,17539.38,502,90,12,0.7,2,14548.71,informal,store,0,0.578,1,medium,customer_risk_model,v1
CUST_002365,57,18470.27,589,53,5,12.7,3,7839.33,informal,call_center,1,0.8068,1,high,customer_risk_model,v1
CUST_002366,22,15293.21,515,61,3,5.0,1,1948.34,self_employed,store,1,0.665,1,medium,customer_risk_model,v1
CUST_002367,35,17877.96,497,53,7,1.4,4,10295.7,formal,store,1,0.7107,1,high,customer_risk_model,v1
CUST_002368,27,17721.66,661,52,10,3.3,1,4117.58,informal,online,0,0.4726,0,medium,customer_risk_model,v1
CUST_002369,26,19223.74,700,80,4,2.4,0,23804.77,formal,app,0,0.3385,0,low,customer_risk_model,v1
CUST_002370,27,4000.0,690,119,5,0.4,1,5967.04,formal,store,1,0.3986,0,low,customer_risk_model,v1
CUST_002371,20,31166.13,704,93,10,13.3,5,10958.47,formal,store,0,0.3383,0,low,customer_risk_model,v1
CUST_002372,60,16968.98,649,80,5,12.4,1,6803.93,formal,call_center,1,0.5759,1,medium,customer_risk_model,v1
CUST_002373,21,22064.36,625,2,6,8.8,3,2117.38,self_employed,store,0,0.6555,1,medium,customer_risk_model,v1
CUST_002374,38,8353.29,553,62,3,3.2,1,17475.43,informal,app,0,0.5694,1,medium,customer_risk_model,v1
CUST_002375,54,14703.0,610,114,4,0.7,2,11243.19,informal,call_center,1,0.5013,1,medium,customer_risk_model,v1
CUST_002376,69,13293.79,531,48,4,5.4,1,30745.89,formal,store,0,0.7103,1,high,customer_risk_model,v1
CUST_002377,62,28288.07,574,66,7,6.4,1,20379.63,informal,online,1,0.6866,1,medium,customer_risk_model,v1
CUST_002378,25,13899.3,658,39,9,1.4,1,12560.39,formal,call_center,0,0.5367,1,medium,customer_risk_model,v1
CUST_002379,69,23306.56,639,23,9,1.3,1,14935.87,informal,store,1,0.5815,1,medium,customer_risk_model,v1
CUST_002380,51,13447.06,850,84,3,5.1,0,11279.6,informal,store,0,0.254,0,low,customer_risk_model,v1
CUST_002381,27,14831.67,529,38,7,5.0,0,3781.61,self_employed,store,1,0.6668,1,medium,customer_risk_model,v1
CUST_002382,41,16281.15,639,70,2,0.9,1,504.27,formal,app,1,0.4964,0,medium,customer_risk_model,v1
CUST_002383,65,26986.92,522,71,7,4.4,3,3555.88,self_employed,online,0,0.6039,1,medium,customer_risk_model,v1
CUST_002384,38,4771.03,615,101,8,9.3,1,22699.2,formal,store,1,0.6267,1,medium,customer_risk_model,v1
CUST_002385,27,8790.36,619,112,6,1.0,1,14056.84,informal,online,0,0.3832,0,low,customer_risk_model,v1
CUST_002386,63,4368.86,726,66,9,1.6,1,16297.43,formal,online,1,0.5309,1,medium,customer_risk_model,v1
CUST_002387,67,10387.49,610,6,7,0.7,0,18297.19,self_employed,store,1,0.7129,1,high,customer_risk_model,v1
CUST_002388,68,12318.8,633,70,4,6.1,3,10399.26,formal,store,0,0.5453,1,medium,customer_risk_model,v1
CUST_002389,67,6698.63,611,106,8,2.2,1,7155.35,formal,store,0,0.3795,0,low,customer_risk_model,v1
CUST_002390,63,12860.97,524,57,7,3.7,2,28157.71,unemployed,store,1,0.7694,1,high,customer_risk_model,v1
CUST_002391,41,4000.0,591,68,6,2.0,0,16246.63,formal,online,1,0.6048,1,medium,customer_risk_model,v1
CUST_002392,27,10874.08,616,91,6,1.8,0,0.0,self_employed,call_center,0,0.4089,0,medium,customer_risk_model,v1
CUST_002393,50,26402.94,657,53,7,1.0,5,0.0,self_employed,app,1,0.5177,1,medium,customer_risk_model,v1
CUST_002394,29,20825.12,700,50,7,4.1,3,18000.14,formal,store,0,0.4635,0,medium,customer_risk_model,v1
CUST_002395,42,19312.27,629,58,8,2.6,2,4932.47,formal,store,1,0.5254,1,medium,customer_risk_model,v1
CUST_002396,52,10980.55,627,102,4,9.0,1,10958.2,formal,store,0,0.409,0,medium,customer_risk_model,v1
CUST_002397,67,7247.41,495,59,9,5.1,0,0.0,formal,store,0,0.5716,1,medium,customer_risk_model,v1
CUST_002398,33,10025.91,699,39,3,3.4,1,8294.76,self_employed,store,0,0.4014,0,medium,customer_risk_model,v1
CUST_002399,31,17697.53,587,72,6,2.6,3,19297.85,formal,app,1,0.7271,1,high,customer_risk_model,v1
CUST_002400,56,24077.24,717,83,8,0.4,1,7717.76,formal,store,1,0.2464,0,low,customer_risk_model,v1
CUST_002401,18,24316.57,768,109,4,4.3,0,2638.41,formal,store,0,0.1716,0,low,customer_risk_model,v1
CUST_002402,47,22414.29,633,107,3,3.7,0,10045.53,formal,store,0,0.3271,0,low,customer_risk_model,v1
CUST_002403,56,12837.1,558,94,5,11.5,0,12278.27,formal,store,1,0.6561,1,medium,customer_risk_model,v1
CUST_002404,46,18171.85,648,92,3,1.6,0,9181.13,informal,store,1,0.4128,0,medium,customer_risk_model,v1
CUST_002405,37,15750.6,681,54,8,20.0,1,0.0,self_employed,store,0,0.5148,1,medium,customer_risk_model,v1
CUST_002406,61,16591.67,622,41,5,1.7,3,15146.93,formal,app,1,0.7066,1,high,customer_risk_model,v1
CUST_002407,37,32259.9,599,67,6,4.2,2,7409.27,formal,store,0,0.4348,0,medium,customer_risk_model,v1
CUST_002408,54,5666.0,701,85,7,4.7,1,13394.62,informal,online,0,0.3661,0,low,customer_risk_model,v1
CUST_002409,42,16357.26,695,62,4,4.7,2,4188.85,formal,call_center,0,0.4433,0,medium,customer_risk_model,v1
CUST_002410,19,26482.24,619,25,7,0.5,1,21967.12,formal,online,0,0.4769,0,medium,customer_risk_model,v1
CUST_002411,45,7738.76,501,2,4,0.9,2,17700.18,informal,online,1,0.7791,1,high,customer_risk_model,v1
CUST_002412,20,13493.77,691,7,12,7.6,2,9122.63,formal,call_center,1,0.5747,1,medium,customer_risk_model,v1
CUST_002413,66,14296.73,581,51,5,0.6,1,14433.8,self_employed,store,1,0.6217,1,medium,customer_risk_model,v1
CUST_002414,49,16436.97,669,95,6,4.6,0,25085.91,informal,call_center,1,0.4637,0,medium,customer_risk_model,v1
CUST_002415,37,6828.3,664,94,5,1.2,0,21400.53,formal,store,0,0.4325,0,medium,customer_risk_model,v1
CUST_002416,43,22167.0,480,97,8,11.5,1,24073.99,formal,store,0,0.5898,1,medium,customer_risk_model,v1
CUST_002417,50,22664.01,657,85,4,2.4,3,16840.77,formal,store,1,0.5743,1,medium,customer_risk_model,v1
CUST_002418,31,21558.63,696,3,8,6.5,1,7664.17,formal,app,0,0.3731,0,low,customer_risk_model,v1
CUST_002419,32,11907.38,707,106,5,1.2,2,16707.17,informal,store,0,0.3123,0,low,customer_risk_model,v1
CUST_002420,39,18605.58,661,113,5,0.8,1,25593.8,informal,store,0,0.4004,0,medium,customer_risk_model,v1
CUST_002421,31,11703.92,472,102,8,8.1,0,16845.2,formal,store,1,0.7411,1,high,customer_risk_model,v1
CUST_002422,57,15671.82,765,54,5,3.5,3,5383.43,formal,store,1,0.5115,1,medium,customer_risk_model,v1
CUST_002423,23,33074.28,687,26,7,3.5,1,12529.95,formal,call_center,1,0.4596,0,medium,customer_risk_model,v1
CUST_002424,60,18669.87,542,108,4,3.9,1,18083.27,formal,online,1,0.562,1,medium,customer_risk_model,v1
CUST_002425,36,9687.31,579,23,8,2.6,1,13375.77,formal,store,0,0.5637,1,medium,customer_risk_model,v1
CUST_002426,47,19262.35,671,94,7,4.5,1,18106.53,formal,store,0,0.3722,0,low,customer_risk_model,v1
CUST_002427,26,8537.43,711,115,4,2.0,1,7044.62,self_employed,call_center,0,0.2846,0,low,customer_risk_model,v1
CUST_002428,38,9606.93,606,108,3,1.8,2,10280.37,formal,store,0,0.4624,0,medium,customer_risk_model,v1
CUST_002429,57,10712.14,724,63,4,15.5,1,14729.62,formal,store,1,0.5835,1,medium,customer_risk_model,v1
CUST_002430,32,14889.83,489,100,3,0.1,1,15108.64,formal,store,1,0.5978,1,medium,customer_risk_model,v1
CUST_002431,24,24558.78,556,99,3,1.1,2,6936.91,formal,store,1,0.5643,1,medium,customer_risk_model,v1
CUST_002432,45,22048.79,464,116,5,0.5,0,0.0,formal,app,0,0.4314,0,medium,customer_risk_model,v1
CUST_002433,26,21660.97,569,43,10,2.3,0,0.0,unemployed,online,1,0.6198,1,medium,customer_risk_model,v1
CUST_002434,34,10307.53,786,75,3,18.2,2,11625.78,self_employed,store,1,0.5788,1,medium,customer_risk_model,v1
CUST_002435,41,14210.8,835,98,10,1.2,2,13464.4,formal,online,0,0.2768,0,low,customer_risk_model,v1
CUST_002436,47,19904.01,671,28,5,2.6,0,10343.68,formal,online,0,0.4048,0,medium,customer_risk_model,v1
CUST_002437,51,13601.76,593,27,4,7.0,3,12281.17,self_employed,store,1,0.7784,1,high,customer_risk_model,v1
CUST_002438,53,16051.43,630,47,3,3.6,3,24808.41,formal,store,0,0.6361,1,medium,customer_risk_model,v1
CUST_002439,61,21089.51,693,43,4,2.8,0,8028.19,formal,store,0,0.3332,0,low,customer_risk_model,v1
CUST_002440,21,15558.59,509,90,1,0.7,1,14920.42,formal,app,0,0.5462,1,medium,customer_risk_model,v1
CUST_002441,36,19582.42,598,112,8,1.6,0,25471.12,formal,app,0,0.4055,0,medium,customer_risk_model,v1
CUST_002442,18,29149.1,779,19,6,8.8,1,3709.64,formal,app,0,0.3248,0,low,customer_risk_model,v1
CUST_002443,18,16796.99,556,39,5,7.4,1,26162.75,formal,online,1,0.7471,1,high,customer_risk_model,v1
CUST_002444,29,26255.36,583,111,3,9.6,0,19769.02,self_employed,store,1,0.5636,1,medium,customer_risk_model,v1
CUST_002445,49,21915.59,651,71,8,17.1,3,9518.08,formal,store,1,0.6428,1,medium,customer_risk_model,v1
CUST_002446,64,7729.31,675,25,4,0.3,1,0.0,self_employed,app,0,0.432,0,medium,customer_risk_model,v1
CUST_002447,58,10285.04,594,72,2,12.3,1,23124.86,informal,online,1,0.7314,1,high,customer_risk_model,v1
CUST_002448,51,12164.83,657,105,9,6.0,1,26162.06,formal,app,0,0.432,0,medium,customer_risk_model,v1
CUST_002449,58,12016.16,705,45,8,4.2,1,6442.7,self_employed,store,0,0.3377,0,low,customer_risk_model,v1
CUST_002450,26,17367.97,827,58,3,4.4,2,26664.88,unemployed,store,0,0.4717,0,medium,customer_risk_model,v1
CUST_002451,61,22302.51,639,74,3,0.5,0,0.0,formal,app,1,0.4172,0,medium,customer_risk_model,v1
CUST_002452,64,26786.11,646,101,3,2.3,1,14333.39,unemployed,store,0,0.342,0,low,customer_risk_model,v1
CUST_002453,22,20157.23,787,68,4,2.6,1,10579.27,unemployed,store,0,0.3555,0,low,customer_risk_model,v1
CUST_002454,42,14880.24,601,115,5,2.0,3,1302.76,formal,store,0,0.5174,1,medium,customer_risk_model,v1
CUST_002455,61,4000.0,531,90,6,18.2,3,10000.71,formal,store,1,0.7603,1,high,customer_risk_model,v1
CUST_002456,42,18494.13,673,51,5,7.1,2,11753.21,formal,app,0,0.5103,1,medium,customer_risk_model,v1
CUST_002457,61,18180.39,747,59,9,11.1,0,2482.48,formal,online,1,0.4914,0,medium,customer_risk_model,v1
CUST_002458,66,19280.5,682,83,10,10.4,2,17401.47,formal,call_center,0,0.6184,1,medium,customer_risk_model,v1
CUST_002459,42,32743.68,641,9,3,5.8,2,6546.86,formal,store,1,0.5915,1,medium,customer_risk_model,v1
CUST_002460,21,26684.18,520,27,2,1.1,0,9126.24,self_employed,store,1,0.6403,1,medium,customer_risk_model,v1
CUST_002461,35,23495.43,645,29,6,1.9,0,23575.24,formal,store,0,0.573,1,medium,customer_risk_model,v1
CUST_002462,29,11265.46,761,96,4,2.6,3,6764.35,informal,store,1,0.3349,0,low,customer_risk_model,v1
CUST_002463,42,14409.04,539,98,4,2.2,0,0.0,self_employed,online,1,0.5847,1,medium,customer_risk_model,v1
CUST_002464,48,17336.09,628,98,2,5.1,0,9987.65,formal,store,0,0.3865,0,low,customer_risk_model,v1
CUST_002465,42,12572.15,615,13,4,5.4,1,12871.74,self_employed,store,0,0.5824,1,medium,customer_risk_model,v1
CUST_002466,28,21503.25,587,36,11,25.7,1,10068.58,formal,store,1,0.681,1,medium,customer_risk_model,v1
CUST_002467,33,20498.36,672,38,4,0.2,0,18882.65,formal,call_center,1,0.5692,1,medium,customer_risk_model,v1
CUST_002468,53,10381.85,690,3,8,0.7,1,15201.7,informal,online,1,0.5295,1,medium,customer_risk_model,v1
CUST_002469,19,26377.72,689,31,4,4.3,0,7204.11,informal,online,1,0.408,0,medium,customer_risk_model,v1
CUST_002470,29,18716.17,562,52,7,41.7,1,17571.89,informal,app,1,0.7875,1,high,customer_risk_model,v1
CUST_002471,64,5896.5,502,106,6,19.7,0,15708.61,formal,app,1,0.7695,1,high,customer_risk_model,v1
CUST_002472,23,17640.6,674,21,13,0.6,0,15466.76,formal,online,1,0.53,1,medium,customer_risk_model,v1
CUST_002473,39,19968.45,604,103,11,1.5,1,10722.2,formal,store,0,0.3584,0,low,customer_risk_model,v1
CUST_002474,28,24809.55,815,98,3,0.6,1,14283.17,self_employed,store,0,0.169,0,low,customer_risk_model,v1
CUST_002475,23,15637.67,820,19,4,0.8,2,12872.67,self_employed,app,1,0.4674,0,medium,customer_risk_model,v1
CUST_002476,39,23795.57,829,32,7,5.6,1,9597.76,formal,store,0,0.3245,0,low,customer_risk_model,v1
CUST_002477,45,19309.99,565,55,9,0.8,2,15833.5,informal,store,1,0.6494,1,medium,customer_risk_model,v1
CUST_002478,27,8794.62,701,113,5,1.6,0,16453.43,formal,call_center,1,0.3679,0,low,customer_risk_model,v1
CUST_002479,22,8093.83,728,94,3,6.8,1,16457.02,informal,online,0,0.3438,0,low,customer_risk_model,v1
CUST_002480,25,25857.92,718,116,6,1.8,1,16936.13,formal,online,0,0.2181,0,low,customer_risk_model,v1
CUST_002481,51,26371.89,618,38,7,0.7,2,0.0,formal,online,0,0.5004,1,medium,customer_risk_model,v1
CUST_002482,62,20260.36,765,109,3,7.9,1,19234.61,formal,store,1,0.4546,0,medium,customer_risk_model,v1
CUST_002483,27,28469.95,650,114,6,5.6,1,4287.28,self_employed,app,0,0.298,0,low,customer_risk_model,v1
CUST_002484,34,25396.27,662,72,0,2.9,2,20960.86,formal,store,1,0.5275,1,medium,customer_risk_model,v1
CUST_002485,35,22785.4,512,19,6,1.9,0,1116.13,self_employed,store,1,0.6454,1,medium,customer_risk_model,v1
CUST_002486,36,11620.82,708,32,7,2.1,2,24655.5,formal,store,1,0.5802,1,medium,customer_risk_model,v1
CUST_002487,30,30120.0,627,16,6,11.1,0,0.0,formal,call_center,1,0.5589,1,medium,customer_risk_model,v1
CUST_002488,20,21754.11,692,97,4,1.4,1,14586.02,formal,store,0,0.2249,0,low,customer_risk_model,v1
CUST_002489,45,15299.13,671,38,6,5.6,5,9074.64,formal,store,0,0.5306,1,medium,customer_risk_model,v1
CUST_002490,36,13322.11,666,84,9,7.0,0,15707.28,informal,app,1,0.4814,0,medium,customer_risk_model,v1
CUST_002491,35,19797.49,646,32,2,2.9,3,25803.74,formal,store,1,0.7025,1,high,customer_risk_model,v1
CUST_002492,31,6302.59,721,117,4,2.7,0,13893.05,formal,online,0,0.3009,0,low,customer_risk_model,v1
CUST_002493,66,22897.71,632,93,5,9.0,1,19516.63,unemployed,store,1,0.6118,1,medium,customer_risk_model,v1
CUST_002494,49,11325.0,519,45,8,0.8,3,24276.8,self_employed,store,1,0.7588,1,high,customer_risk_model,v1
CUST_002495,39,20594.26,701,57,11,3.6,3,7047.73,formal,store,1,0.4948,0,medium,customer_risk_model,v1
CUST_002496,28,14348.66,577,7,3,4.9,0,14896.11,informal,store,1,0.66,1,medium,customer_risk_model,v1
CUST_002497,59,16149.07,531,17,3,5.2,0,22944.56,formal,app,1,0.779,1,high,customer_risk_model,v1
CUST_002498,64,12701.63,558,119,3,13.5,1,14821.97,formal,call_center,1,0.684,1,medium,customer_risk_model,v1
CUST_002499,19,16871.39,675,98,6,3.0,1,7308.07,self_employed,store,0,0.3257,0,low,customer_risk_model,v1
CUST_002500,66,31225.66,641,100,5,8.3,1,16120.54,unemployed,online,0,0.4207,0,medium,customer_risk_model,v1
CUST_002501,54,27695.42,458,77,11,3.0,1,12919.0,self_employed,call_center,1,0.6118,1,medium,customer_risk_model,v1
CUST_002502,23,20481.35,615,27,5,1.4,2,16074.31,informal,store,0,0.6309,1,medium,customer_risk_model,v1
CUST_002503,57,17822.94,755,13,10,3.6,1,7772.51,self_employed,call_center,0,0.3338,0,low,customer_risk_model,v1
CUST_002504,23,23909.41,609,87,5,1.3,2,13937.64,formal,store,1,0.5163,1,medium,customer_risk_model,v1
CUST_002505,20,25909.79,635,40,5,2.6,0,10883.99,formal,store,0,0.4167,0,medium,customer_risk_model,v1
CUST_002506,23,12191.27,744,1,8,4.5,0,8041.81,informal,app,1,0.4146,0,medium,customer_risk_model,v1
CUST_002507,41,17457.93,722,3,11,11.0,1,22478.16,informal,store,1,0.6473,1,medium,customer_risk_model,v1
CUST_002508,50,5246.29,742,67,8,0.8,2,7890.48,formal,store,1,0.3837,0,low,customer_risk_model,v1
CUST_002509,39,25861.71,400,100,7,7.7,0,5957.72,informal,store,1,0.6077,1,medium,customer_risk_model,v1
CUST_002510,24,32455.17,806,44,9,6.2,0,2508.19,formal,store,1,0.3093,0,low,customer_risk_model,v1
CUST_002511,28,18560.58,707,119,9,0.2,3,11482.49,informal,store,0,0.3504,0,low,customer_risk_model,v1
CUST_002512,62,4000.0,850,46,3,5.1,3,10781.81,formal,online,1,0.56,1,medium,customer_risk_model,v1
CUST_002513,68,22262.23,580,88,9,10.9,0,17777.08,formal,store,1,0.606,1,medium,customer_risk_model,v1
CUST_002514,57,11671.38,491,30,6,11.9,2,2149.17,self_employed,app,1,0.8107,1,high,customer_risk_model,v1
CUST_002515,23,13356.55,651,73,4,9.2,0,0.0,unemployed,call_center,0,0.5035,1,medium,customer_risk_model,v1
CUST_002516,60,22386.03,625,33,6,1.8,1,0.0,self_employed,app,0,0.4449,0,medium,customer_risk_model,v1
CUST_002517,53,19781.88,709,93,11,0.6,0,15648.51,formal,online,0,0.3152,0,low,customer_risk_model,v1
CUST_002518,45,14583.24,747,55,9,3.0,4,20276.75,formal,online,1,0.6088,1,medium,customer_risk_model,v1
CUST_002519,25,13452.76,642,5,4,6.1,0,19624.67,formal,call_center,1,0.7116,1,high,customer_risk_model,v1
CUST_002520,69,18880.85,628,30,6,0.1,1,7987.86,informal,store,1,0.5303,1,medium,customer_risk_model,v1
CUST_002521,41,15133.74,697,42,8,3.5,2,13040.76,informal,online,1,0.5143,1,medium,customer_risk_model,v1
CUST_002522,20,10235.34,627,56,6,0.0,1,0.0,formal,online,1,0.5462,1,medium,customer_risk_model,v1
CUST_002523,28,15672.06,619,33,9,2.1,0,24943.15,formal,online,1,0.6284,1,medium,customer_risk_model,v1
CUST_002524,38,20377.15,743,69,3,9.8,1,21254.56,informal,store,0,0.4034,0,medium,customer_risk_model,v1
CUST_002525,21,16753.28,763,115,4,2.4,0,19231.66,formal,store,0,0.2366,0,low,customer_risk_model,v1
CUST_002526,34,8105.44,748,85,5,2.8,2,4818.64,formal,call_center,1,0.3573,0,low,customer_risk_model,v1
CUST_002527,42,24923.45,635,38,5,6.4,0,9091.56,self_employed,store,1,0.5045,1,medium,customer_risk_model,v1
CUST_002528,67,4000.0,457,81,11,0.1,3,10478.77,self_employed,call_center,0,0.6571,1,medium,customer_risk_model,v1
CUST_002529,22,14875.44,637,116,10,3.5,3,25602.35,formal,online,1,0.6004,1,medium,customer_risk_model,v1
CUST_002530,47,13658.61,582,29,9,2.6,2,19999.97,self_employed,store,1,0.7467,1,high,customer_risk_model,v1
CUST_002531,65,19037.25,638,28,11,0.1,1,10504.2,self_employed,online,1,0.4969,0,medium,customer_risk_model,v1
CUST_002532,59,21931.63,590,5,7,4.4,1,16676.77,formal,app,0,0.6247,1,medium,customer_risk_model,v1
CUST_002533,66,25887.35,648,101,5,4.1,2,4706.46,formal,store,0,0.3639,0,low,customer_risk_model,v1
CUST_002534,26,13013.17,556,100,5,8.4,1,921.38,formal,online,1,0.6355,1,medium,customer_risk_model,v1
CUST_002535,59,22106.08,535,50,3,5.8,0,11449.59,informal,call_center,0,0.5903,1,medium,customer_risk_model,v1
CUST_002536,68,19370.73,760,104,3,13.6,0,2901.15,formal,store,1,0.4993,0,medium,customer_risk_model,v1
CUST_002537,34,6019.22,563,78,2,2.9,3,0.0,self_employed,call_center,1,0.6263,1,medium,customer_risk_model,v1
CUST_002538,43,31303.78,650,117,5,5.4,1,12266.14,formal,store,0,0.3119,0,low,customer_risk_model,v1
CUST_002539,45,7928.57,736,110,6,5.5,0,9881.95,formal,online,1,0.2953,0,low,customer_risk_model,v1
CUST_002540,43,20936.48,732,115,3,7.7,1,3930.7,informal,store,0,0.2578,0,low,customer_risk_model,v1
CUST_002541,33,20729.72,722,47,6,3.4,1,8797.81,formal,store,1,0.3609,0,low,customer_risk_model,v1
CUST_002542,68,19929.46,677,76,6,0.6,0,15029.78,formal,store,1,0.4455,0,medium,customer_risk_model,v1
CUST_002543,67,14537.96,715,20,8,3.0,1,10194.04,self_employed,call_center,0,0.3309,0,low,customer_risk_model,v1
CUST_002544,37,23790.77,774,107,8,0.1,2,13120.28,formal,app,0,0.2249,0,low,customer_risk_model,v1
CUST_002545,59,7077.43,688,38,7,0.1,3,10640.47,formal,app,0,0.4984,0,medium,customer_risk_model,v1
CUST_002546,38,17539.2,485,54,5,6.4,2,25840.37,self_employed,call_center,1,0.7918,1,high,customer_risk_model,v1
CUST_002547,59,14052.88,602,71,5,7.1,0,22633.62,self_employed,online,1,0.708,1,high,customer_risk_model,v1
CUST_002548,48,13258.91,713,94,2,5.0,0,12929.92,formal,store,1,0.3493,0,low,customer_risk_model,v1
CUST_002549,42,21001.23,594,88,4,1.5,1,5444.87,formal,call_center,0,0.356,0,low,customer_risk_model,v1
CUST_002550,24,25542.35,796,114,6,0.2,1,7516.76,formal,store,0,0.1634,0,low,customer_risk_model,v1
CUST_002551,52,15597.21,644,85,4,1.6,0,1668.95,formal,app,1,0.4475,0,medium,customer_risk_model,v1
CUST_002552,34,23464.77,658,95,10,5.0,3,5620.03,formal,app,1,0.5182,1,medium,customer_risk_model,v1
CUST_002553,29,18348.18,751,69,9,1.9,0,17343.76,formal,online,1,0.3402,0,low,customer_risk_model,v1
CUST_002554,28,11750.87,634,50,3,1.5,1,7250.87,unemployed,online,1,0.6292,1,medium,customer_risk_model,v1
CUST_002555,69,16194.34,666,109,4,3.5,0,10600.42,formal,store,0,0.367,0,low,customer_risk_model,v1
CUST_002556,23,15903.6,731,45,5,6.1,1,21451.53,unemployed,online,1,0.5304,1,medium,customer_risk_model,v1
CUST_002557,59,13123.38,517,74,2,6.4,2,16424.17,formal,store,1,0.7751,1,high,customer_risk_model,v1
CUST_002558,63,20999.38,624,35,8,2.8,1,12550.55,formal,call_center,1,0.5203,1,medium,customer_risk_model,v1
CUST_002559,19,19642.52,725,58,5,2.6,2,11086.38,formal,store,0,0.3593,0,low,customer_risk_model,v1
CUST_002560,48,6865.45,656,44,5,0.7,0,10415.53,formal,app,0,0.4661,0,medium,customer_risk_model,v1
CUST_002561,48,6439.32,782,31,7,2.1,2,19449.13,formal,app,0,0.5345,1,medium,customer_risk_model,v1
CUST_002562,36,20972.79,508,98,8,8.1,1,14383.22,informal,online,1,0.6597,1,medium,customer_risk_model,v1
CUST_002563,52,12292.99,498,92,5,4.3,0,9947.71,formal,online,1,0.6088,1,medium,customer_risk_model,v1
CUST_002564,39,20114.29,719,84,3,12.5,1,1809.59,informal,store,0,0.3983,0,low,customer_risk_model,v1
CUST_002565,40,23466.52,728,10,4,11.4,0,15861.63,formal,app,1,0.5174,1,medium,customer_risk_model,v1
CUST_002566,40,9103.33,633,30,5,2.8,0,14739.98,informal,store,0,0.5426,1,medium,customer_risk_model,v1
CUST_002567,59,8119.24,686,26,3,10.6,1,0.0,formal,app,1,0.5622,1,medium,customer_risk_model,v1
CUST_002568,50,29721.02,717,85,5,0.9,4,10763.61,self_employed,store,0,0.2348,0,low,customer_risk_model,v1
CUST_002569,37,20461.0,577,107,3,1.4,0,14679.74,informal,app,0,0.3781,0,low,customer_risk_model,v1
CUST_002570,66,15065.32,586,46,3,4.0,2,9909.18,formal,app,1,0.6137,1,medium,customer_risk_model,v1
CUST_002571,59,11462.42,667,40,5,3.1,1,26513.0,self_employed,app,1,0.6622,1,medium,customer_risk_model,v1
CUST_002572,66,14426.91,731,67,7,6.9,3,24216.41,self_employed,store,1,0.5857,1,medium,customer_risk_model,v1
CUST_002573,55,9665.99,545,118,5,1.4,2,1903.72,self_employed,online,1,0.6154,1,medium,customer_risk_model,v1
CUST_002574,38,24183.89,632,45,3,10.6,1,10014.2,formal,store,0,0.5116,1,medium,customer_risk_model,v1
CUST_002575,58,12562.74,628,34,11,4.3,4,19750.66,informal,store,1,0.7662,1,high,customer_risk_model,v1
CUST_002576,35,25654.74,688,63,7,2.0,2,11332.66,informal,store,1,0.4034,0,medium,customer_risk_model,v1
CUST_002577,32,15195.6,649,109,6,0.2,2,17894.97,self_employed,store,0,0.3909,0,low,customer_risk_model,v1
CUST_002578,41,10696.55,601,87,10,13.4,1,6816.51,informal,store,1,0.5135,1,medium,customer_risk_model,v1
CUST_002579,68,15015.89,762,62,5,2.7,0,0.0,formal,store,1,0.3667,0,low,customer_risk_model,v1
CUST_002580,47,4000.0,601,88,7,1.8,5,17545.84,formal,online,1,0.6507,1,medium,customer_risk_model,v1
CUST_002581,37,17154.62,624,2,3,2.8,0,9342.02,formal,online,0,0.4777,0,medium,customer_risk_model,v1
CUST_002582,42,16809.17,507,90,6,0.8,2,32625.83,informal,store,1,0.6788,1,medium,customer_risk_model,v1
CUST_002583,33,23773.2,586,12,6,12.8,2,19521.43,formal,call_center,1,0.7902,1,high,customer_risk_model,v1
CUST_002584,52,4795.87,696,47,6,5.8,1,3519.7,self_employed,store,0,0.3738,0,low,customer_risk_model,v1
CUST_002585,36,26133.06,679,42,8,0.1,1,17387.9,self_employed,online,0,0.4256,0,medium,customer_risk_model,v1
CUST_002586,46,23744.2,704,83,7,0.3,2,11435.06,informal,app,1,0.3412,0,low,customer_risk_model,v1
CUST_002587,37,26764.3,700,29,10,14.1,3,16205.41,formal,online,1,0.6289,1,medium,customer_risk_model,v1
CUST_002588,34,17630.95,838,29,8,2.1,0,6212.55,informal,store,0,0.3325,0,low,customer_risk_model,v1
CUST_002589,68,25097.28,583,106,8,37.2,2,14496.79,self_employed,app,1,0.6359,1,medium,customer_risk_model,v1
CUST_002590,35,7701.29,504,57,8,0.8,2,20473.97,informal,online,1,0.7733,1,high,customer_risk_model,v1
CUST_002591,21,22991.33,555,89,6,15.1,1,18579.26,informal,store,1,0.6933,1,medium,customer_risk_model,v1
CUST_002592,37,12601.86,587,70,9,2.4,1,20755.81,formal,online,1,0.6072,1,medium,customer_risk_model,v1
CUST_002593,45,6440.19,562,74,3,1.5,1,36925.62,formal,store,1,0.6486,1,medium,customer_risk_model,v1
CUST_002594,22,10131.02,658,82,5,6.1,2,8265.49,informal,store,1,0.4527,0,medium,customer_risk_model,v1
CUST_002595,33,18038.72,763,80,8,1.6,2,26443.41,self_employed,store,0,0.3129,0,low,customer_risk_model,v1
CUST_002596,26,12229.91,789,109,4,3.4,1,14365.13,informal,store,0,0.2432,0,low,customer_risk_model,v1
CUST_002597,44,20632.51,695,94,9,3.4,2,8902.83,formal,store,1,0.356,0,low,customer_risk_model,v1
CUST_002598,55,5342.34,843,37,4,6.8,1,11941.49,informal,store,0,0.382,0,low,customer_risk_model,v1
CUST_002599,68,4000.0,618,21,1,3.9,0,19222.65,formal,online,1,0.672,1,medium,customer_risk_model,v1
CUST_002600,38,27606.71,503,101,3,3.0,2,9053.96,formal,store,1,0.5781,1,medium,customer_risk_model,v1
CUST_002601,62,24326.6,745,45,7,0.5,1,0.0,formal,online,0,0.302,0,low,customer_risk_model,v1
CUST_002602,29,10654.92,485,38,9,5.3,1,18717.94,informal,online,1,0.7482,1,high,customer_risk_model,v1
CUST_002603,58,17979.0,582,14,7,3.1,1,13819.84,self_employed,call_center,1,0.6373,1,medium,customer_risk_model,v1
CUST_002604,47,25136.55,697,66,6,3.5,0,7847.75,formal,store,1,0.3226,0,low,customer_risk_model,v1
CUST_002605,57,20934.4,641,61,10,11.7,1,1912.38,formal,online,1,0.5954,1,medium,customer_risk_model,v1
CUST_002606,57,19037.56,633,99,4,1.6,0,15254.44,formal,online,0,0.3864,0,low,customer_risk_model,v1
CUST_002607,45,25666.08,544,90,3,3.0,1,22327.68,self_employed,online,0,0.54,1,medium,customer_risk_model,v1
CUST_002608,31,12885.01,649,87,4,2.4,1,4826.92,formal,store,1,0.4312,0,medium,customer_risk_model,v1
CUST_002609,45,18218.25,740,65,4,2.7,1,14255.97,formal,app,0,0.3743,0,low,customer_risk_model,v1
CUST_002610,60,17875.06,652,103,7,4.1,2,29707.61,formal,online,1,0.5776,1,medium,customer_risk_model,v1
CUST_002611,68,16090.67,575,118,6,4.5,3,19590.34,informal,online,1,0.7261,1,high,customer_risk_model,v1
CUST_002612,66,15271.36,538,97,4,0.4,1,12038.08,formal,store,1,0.6015,1,medium,customer_risk_model,v1
CUST_002613,27,18510.08,577,42,3,2.8,1,11233.31,formal,app,1,0.5821,1,medium,customer_risk_model,v1
CUST_002614,49,18240.85,685,33,4,4.6,1,8258.29,formal,online,0,0.4203,0,medium,customer_risk_model,v1
CUST_002615,23,10661.01,681,1,9,5.4,2,12660.01,formal,app,0,0.5615,1,medium,customer_risk_model,v1
CUST_002616,52,23612.57,578,119,7,6.0,0,8763.82,informal,store,0,0.3448,0,low,customer_risk_model,v1
CUST_002617,69,11165.3,451,88,7,1.1,1,9940.83,formal,store,1,0.6381,1,medium,customer_risk_model,v1
CUST_002618,20,16472.37,688,112,7,3.2,2,11158.16,informal,online,1,0.3377,0,low,customer_risk_model,v1
CUST_002619,52,15933.04,569,94,4,2.2,1,0.0,formal,call_center,0,0.482,0,medium,customer_risk_model,v1
CUST_002620,67,20506.73,712,52,5,3.6,1,10977.55,informal,app,0,0.379,0,low,customer_risk_model,v1
CUST_002621,62,4000.0,582,18,8,4.7,1,33865.18,formal,online,0,0.6949,1,medium,customer_risk_model,v1
CUST_002622,38,24236.37,561,6,10,20.5,1,1198.58,informal,online,1,0.7795,1,high,customer_risk_model,v1
CUST_002623,23,13261.07,664,95,5,10.4,0,24607.31,informal,store,1,0.5277,1,medium,customer_risk_model,v1
CUST_002624,66,26539.74,850,37,8,1.7,0,20781.79,formal,store,0,0.3382,0,low,customer_risk_model,v1
CUST_002625,65,14652.85,717,46,4,2.6,0,17579.25,self_employed,store,1,0.4875,0,medium,customer_risk_model,v1
CUST_002626,48,17658.09,662,100,5,8.2,1,8195.94,formal,call_center,1,0.4543,0,medium,customer_risk_model,v1
CUST_002627,68,31396.5,682,58,4,0.1,2,19859.22,formal,store,1,0.5714,1,medium,customer_risk_model,v1
CUST_002628,18,16058.63,492,114,10,0.3,2,27241.58,formal,store,1,0.5563,1,medium,customer_risk_model,v1
CUST_002629,50,26671.95,549,66,7,2.8,2,21295.82,formal,call_center,1,0.68,1,medium,customer_risk_model,v1
CUST_002630,20,18273.32,424,99,7,0.3,3,14683.94,self_employed,store,1,0.6715,1,medium,customer_risk_model,v1
CUST_002631,66,20907.93,806,15,4,4.8,3,12866.11,formal,store,0,0.5448,1,medium,customer_risk_model,v1
CUST_002632,53,18489.71,787,48,6,0.3,4,7614.32,formal,online,1,0.5305,1,medium,customer_risk_model,v1
CUST_002633,65,23934.96,685,22,4,0.5,1,13595.69,formal,store,1,0.4812,0,medium,customer_risk_model,v1
CUST_002634,47,13201.28,662,7,6,0.4,3,17124.52,informal,online,1,0.7179,1,high,customer_risk_model,v1
CUST_002635,22,11111.66,510,119,8,6.2,2,13123.08,unemployed,store,1,0.6909,1,medium,customer_risk_model,v1
CUST_002636,19,13529.97,630,62,3,4.2,2,12183.63,informal,store,0,0.5074,1,medium,customer_risk_model,v1
CUST_002637,35,18697.97,811,43,6,0.4,1,12293.26,formal,call_center,1,0.4114,0,medium,customer_risk_model,v1
CUST_002638,56,16454.27,662,45,2,8.1,1,27490.67,formal,store,1,0.6918,1,medium,customer_risk_model,v1
CUST_002639,25,22971.92,599,29,7,0.0,1,14233.89,self_employed,online,0,0.4565,0,medium,customer_risk_model,v1
CUST_002640,62,27133.12,492,15,7,10.3,2,14532.21,informal,call_center,1,0.8329,1,high,customer_risk_model,v1
CUST_002641,30,11169.13,774,109,2,1.2,3,0.0,formal,store,0,0.2779,0,low,customer_risk_model,v1
CUST_002642,43,12862.36,644,13,9,5.4,1,20557.74,informal,store,1,0.6918,1,medium,customer_risk_model,v1
CUST_002643,28,7946.32,492,46,9,3.6,1,17525.97,formal,online,0,0.6249,1,medium,customer_risk_model,v1
CUST_002644,42,32212.61,567,19,4,3.6,3,17147.35,formal,online,0,0.6963,1,medium,customer_risk_model,v1
CUST_002645,41,20132.69,535,111,10,1.4,2,17687.97,formal,store,0,0.5204,1,medium,customer_risk_model,v1
CUST_002646,18,21358.62,638,25,8,2.8,1,5234.85,unemployed,online,1,0.6124,1,medium,customer_risk_model,v1
CUST_002647,47,8618.54,669,47,8,6.8,1,10504.08,formal,app,1,0.4869,0,medium,customer_risk_model,v1
CUST_002648,58,17991.81,605,90,1,6.6,0,26922.61,formal,store,1,0.6232,1,medium,customer_risk_model,v1
CUST_002649,66,21564.74,720,68,9,1.0,2,1618.34,self_employed,store,0,0.3264,0,low,customer_risk_model,v1
CUST_002650,35,16230.7,657,46,10,2.5,1,2104.6,formal,online,1,0.4987,0,medium,customer_risk_model,v1
CUST_002651,63,25529.94,746,68,6,3.0,1,1071.73,informal,store,0,0.2843,0,low,customer_risk_model,v1
CUST_002652,63,34182.82,618,52,10,2.5,1,11349.76,self_employed,store,1,0.3591,0,low,customer_risk_model,v1
CUST_002653,69,11370.56,850,35,4,15.2,0,25583.11,formal,store,1,0.7248,1,high,customer_risk_model,v1
CUST_002654,37,10845.39,599,72,1,0.1,0,15048.52,formal,store,1,0.5419,1,medium,customer_risk_model,v1
CUST_002655,62,11855.71,569,44,6,2.0,1,21521.42,formal,store,1,0.7227,1,high,customer_risk_model,v1
CUST_002656,47,29243.39,558,115,6,5.8,0,0.0,self_employed,online,0,0.4483,0,medium,customer_risk_model,v1
CUST_002657,21,25296.49,631,56,4,10.7,1,6091.88,formal,call_center,0,0.4516,0,medium,customer_risk_model,v1
CUST_002658,32,17051.31,495,91,3,18.2,0,7367.91,formal,app,1,0.7254,1,high,customer_risk_model,v1
CUST_002659,52,18255.92,677,28,7,6.8,2,25635.73,informal,store,0,0.5914,1,medium,customer_risk_model,v1
CUST_002660,26,12284.19,479,77,10,1.3,1,13969.69,self_employed,online,1,0.6287,1,medium,customer_risk_model,v1
CUST_002661,40,24230.19,665,67,4,8.0,1,12429.3,formal,online,0,0.4583,0,medium,customer_risk_model,v1
CUST_002662,58,15340.69,528,89,3,4.2,0,14388.02,formal,store,1,0.5896,1,medium,customer_risk_model,v1
CUST_002663,25,16179.46,616,55,5,0.8,0,10926.62,formal,store,0,0.4554,0,medium,customer_risk_model,v1
CUST_002664,43,22261.53,704,86,6,1.4,0,28740.41,formal,store,0,0.3261,0,low,customer_risk_model,v1
CUST_002665,29,16684.04,850,7,4,1.7,2,28421.7,formal,store,1,0.5764,1,medium,customer_risk_model,v1
CUST_002666,45,16355.24,553,83,4,2.3,1,21791.03,formal,call_center,1,0.5922,1,medium,customer_risk_model,v1
CUST_002667,30,18074.03,636,90,3,7.8,2,20888.56,formal,store,1,0.635,1,medium,customer_risk_model,v1
CUST_002668,68,23567.49,585,60,6,5.8,1,8742.77,formal,online,1,0.534,1,medium,customer_risk_model,v1
CUST_002669,21,29525.45,572,5,4,5.8,2,16579.51,informal,store,1,0.7618,1,high,customer_risk_model,v1
CUST_002670,68,22098.4,586,68,9,8.5,1,0.0,formal,store,1,0.6003,1,medium,customer_risk_model,v1
CUST_002671,59,23623.2,724,93,2,7.9,1,9392.21,formal,online,0,0.2744,0,low,customer_risk_model,v1
CUST_002672,62,16601.02,606,55,7,1.5,2,404.63,formal,app,0,0.5024,1,medium,customer_risk_model,v1
CUST_002673,62,13045.41,850,12,4,2.2,1,16835.58,informal,store,0,0.4706,0,medium,customer_risk_model,v1
CUST_002674,27,22577.9,687,48,4,6.4,2,12020.73,formal,store,1,0.4994,0,medium,customer_risk_model,v1
CUST_002675,66,19198.69,559,119,8,8.7,0,18970.38,formal,online,1,0.6763,1,medium,customer_risk_model,v1
CUST_002676,48,8041.6,617,33,7,6.7,0,18071.67,informal,store,1,0.6673,1,medium,customer_risk_model,v1
CUST_002677,68,15703.51,578,64,7,5.6,3,21830.88,formal,app,1,0.7786,1,high,customer_risk_model,v1
CUST_002678,63,17419.72,722,43,6,2.2,2,6706.14,formal,online,0,0.4208,0,medium,customer_risk_model,v1
CUST_002679,48,14426.79,503,85,7,3.1,2,0.0,formal,online,1,0.6099,1,medium,customer_risk_model,v1
CUST_002680,37,28372.15,529,51,5,0.6,2,28369.37,self_employed,store,1,0.6969,1,medium,customer_risk_model,v1
CUST_002681,24,21358.87,597,46,5,5.5,0,8485.76,informal,store,0,0.4936,0,medium,customer_risk_model,v1
CUST_002682,23,27612.22,711,69,5,1.0,1,12472.36,informal,online,0,0.3457,0,low,customer_risk_model,v1
CUST_002683,38,19843.98,761,69,5,10.4,1,21410.82,formal,store,0,0.4213,0,medium,customer_risk_model,v1
CUST_002684,60,18569.71,774,60,7,0.3,2,10494.59,formal,online,0,0.3595,0,low,customer_risk_model,v1
CUST_002685,44,11443.82,698,31,7,0.4,1,3687.15,formal,store,1,0.4613,0,medium,customer_risk_model,v1
CUST_002686,43,18083.51,643,13,6,5.7,5,29769.88,formal,store,1,0.7683,1,high,customer_risk_model,v1
CUST_002687,30,18091.38,722,83,8,1.8,0,8448.46,formal,store,0,0.2953,0,low,customer_risk_model,v1
CUST_002688,47,8430.2,547,41,3,1.9,0,27627.47,formal,store,1,0.7068,1,high,customer_risk_model,v1
CUST_002689,51,14223.31,484,73,4,5.3,0,15808.05,formal,app,1,0.7352,1,high,customer_risk_model,v1
CUST_002690,69,15737.02,689,45,5,4.2,1,20928.85,informal,store,1,0.6067,1,medium,customer_risk_model,v1
CUST_002691,55,20894.36,559,102,5,2.0,1,20774.56,formal,call_center,1,0.5461,1,medium,customer_risk_model,v1
CUST_002692,49,21229.45,644,85,5,2.7,1,9595.44,formal,app,0,0.3588,0,low,customer_risk_model,v1
CUST_002693,65,13930.77,661,49,5,0.7,1,17699.75,formal,call_center,1,0.615,1,medium,customer_risk_model,v1
CUST_002694,40,21282.09,672,40,4,1.3,1,28692.43,formal,app,1,0.57,1,medium,customer_risk_model,v1
CUST_002695,66,16725.45,734,90,3,4.2,1,23471.85,unemployed,app,0,0.3778,0,low,customer_risk_model,v1
CUST_002696,37,4000.0,725,1,2,6.2,1,22166.29,formal,store,1,0.5804,1,medium,customer_risk_model,v1
CUST_002697,24,14607.09,668,7,6,5.7,1,18426.19,informal,app,1,0.6597,1,medium,customer_risk_model,v1
CUST_002698,39,25552.92,610,11,6,4.0,0,12126.54,informal,store,1,0.5567,1,medium,customer_risk_model,v1
CUST_002699,24,6227.36,660,42,3,6.2,3,6086.75,self_employed,app,1,0.6973,1,medium,customer_risk_model,v1
CUST_002700,24,18788.84,596,60,9,2.6,1,25693.9,self_employed,store,0,0.475,0,medium,customer_risk_model,v1
CUST_002701,63,29096.83,632,35,4,9.2,2,8388.53,formal,store,1,0.5931,1,medium,customer_risk_model,v1
CUST_002702,59,12675.71,850,23,5,3.8,1,9039.67,informal,call_center,1,0.4064,0,medium,customer_risk_model,v1
CUST_002703,29,18015.04,666,38,6,8.4,0,13085.58,formal,online,1,0.5001,1,medium,customer_risk_model,v1
CUST_002704,61,8871.89,691,59,4,6.2,1,1229.55,self_employed,online,0,0.3823,0,low,customer_risk_model,v1
CUST_002705,21,29390.62,587,36,5,8.8,2,9967.18,informal,app,0,0.5598,1,medium,customer_risk_model,v1
CUST_002706,32,17416.67,742,69,3,0.4,5,6909.09,formal,call_center,1,0.425,0,medium,customer_risk_model,v1
CUST_002707,54,18326.39,718,46,6,0.6,1,1457.32,formal,app,0,0.361,0,low,customer_risk_model,v1
CUST_002708,33,27480.1,719,112,3,8.7,1,2901.57,self_employed,online,1,0.3177,0,low,customer_risk_model,v1
CUST_002709,55,22630.35,669,119,6,4.9,0,12666.18,informal,store,0,0.3156,0,low,customer_risk_model,v1
CUST_002710,63,11870.6,743,79,3,8.3,1,21067.62,informal,online,1,0.4982,0,medium,customer_risk_model,v1
CUST_002711,21,13469.05,764,67,6,0.2,3,12144.42,self_employed,store,0,0.3664,0,low,customer_risk_model,v1
CUST_002712,19,21464.52,675,4,8,3.3,0,4116.96,formal,store,0,0.3882,0,low,customer_risk_model,v1
CUST_002713,66,13631.15,640,75,10,1.4,1,7597.02,formal,online,0,0.4027,0,medium,customer_risk_model,v1
CUST_002714,45,4000.0,731,46,8,0.4,2,15604.95,self_employed,app,1,0.5255,1,medium,customer_risk_model,v1
CUST_002715,44,17627.31,569,35,3,4.6,0,22041.6,informal,store,0,0.6209,1,medium,customer_risk_model,v1
CUST_002716,42,7638.51,585,95,7,2.3,1,20540.58,informal,store,1,0.5525,1,medium,customer_risk_model,v1
CUST_002717,40,29313.97,645,6,9,10.3,0,14794.21,formal,store,1,0.569,1,medium,customer_risk_model,v1
CUST_002718,53,19237.51,493,32,6,2.5,0,24996.0,formal,app,1,0.7652,1,high,customer_risk_model,v1
CUST_002719,48,11663.77,724,93,4,5.8,2,8637.03,formal,store,0,0.293,0,low,customer_risk_model,v1
CUST_002720,26,13109.57,563,111,6,0.4,3,3468.37,formal,online,1,0.65,1,medium,customer_risk_model,v1
CUST_002721,50,4774.22,608,62,3,1.4,0,10587.4,formal,store,0,0.4982,0,medium,customer_risk_model,v1
CUST_002722,52,10303.77,631,63,7,0.4,3,22965.51,self_employed,app,0,0.6405,1,medium,customer_risk_model,v1
CUST_002723,23,25114.26,654,116,5,4.7,0,18475.0,self_employed,online,0,0.3441,0,low,customer_risk_model,v1
CUST_002724,37,33622.5,619,12,9,3.6,1,21602.15,informal,call_center,1,0.6337,1,medium,customer_risk_model,v1
CUST_002725,59,23084.78,644,58,7,16.3,1,12171.17,formal,online,1,0.6137,1,medium,customer_risk_model,v1
CUST_002726,50,17355.7,645,29,5,0.7,3,14052.36,formal,store,1,0.6802,1,medium,customer_risk_model,v1
CUST_002727,25,14976.28,610,57,2,2.8,4,11204.53,formal,store,0,0.6384,1,medium,customer_risk_model,v1
CUST_002728,20,11304.53,580,108,5,0.6,0,6026.03,formal,store,1,0.4724,0,medium,customer_risk_model,v1
CUST_002729,48,32418.36,747,71,7,4.8,0,13209.33,formal,store,0,0.3091,0,low,customer_risk_model,v1
CUST_002730,42,16678.76,461,118,12,3.3,2,11152.04,informal,online,1,0.608,1,medium,customer_risk_model,v1
CUST_002731,67,32809.41,631,61,9,2.7,0,9074.72,formal,store,0,0.3214,0,low,customer_risk_model,v1
CUST_002732,45,27754.64,608,103,4,1.9,2,17788.87,informal,store,1,0.5643,1,medium,customer_risk_model,v1
CUST_002733,66,5814.42,688,21,2,9.2,2,13973.2,informal,call_center,1,0.6763,1,medium,customer_risk_model,v1
CUST_002734,29,13338.33,519,39,6,0.9,2,23759.29,formal,store,1,0.7477,1,high,customer_risk_model,v1
CUST_002735,41,13316.68,605,33,5,5.5,4,6017.88,formal,app,1,0.7783,1,high,customer_risk_model,v1
CUST_002736,25,17441.08,641,92,2,0.6,2,9696.15,self_employed,app,1,0.5112,1,medium,customer_risk_model,v1
CUST_002737,47,17577.8,746,62,6,0.8,1,0.0,informal,store,1,0.3168,0,low,customer_risk_model,v1
CUST_002738,27,38973.67,680,27,12,1.0,1,5016.19,formal,store,0,0.3972,0,low,customer_risk_model,v1
CUST_002739,43,10459.4,543,21,4,0.8,2,17980.89,informal,online,1,0.7798,1,high,customer_risk_model,v1
CUST_002740,35,19602.79,606,46,5,1.9,1,19457.23,formal,store,1,0.5624,1,medium,customer_risk_model,v1
CUST_002741,27,22315.55,730,19,8,1.6,1,18492.74,informal,store,1,0.3432,0,low,customer_risk_model,v1
CUST_002742,23,17989.0,542,83,8,2.5,0,23334.2,informal,store,0,0.5053,1,medium,customer_risk_model,v1
CUST_002743,44,18771.26,643,101,7,2.9,3,17305.79,formal,store,0,0.5903,1,medium,customer_risk_model,v1
CUST_002744,67,10686.34,649,116,5,2.5,0,13476.34,informal,store,1,0.4074,0,medium,customer_risk_model,v1
CUST_002745,28,18745.4,615,29,3,18.9,1,18328.28,informal,store,1,0.7142,1,high,customer_risk_model,v1
CUST_002746,39,21579.79,850,53,4,1.7,0,6922.96,informal,store,0,0.2995,0,low,customer_risk_model,v1
CUST_002747,29,20293.2,613,60,5,1.1,2,0.0,formal,call_center,0,0.4887,0,medium,customer_risk_model,v1
CUST_002748,60,21991.41,690,60,6,2.4,1,9869.5,formal,call_center,0,0.3203,0,low,customer_risk_model,v1
CUST_002749,39,27888.26,581,54,8,8.3,0,10821.18,formal,app,0,0.4599,0,medium,customer_risk_model,v1
CUST_002750,68,24558.77,697,27,8,3.7,0,13914.54,informal,store,1,0.4418,0,medium,customer_risk_model,v1
CUST_002751,30,18499.06,728,14,5,1.2,1,6642.21,formal,store,0,0.3718,0,low,customer_risk_model,v1
CUST_002752,22,9797.69,597,48,7,7.2,1,8217.51,informal,call_center,1,0.6142,1,medium,customer_risk_model,v1
CUST_002753,48,13799.96,645,11,6,3.2,1,19341.9,self_employed,app,1,0.6998,1,medium,customer_risk_model,v1
CUST_002754,51,16462.58,569,8,9,1.2,0,3293.3,unemployed,store,1,0.6433,1,medium,customer_risk_model,v1
CUST_002755,69,19766.42,547,63,2,2.9,2,12273.28,unemployed,store,1,0.6984,1,medium,customer_risk_model,v1
CUST_002756,63,14651.67,743,103,3,4.1,2,8102.86,self_employed,online,0,0.2677,0,low,customer_risk_model,v1
CUST_002757,63,11449.87,600,65,8,0.2,1,0.0,formal,online,1,0.4918,0,medium,customer_risk_model,v1
CUST_002758,50,9682.61,433,3,5,7.1,1,9812.48,formal,online,1,0.7638,1,high,customer_risk_model,v1
CUST_002759,36,6441.76,809,101,7,6.4,2,5900.87,formal,call_center,0,0.3141,0,low,customer_risk_model,v1
CUST_002760,40,16355.35,578,82,6,0.4,1,9721.69,formal,store,1,0.4702,0,medium,customer_risk_model,v1
CUST_002761,24,7712.34,628,37,6,0.4,0,13724.36,formal,app,1,0.5841,1,medium,customer_risk_model,v1
CUST_002762,40,10996.32,798,33,3,16.5,3,0.0,formal,store,1,0.6543,1,medium,customer_risk_model,v1
CUST_002763,36,15242.69,637,108,4,6.7,0,21339.82,informal,online,0,0.4669,0,medium,customer_risk_model,v1
CUST_002764,19,8648.58,635,57,6,4.8,1,37134.25,unemployed,online,1,0.6611,1,medium,customer_risk_model,v1
CUST_002765,28,20658.27,539,17,9,2.8,1,5535.74,formal,online,1,0.6497,1,medium,customer_risk_model,v1
CUST_002766,45,23181.56,503,34,10,16.8,0,8372.74,self_employed,store,1,0.722,1,high,customer_risk_model,v1
CUST_002767,37,14154.01,635,32,4,4.9,1,6516.74,self_employed,store,1,0.5373,1,medium,customer_risk_model,v1
CUST_002768,69,14940.81,683,48,4,2.3,0,4422.17,informal,app,0,0.421,0,medium,customer_risk_model,v1
CUST_002769,42,21762.01,677,42,12,1.6,1,29021.83,formal,store,1,0.5538,1,medium,customer_risk_model,v1
CUST_002770,67,13002.03,607,66,3,4.9,1,10591.86,informal,store,0,0.4489,0,medium,customer_risk_model,v1
CUST_002771,52,12520.86,652,39,6,3.0,2,18641.79,informal,store,1,0.6608,1,medium,customer_risk_model,v1
CUST_002772,20,26375.49,485,77,6,2.2,0,22495.56,informal,store,1,0.6295,1,medium,customer_risk_model,v1
CUST_002773,28,24189.31,691,59,4,2.3,1,21448.3,informal,online,0,0.3518,0,low,customer_risk_model,v1
CUST_002774,54,22210.85,665,112,7,0.1,1,22051.07,unemployed,store,0,0.4435,0,medium,customer_risk_model,v1
CUST_002775,46,24479.51,828,99,5,13.9,2,2552.06,formal,store,0,0.3222,0,low,customer_risk_model,v1
CUST_002776,33,4159.05,651,40,7,5.3,2,20384.99,formal,app,1,0.6413,1,medium,customer_risk_model,v1
CUST_002777,45,27476.85,565,6,4,1.4,2,9989.75,informal,store,1,0.6921,1,medium,customer_risk_model,v1
CUST_002778,64,20744.43,645,70,3,7.2,3,26228.06,unemployed,call_center,1,0.7844,1,high,customer_risk_model,v1
CUST_002779,38,25075.47,620,41,5,3.8,1,6017.83,formal,store,1,0.5089,1,medium,customer_risk_model,v1
CUST_002780,20,20710.13,689,108,5,14.3,2,3520.61,formal,online,0,0.3697,0,low,customer_risk_model,v1
CUST_002781,34,18342.47,652,49,8,7.0,1,12653.05,informal,online,1,0.5371,1,medium,customer_risk_model,v1
CUST_002782,66,16072.84,537,35,7,11.4,1,17788.14,informal,store,1,0.8789,1,high,customer_risk_model,v1
CUST_002783,57,20570.01,503,41,5,9.6,1,0.0,formal,app,1,0.7528,1,high,customer_risk_model,v1
CUST_002784,61,15817.76,674,103,9,1.6,1,9362.36,formal,app,1,0.3682,0,low,customer_risk_model,v1
CUST_002785,65,24075.13,774,14,5,6.5,1,3830.94,formal,online,1,0.3965,0,low,customer_risk_model,v1
CUST_002786,24,6894.8,657,114,7,1.1,2,19992.68,formal,store,0,0.4268,0,medium,customer_risk_model,v1
CUST_002787,32,14208.97,723,28,7,2.2,0,8076.48,formal,online,0,0.41,0,medium,customer_risk_model,v1
CUST_002788,21,32313.76,741,101,4,0.7,2,21611.63,formal,app,0,0.275,0,low,customer_risk_model,v1
CUST_002789,18,13617.44,674,65,2,2.5,3,6869.46,formal,app,1,0.5756,1,medium,customer_risk_model,v1
CUST_002790,61,16329.21,577,68,5,7.2,1,15031.29,informal,store,1,0.6328,1,medium,customer_risk_model,v1
CUST_002791,66,11821.93,668,25,6,0.7,0,1552.6,informal,store,0,0.4531,0,medium,customer_risk_model,v1
CUST_002792,26,20350.92,759,86,6,5.9,1,11726.04,unemployed,store,1,0.2934,0,low,customer_risk_model,v1
CUST_002793,55,12846.15,698,78,3,25.0,0,3834.29,self_employed,store,1,0.5488,1,medium,customer_risk_model,v1
CUST_002794,45,16700.72,717,58,10,3.3,1,24822.87,formal,online,0,0.4469,0,medium,customer_risk_model,v1
CUST_002795,21,23942.07,608,55,5,0.8,1,21187.3,formal,online,0,0.4433,0,medium,customer_risk_model,v1
CUST_002796,65,13108.66,632,72,3,2.4,0,14328.03,formal,online,0,0.4671,0,medium,customer_risk_model,v1
CUST_002797,63,23520.28,639,57,2,0.4,3,20787.89,informal,app,1,0.6903,1,medium,customer_risk_model,v1
CUST_002798,47,23755.61,645,116,10,26.5,1,8596.46,formal,store,1,0.4953,0,medium,customer_risk_model,v1
CUST_002799,54,25384.69,755,5,10,4.7,1,17489.14,unemployed,store,1,0.4889,0,medium,customer_risk_model,v1
CUST_002800,38,18983.79,439,30,5,5.7,3,11960.3,informal,app,1,0.8696,1,high,customer_risk_model,v1
CUST_002801,59,40688.81,653,102,5,0.9,1,16719.91,self_employed,store,0,0.4345,0,medium,customer_risk_model,v1
CUST_002802,41,25381.74,643,95,13,1.6,1,13582.52,informal,store,0,0.3465,0,low,customer_risk_model,v1
CUST_002803,69,20274.14,527,42,5,3.1,0,12149.7,self_employed,store,1,0.723,1,high,customer_risk_model,v1
CUST_002804,21,11868.53,710,61,9,3.7,1,0.0,self_employed,store,0,0.3709,0,low,customer_risk_model,v1
CUST_002805,26,17320.59,585,4,6,2.2,3,7433.61,formal,store,1,0.7455,1,high,customer_risk_model,v1
CUST_002806,68,27984.29,618,22,8,8.2,1,27117.07,informal,online,1,0.704,1,high,customer_risk_model,v1
CUST_002807,33,29966.74,816,113,5,3.7,0,11678.68,self_employed,store,0,0.1807,0,low,customer_risk_model,v1
CUST_002808,34,28348.3,741,77,3,7.8,5,6896.33,self_employed,store,0,0.3664,0,low,customer_risk_model,v1
CUST_002809,59,23496.35,702,5,7,1.7,1,13000.96,self_employed,online,0,0.3594,0,low,customer_risk_model,v1
CUST_002810,27,9210.38,684,95,3,2.4,0,430.42,informal,store,1,0.4059,0,medium,customer_risk_model,v1
CUST_002811,44,21410.13,635,49,5,3.2,0,8835.57,informal,call_center,0,0.4395,0,medium,customer_risk_model,v1
CUST_002812,32,9310.18,830,68,9,7.7,0,14120.32,formal,online,1,0.4886,0,medium,customer_risk_model,v1
CUST_002813,28,7587.7,722,102,7,0.9,1,16578.26,formal,online,0,0.2843,0,low,customer_risk_model,v1
CUST_002814,68,19674.11,583,100,3,5.6,0,15401.47,formal,store,0,0.4405,0,medium,customer_risk_model,v1
CUST_002815,28,21662.4,524,17,4,0.1,0,24739.68,formal,app,0,0.7029,1,high,customer_risk_model,v1
CUST_002816,22,24323.64,701,44,9,0.6,3,7245.92,formal,online,0,0.4252,0,medium,customer_risk_model,v1
CUST_002817,53,21479.95,645,33,10,9.1,1,611.1,formal,app,0,0.5233,1,medium,customer_risk_model,v1
CUST_002818,63,21721.1,521,109,7,1.9,2,9755.5,formal,store,1,0.5736,1,medium,customer_risk_model,v1
CUST_002819,24,11107.43,689,93,7,5.4,0,8108.2,formal,store,1,0.37,0,low,customer_risk_model,v1
CUST_002820,54,17265.16,626,78,6,13.7,0,14113.18,self_employed,store,1,0.6041,1,medium,customer_risk_model,v1
CUST_002821,46,7450.18,698,7,5,1.7,0,10313.75,self_employed,store,0,0.3364,0,low,customer_risk_model,v1
CUST_002822,61,4000.0,690,96,3,21.2,1,13766.82,informal,store,0,0.4524,0,medium,customer_risk_model,v1
CUST_002823,24,23184.5,595,67,5,20.5,0,13441.93,formal,store,0,0.51,1,medium,customer_risk_model,v1
CUST_002824,68,12728.13,707,33,6,7.6,2,19698.04,unemployed,store,1,0.6806,1,medium,customer_risk_model,v1
CUST_002825,50,24107.49,605,53,8,11.0,0,12504.72,formal,store,1,0.542,1,medium,customer_risk_model,v1
CUST_002826,61,25758.43,611,54,8,1.2,0,14249.43,informal,app,1,0.4751,0,medium,customer_risk_model,v1
CUST_002827,36,13664.78,602,36,5,2.5,0,26860.94,informal,online,0,0.6186,1,medium,customer_risk_model,v1
CUST_002828,67,22132.18,752,109,5,2.7,0,0.0,informal,store,0,0.1981,0,low,customer_risk_model,v1
CUST_002829,50,13371.9,625,110,6,1.5,2,14068.4,self_employed,online,1,0.491,0,medium,customer_risk_model,v1
CUST_002830,24,5078.85,774,7,8,1.0,0,11679.34,formal,store,0,0.4032,0,medium,customer_risk_model,v1
CUST_002831,65,18863.17,811,112,8,5.2,0,12985.9,self_employed,store,1,0.2988,0,low,customer_risk_model,v1
CUST_002832,59,14703.88,584,49,5,10.0,0,17242.88,formal,store,0,0.7442,1,high,customer_risk_model,v1
CUST_002833,33,14919.38,387,96,6,15.4,2,5929.99,informal,store,0,0.6456,1,medium,customer_risk_model,v1
CUST_002834,46,31827.4,744,93,6,12.4,0,8035.81,formal,app,0,0.2165,0,low,customer_risk_model,v1
CUST_002835,38,7319.0,619,72,3,0.6,0,18472.87,formal,store,0,0.5464,1,medium,customer_risk_model,v1
CUST_002836,46,20680.1,572,89,9,10.2,0,11353.3,informal,store,0,0.4087,0,medium,customer_risk_model,v1
CUST_002837,68,11036.35,597,82,7,0.8,2,4921.03,informal,online,0,0.5255,1,medium,customer_risk_model,v1
CUST_002838,64,24357.83,613,102,8,5.0,0,18890.07,formal,store,0,0.4014,0,medium,customer_risk_model,v1
CUST_002839,29,20089.02,767,51,7,6.6,2,17659.15,self_employed,app,1,0.4862,0,medium,customer_risk_model,v1
CUST_002840,68,20655.41,664,88,4,0.1,2,13847.23,formal,online,1,0.5256,1,medium,customer_risk_model,v1
CUST_002841,40,11385.77,766,117,3,4.3,2,15855.22,formal,app,0,0.2649,0,low,customer_risk_model,v1
CUST_002842,54,12640.88,694,113,6,7.4,2,17076.83,formal,online,1,0.4692,0,medium,customer_risk_model,v1
CUST_002843,57,24490.75,622,18,12,1.6,1,11821.85,self_employed,app,1,0.4814,0,medium,customer_risk_model,v1
CUST_002844,43,30395.58,615,60,5,2.8,0,15016.56,self_employed,store,1,0.437,0,medium,customer_risk_model,v1
CUST_002845,41,21362.15,701,61,8,40.9,2,3002.0,informal,store,1,0.6085,1,medium,customer_risk_model,v1
CUST_002846,41,11718.05,724,75,6,0.8,1,10880.07,informal,store,0,0.3218,0,low,customer_risk_model,v1
CUST_002847,62,20372.57,740,77,6,0.8,0,20250.18,informal,store,0,0.2926,0,low,customer_risk_model,v1
CUST_002848,38,34992.3,626,101,7,0.6,2,30115.24,informal,store,1,0.5578,1,medium,customer_risk_model,v1
CUST_002849,32,18716.96,666,64,4,0.7,2,13518.9,self_employed,store,1,0.5113,1,medium,customer_risk_model,v1
CUST_002850,36,28232.89,703,84,6,1.0,3,5301.72,formal,store,0,0.243,0,low,customer_risk_model,v1
CUST_002851,28,12817.69,615,108,5,2.3,0,9696.11,informal,store,0,0.3786,0,low,customer_risk_model,v1
CUST_002852,38,17705.4,548,13,6,2.5,3,920.79,informal,online,1,0.7616,1,high,customer_risk_model,v1
CUST_002853,23,22336.96,577,77,8,12.6,4,17902.6,formal,store,1,0.7323,1,high,customer_risk_model,v1
CUST_002854,22,20781.3,628,44,4,4.3,3,12900.07,formal,store,1,0.6638,1,medium,customer_risk_model,v1
CUST_002855,55,12635.28,710,108,5,2.3,0,4888.04,formal,store,0,0.3137,0,low,customer_risk_model,v1
CUST_002856,22,12333.38,763,66,7,7.4,1,11004.27,unemployed,store,1,0.472,0,medium,customer_risk_model,v1
CUST_002857,47,24917.99,528,72,2,8.7,2,18178.15,formal,online,1,0.7877,1,high,customer_risk_model,v1
CUST_002858,58,26340.86,596,90,7,0.1,0,12939.22,formal,store,0,0.2918,0,low,customer_risk_model,v1
CUST_002859,55,28585.0,618,29,3,1.1,0,7027.73,informal,online,1,0.4623,0,medium,customer_risk_model,v1
CUST_002860,41,30627.51,722,65,7,2.2,0,20717.69,formal,store,0,0.3516,0,low,customer_risk_model,v1
CUST_002861,28,18942.34,602,92,7,3.8,0,15281.85,informal,online,0,0.3733,0,low,customer_risk_model,v1
CUST_002862,66,15821.61,611,93,7,7.4,3,6413.71,informal,store,1,0.6392,1,medium,customer_risk_model,v1
CUST_002863,61,27456.94,523,28,2,2.1,1,12737.89,informal,online,1,0.6387,1,medium,customer_risk_model,v1
CUST_002864,49,22991.48,694,100,6,4.9,1,0.0,formal,store,1,0.2925,0,low,customer_risk_model,v1
CUST_002865,22,11122.81,635,20,3,0.2,2,14614.71,informal,app,1,0.6576,1,medium,customer_risk_model,v1
CUST_002866,19,10764.55,591,32,1,15.4,3,34895.33,formal,call_center,1,0.8177,1,high,customer_risk_model,v1
CUST_002867,34,21443.51,627,102,5,10.2,1,21264.43,informal,store,1,0.5891,1,medium,customer_risk_model,v1
CUST_002868,26,16759.08,751,74,6,0.4,0,11161.67,informal,store,1,0.3243,0,low,customer_risk_model,v1
CUST_002869,62,17814.99,560,65,5,2.1,2,14497.27,self_employed,store,0,0.5756,1,medium,customer_risk_model,v1
CUST_002870,28,25507.73,574,67,6,15.2,1,16858.36,informal,store,1,0.7263,1,high,customer_risk_model,v1
CUST_002871,32,23313.26,763,116,5,0.7,1,17377.25,informal,store,1,0.2774,0,low,customer_risk_model,v1
CUST_002872,68,27309.11,657,28,4,5.8,2,11564.77,informal,online,1,0.5796,1,medium,customer_risk_model,v1
CUST_002873,60,4479.25,710,36,4,1.2,1,0.0,formal,online,1,0.4829,0,medium,customer_risk_model,v1
CUST_002874,29,19773.79,686,59,6,0.8,0,9692.76,formal,online,1,0.4077,0,medium,customer_risk_model,v1
CUST_002875,37,22862.82,647,101,3,5.1,2,7703.15,formal,store,0,0.4086,0,medium,customer_risk_model,v1
CUST_002876,44,7313.9,619,66,4,3.7,0,11683.8,informal,store,1,0.4802,0,medium,customer_risk_model,v1
CUST_002877,52,13415.73,725,87,6,0.8,0,6480.82,formal,store,1,0.3161,0,low,customer_risk_model,v1
CUST_002878,66,12116.6,755,98,7,3.5,1,17331.27,informal,store,0,0.3546,0,low,customer_risk_model,v1
CUST_002879,63,18151.89,748,107,8,14.6,1,28698.25,formal,store,0,0.6052,1,medium,customer_risk_model,v1
CUST_002880,68,29394.98,543,55,3,2.9,0,20278.65,formal,app,0,0.5509,1,medium,customer_risk_model,v1
CUST_002881,20,32158.13,767,55,5,4.3,3,11919.38,formal,store,1,0.4347,0,medium,customer_risk_model,v1
CUST_002882,30,12299.99,618,10,7,3.3,0,24586.98,formal,store,1,0.7103,1,high,customer_risk_model,v1
CUST_002883,47,21685.9,582,10,7,0.2,0,20016.32,formal,call_center,1,0.6687,1,medium,customer_risk_model,v1
CUST_002884,20,21911.58,635,58,7,8.5,1,18300.33,formal,call_center,0,0.5252,1,medium,customer_risk_model,v1
CUST_002885,36,20713.38,725,90,4,9.4,1,7882.84,formal,store,1,0.3048,0,low,customer_risk_model,v1
CUST_002886,25,20792.86,699,100,8,3.4,0,11301.14,self_employed,online,0,0.2558,0,low,customer_risk_model,v1
CUST_002887,66,20126.2,627,49,5,1.5,1,17139.09,informal,app,0,0.5201,1,medium,customer_risk_model,v1
CUST_002888,21,29812.99,725,68,6,10.1,0,29713.31,formal,store,0,0.3923,0,low,customer_risk_model,v1
CUST_002889,25,25717.27,663,97,6,3.8,2,23960.65,self_employed,online,1,0.4711,0,medium,customer_risk_model,v1
CUST_002890,28,10578.92,598,38,6,13.6,1,17198.36,formal,call_center,1,0.7806,1,high,customer_risk_model,v1
CUST_002891,25,23570.05,586,19,1,4.7,1,13746.15,informal,app,0,0.6191,1,medium,customer_risk_model,v1
CUST_002892,47,24246.61,687,110,8,2.0,2,18562.08,formal,app,1,0.4347,0,medium,customer_risk_model,v1
CUST_002893,36,20204.77,643,65,6,7.0,1,16736.75,self_employed,online,1,0.6108,1,medium,customer_risk_model,v1
CUST_002894,65,25919.97,526,19,6,2.3,2,24719.07,formal,online,0,0.7805,1,high,customer_risk_model,v1
CUST_002895,31,19316.52,726,30,8,7.5,0,3706.81,formal,store,1,0.386,0,low,customer_risk_model,v1
CUST_002896,45,19403.27,607,39,2,2.2,1,12737.26,formal,app,0,0.5171,1,medium,customer_risk_model,v1
CUST_002897,52,18848.68,793,24,6,22.6,2,18535.28,formal,app,0,0.56,1,medium,customer_risk_model,v1
CUST_002898,50,4000.0,524,53,4,0.4,3,23869.83,formal,store,0,0.6771,1,medium,customer_risk_model,v1
CUST_002899,59,17437.21,634,97,5,9.9,0,28092.2,informal,app,1,0.6423,1,medium,customer_risk_model,v1
CUST_002900,28,13322.25,587,88,8,4.7,1,813.65,informal,store,0,0.4162,0,medium,customer_risk_model,v1
CUST_002901,44,9694.86,562,110,4,2.3,2,6736.35,formal,app,0,0.5765,1,medium,customer_risk_model,v1
CUST_002902,59,28038.13,606,100,10,12.2,0,11927.66,formal,online,0,0.415,0,medium,customer_risk_model,v1
CUST_002903,62,21529.45,809,38,5,6.4,1,2569.65,formal,store,0,0.3326,0,low,customer_risk_model,v1
CUST_002904,50,17791.18,663,7,4,4.7,0,25815.8,formal,store,1,0.6123,1,medium,customer_risk_model,v1
CUST_002905,51,14046.38,579,19,5,3.5,3,13482.1,informal,online,1,0.7299,1,high,customer_risk_model,v1
CUST_002906,62,20073.19,485,95,4,9.7,0,21880.06,formal,online,1,0.722,1,high,customer_risk_model,v1
CUST_002907,50,24940.05,495,41,8,6.1,0,11077.63,self_employed,store,1,0.6601,1,medium,customer_risk_model,v1
CUST_002908,67,12211.24,602,86,6,2.6,1,15760.83,formal,store,0,0.4917,0,medium,customer_risk_model,v1
CUST_002909,24,17966.2,593,55,9,5.6,1,1583.87,informal,store,1,0.5593,1,medium,customer_risk_model,v1
CUST_002910,36,24076.47,630,107,5,2.4,0,4022.82,unemployed,call_center,0,0.3737,0,low,customer_risk_model,v1
CUST_002911,23,4447.99,446,61,5,2.0,3,4173.71,informal,store,1,0.7016,1,high,customer_risk_model,v1
CUST_002912,22,17597.01,642,108,2,0.2,0,0.0,informal,store,0,0.3687,0,low,customer_risk_model,v1
CUST_002913,42,14994.96,742,30,6,1.7,2,20704.17,informal,store,1,0.5756,1,medium,customer_risk_model,v1
CUST_002914,29,17063.19,796,93,9,1.7,2,12376.65,formal,store,1,0.3029,0,low,customer_risk_model,v1
CUST_002915,39,14488.6,479,63,11,5.8,1,20952.38,self_employed,call_center,0,0.6527,1,medium,customer_risk_model,v1
CUST_002916,40,18963.37,578,23,11,3.7,1,11563.86,informal,store,0,0.5369,1,medium,customer_risk_model,v1
CUST_002917,50,31465.39,573,28,5,1.2,1,21503.06,self_employed,online,1,0.6263,1,medium,customer_risk_model,v1
CUST_002918,67,15732.54,663,38,8,8.6,2,20118.09,formal,call_center,1,0.757,1,high,customer_risk_model,v1
CUST_002919,62,20041.98,540,19,7,3.2,1,11514.14,formal,call_center,1,0.6842,1,medium,customer_risk_model,v1
CUST_002920,37,31963.22,801,112,7,2.7,0,14077.28,self_employed,app,0,0.2091,0,low,customer_risk_model,v1
CUST_002921,34,14149.89,654,26,2,1.6,1,15309.03,formal,call_center,1,0.6461,1,medium,customer_risk_model,v1
CUST_002922,58,30702.73,639,72,10,1.1,2,21414.16,unemployed,online,1,0.6582,1,medium,customer_risk_model,v1
CUST_002923,24,18037.26,793,68,3,14.9,3,12228.93,self_employed,app,1,0.6064,1,medium,customer_risk_model,v1
CUST_002924,46,30473.27,649,65,7,2.7,0,15345.05,formal,app,1,0.4418,0,medium,customer_risk_model,v1
CUST_002925,39,23251.41,686,75,8,0.3,0,680.55,self_employed,call_center,0,0.3176,0,low,customer_risk_model,v1
CUST_002926,27,20149.76,582,109,10,3.3,0,5436.17,self_employed,app,0,0.3446,0,low,customer_risk_model,v1
CUST_002927,50,17540.59,527,116,4,12.5,0,6614.15,formal,store,1,0.7147,1,high,customer_risk_model,v1
CUST_002928,34,13631.71,595,105,7,1.1,1,16618.45,self_employed,store,0,0.4359,0,medium,customer_risk_model,v1
CUST_002929,27,18530.54,847,55,5,5.9,1,6851.95,informal,call_center,0,0.3761,0,low,customer_risk_model,v1
CUST_002930,51,24281.53,707,87,10,1.1,1,13392.67,formal,store,0,0.2317,0,low,customer_risk_model,v1
CUST_002931,27,17908.22,675,23,3,3.7,2,11168.2,formal,call_center,1,0.582,1,medium,customer_risk_model,v1
CUST_002932,52,15783.64,562,105,7,3.7,0,12504.79,self_employed,store,0,0.4116,0,medium,customer_risk_model,v1
CUST_002933,26,16244.52,732,24,5,8.4,3,19422.3,informal,online,1,0.6732,1,medium,customer_risk_model,v1
CUST_002934,40,24947.34,528,14,6,0.9,1,13791.07,informal,app,1,0.7259,1,high,customer_risk_model,v1
CUST_002935,60,26576.13,509,99,8,0.4,0,10475.42,informal,store,1,0.5392,1,medium,customer_risk_model,v1
CUST_002936,29,13329.95,600,91,0,13.0,2,15701.39,informal,store,1,0.6519,1,medium,customer_risk_model,v1
CUST_002937,57,13319.88,826,17,4,8.0,0,25400.11,formal,app,1,0.6827,1,medium,customer_risk_model,v1
CUST_002938,55,20655.51,821,115,4,1.4,1,12894.68,self_employed,store,0,0.1761,0,low,customer_risk_model,v1
CUST_002939,64,28692.72,609,14,4,4.1,1,2209.71,informal,online,1,0.5846,1,medium,customer_risk_model,v1
CUST_002940,26,26021.93,589,6,3,0.2,1,1477.73,unemployed,store,1,0.6534,1,medium,customer_risk_model,v1
CUST_002941,55,9237.03,502,114,7,3.9,0,9757.07,informal,store,1,0.5739,1,medium,customer_risk_model,v1
CUST_002942,66,16151.47,657,27,5,0.6,1,2876.66,formal,store,1,0.4665,0,medium,customer_risk_model,v1
CUST_002943,57,11485.78,665,28,7,7.8,2,0.0,formal,call_center,1,0.5819,1,medium,customer_risk_model,v1
CUST_002944,27,16127.41,721,95,12,1.0,1,9658.89,informal,online,1,0.3576,0,low,customer_risk_model,v1
CUST_002945,60,29230.87,732,73,6,0.9,1,15045.12,informal,call_center,1,0.401,0,medium,customer_risk_model,v1
CUST_002946,23,8041.8,632,62,3,2.0,1,23071.02,self_employed,app,1,0.5923,1,medium,customer_risk_model,v1
CUST_002947,48,6667.94,700,118,5,1.1,2,11859.13,self_employed,store,0,0.2592,0,low,customer_risk_model,v1
CUST_002948,43,12200.12,587,11,14,2.0,3,14478.4,formal,app,1,0.7411,1,high,customer_risk_model,v1
CUST_002949,45,20011.17,698,111,8,3.9,0,16125.06,unemployed,store,1,0.377,0,low,customer_risk_model,v1
CUST_002950,45,22345.28,604,32,5,0.5,1,12662.55,self_employed,call_center,1,0.5427,1,medium,customer_risk_model,v1
CUST_002951,19,21062.14,691,75,4,4.5,2,6660.16,formal,store,0,0.3573,0,low,customer_risk_model,v1
CUST_002952,44,26229.8,684,39,8,0.1,1,29368.81,formal,store,0,0.5261,1,medium,customer_risk_model,v1
CUST_002953,66,5658.4,656,35,8,2.5,3,4093.8,informal,online,1,0.6091,1,medium,customer_risk_model,v1
CUST_002954,40,26318.36,722,39,10,8.6,2,15331.27,formal,call_center,0,0.4902,0,medium,customer_risk_model,v1
CUST_002955,32,15815.33,509,67,4,10.2,1,5760.57,formal,call_center,1,0.724,1,high,customer_risk_model,v1
CUST_002956,69,23120.46,554,105,4,0.1,0,12903.16,informal,store,0,0.5102,1,medium,customer_risk_model,v1
CUST_002957,23,8736.02,626,14,9,17.2,4,15275.88,unemployed,online,1,0.8141,1,high,customer_risk_model,v1
CUST_002958,43,18034.7,520,79,7,6.0,0,10383.45,self_employed,store,0,0.5569,1,medium,customer_risk_model,v1
CUST_002959,44,19653.9,613,103,7,5.7,0,2291.89,formal,store,0,0.3487,0,low,customer_risk_model,v1
CUST_002960,42,26090.26,616,88,2,2.8,0,9220.97,informal,store,1,0.3577,0,low,customer_risk_model,v1
CUST_002961,65,6903.22,768,117,9,0.1,0,20992.66,formal,app,0,0.3637,0,low,customer_risk_model,v1
CUST_002962,39,18215.27,663,2,7,2.2,0,0.0,self_employed,store,0,0.4118,0,medium,customer_risk_model,v1
CUST_002963,68,10403.35,743,44,5,2.3,2,25047.14,informal,online,1,0.6464,1,medium,customer_risk_model,v1
CUST_002964,21,21538.47,677,51,10,2.2,1,12758.93,formal,call_center,1,0.4667,0,medium,customer_risk_model,v1
CUST_002965,56,23440.52,602,64,3,3.5,1,17718.07,unemployed,online,1,0.5506,1,medium,customer_risk_model,v1
CUST_002966,48,27010.19,662,38,4,0.3,1,3568.01,formal,store,1,0.4266,0,medium,customer_risk_model,v1
CUST_002967,30,14254.79,716,31,4,0.0,2,10807.68,formal,app,0,0.4286,0,medium,customer_risk_model,v1
CUST_002968,29,24490.59,757,102,11,2.4,2,6671.96,formal,app,0,0.184,0,low,customer_risk_model,v1
CUST_002969,55,27526.31,638,28,7,3.0,2,14362.64,formal,online,0,0.557,1,medium,customer_risk_model,v1
CUST_002970,51,6497.27,502,114,7,1.4,1,3265.05,formal,call_center,0,0.4894,0,medium,customer_risk_model,v1
CUST_002971,49,22286.41,495,5,6,10.0,0,7035.76,unemployed,store,1,0.7276,1,high,customer_risk_model,v1
CUST_002972,20,24709.58,621,51,2,3.6,2,28539.74,formal,store,0,0.5066,1,medium,customer_risk_model,v1
CUST_002973,49,16188.92,440,73,9,1.5,3,17175.2,informal,store,1,0.7246,1,high,customer_risk_model,v1
CUST_002974,69,9524.58,812,116,8,2.5,2,15038.4,formal,store,0,0.3244,0,low,customer_risk_model,v1
CUST_002975,18,24600.69,704,91,5,3.5,0,14909.33,formal,store,0,0.2241,0,low,customer_risk_model,v1
CUST_002976,42,9603.44,593,2,3,5.9,0,23669.13,formal,online,0,0.5823,1,medium,customer_risk_model,v1
CUST_002977,43,16751.54,550,90,3,2.8,1,10987.65,informal,store,1,0.564,1,medium,customer_risk_model,v1
CUST_002978,64,17719.13,743,39,6,2.4,1,19491.71,informal,online,0,0.4067,0,medium,customer_risk_model,v1
CUST_002979,32,23008.77,550,103,9,19.7,1,0.0,formal,store,1,0.6493,1,medium,customer_risk_model,v1
CUST_002980,42,13613.58,558,93,5,7.2,1,11040.74,formal,store,0,0.5554,1,medium,customer_risk_model,v1
CUST_002981,55,13207.91,581,23,4,7.4,1,9527.81,formal,store,1,0.6772,1,medium,customer_risk_model,v1
CUST_002982,21,18692.41,660,43,6,0.3,2,7805.37,informal,store,1,0.5345,1,medium,customer_risk_model,v1
CUST_002983,59,25044.73,706,98,10,2.8,4,17914.97,formal,call_center,1,0.4736,0,medium,customer_risk_model,v1
CUST_002984,60,34012.15,757,110,7,6.4,2,10923.78,informal,store,0,0.2617,0,low,customer_risk_model,v1
CUST_002985,55,7447.63,744,72,7,0.4,0,10713.72,unemployed,store,0,0.4242,0,medium,customer_risk_model,v1
CUST_002986,51,20207.39,650,26,7,0.1,0,5726.89,formal,store,0,0.4187,0,medium,customer_risk_model,v1
CUST_002987,56,10394.25,742,47,10,0.7,2,8851.14,formal,app,1,0.4391,0,medium,customer_risk_model,v1
CUST_002988,58,25131.68,590,95,6,0.5,4,0.0,formal,store,1,0.4785,0,medium,customer_risk_model,v1
CUST_002989,64,11430.19,486,72,5,16.1,3,9475.95,informal,store,1,0.7842,1,high,customer_risk_model,v1
CUST_002990,40,13277.46,590,25,8,3.8,0,679.0,formal,store,1,0.5725,1,medium,customer_risk_model,v1
CUST_002991,41,13875.1,577,34,6,7.9,0,24357.25,formal,app,1,0.784,1,high,customer_risk_model,v1
CUST_002992,51,17466.61,593,24,9,5.0,0,17869.41,informal,store,0,0.5995,1,medium,customer_risk_model,v1
CUST_002993,28,20262.38,564,56,8,4.5,1,19303.89,formal,store,1,0.5837,1,medium,customer_risk_model,v1
CUST_002994,62,21385.91,609,54,8,5.4,2,1433.29,informal,store,1,0.5912,1,medium,customer_risk_model,v1
CUST_002995,58,17959.63,706,65,6,5.1,5,18704.68,formal,app,1,0.5541,1,medium,customer_risk_model,v1
CUST_002996,50,8690.76,804,113,7,19.9,1,6662.31,unemployed,store,1,0.4941,0,medium,customer_risk_model,v1
CUST_002997,33,23094.5,495,78,5,4.6,2,14214.38,formal,store,1,0.6783,1,medium,customer_risk_model,v1
CUST_002998,36,17629.29,534,70,11,0.0,2,10506.52,unemployed,online,1,0.7091,1,high,customer_risk_model,v1
CUST_002999,40,26132.14,579,44,4,5.6,0,970.9,formal,store,1,0.5826,1,medium,customer_risk_model,v1
CUST_003000,52,13045.83,719,76,4,2.9,1,3699.62,formal,store,1,0.358,0,low,customer_risk_model,v1
CUST_003001,58,6784.08,632,114,6,3.6,3,17274.4,formal,call_center,1,0.6346,1,medium,customer_risk_model,v1
CUST_003002,52,17761.82,585,2,8,1.6,0,17019.78,self_employed,app,1,0.614,1,medium,customer_risk_model,v1
CUST_003003,66,27071.67,715,42,8,2.4,2,1020.87,informal,call_center,0,0.381,0,low,customer_risk_model,v1
CUST_003004,67,19126.59,736,7,6,5.0,1,21093.5,formal,online,0,0.4465,0,medium,customer_risk_model,v1
CUST_003005,54,16602.31,648,25,7,0.9,1,8946.95,self_employed,store,0,0.4577,0,medium,customer_risk_model,v1
CUST_003006,37,11907.57,577,8,6,1.1,4,1743.33,formal,store,1,0.7231,1,high,customer_risk_model,v1
CUST_003007,49,30304.37,674,71,7,3.3,1,7606.65,formal,app,0,0.3364,0,low,customer_risk_model,v1
CUST_003008,40,10792.78,629,98,5,2.6,0,1156.48,formal,online,1,0.4302,0,medium,customer_risk_model,v1
CUST_003009,50,12922.24,628,112,7,0.4,0,6196.79,formal,store,1,0.3987,0,low,customer_risk_model,v1
CUST_003010,60,21990.24,604,29,5,2.0,1,8173.91,formal,online,0,0.4553,0,medium,customer_risk_model,v1
CUST_003011,37,5007.86,733,84,7,7.5,3,16127.0,formal,store,1,0.4746,0,medium,customer_risk_model,v1
CUST_003012,44,26922.13,672,40,5,1.8,1,18501.48,formal,store,0,0.4296,0,medium,customer_risk_model,v1
CUST_003013,20,22369.35,743,38,10,2.4,1,20504.34,informal,store,0,0.3217,0,low,customer_risk_model,v1
CUST_003014,56,24294.62,770,73,3,10.5,0,18289.45,formal,app,1,0.4483,0,medium,customer_risk_model,v1
CUST_003015,43,21906.82,691,81,5,3.2,1,0.0,formal,store,0,0.2795,0,low,customer_risk_model,v1
CUST_003016,41,16872.14,604,70,5,2.9,3,440.82,informal,store,1,0.5798,1,medium,customer_risk_model,v1
CUST_003017,45,10557.96,744,12,8,5.3,0,20783.06,formal,call_center,1,0.5974,1,medium,customer_risk_model,v1
CUST_003018,29,17019.47,692,49,4,6.8,0,8271.03,formal,store,0,0.4126,0,medium,customer_risk_model,v1
CUST_003019,49,11173.35,850,34,9,3.2,0,10891.28,informal,app,0,0.3559,0,low,customer_risk_model,v1
CUST_003020,56,21403.09,678,1,5,1.6,0,17060.62,unemployed,store,0,0.532,1,medium,customer_risk_model,v1
CUST_003021,36,23647.46,713,5,2,1.3,1,22323.51,self_employed,store,0,0.3859,0,low,customer_risk_model,v1
CUST_003022,24,28337.66,676,54,5,3.1,0,15760.36,self_employed,store,0,0.4121,0,medium,customer_risk_model,v1
CUST_003023,38,20602.37,641,12,6,1.5,0,5120.96,informal,store,0,0.4881,0,medium,customer_risk_model,v1
CUST_003024,28,24472.03,627,88,5,4.4,0,2237.27,formal,store,1,0.3552,0,low,customer_risk_model,v1
CUST_003025,37,15919.99,676,7,7,2.3,0,3436.29,informal,store,1,0.4721,0,medium,customer_risk_model,v1
CUST_003026,50,14652.06,697,28,10,8.7,0,21796.42,informal,store,1,0.6564,1,medium,customer_risk_model,v1
CUST_003027,23,21315.7,754,118,10,2.5,0,18884.13,formal,store,1,0.2103,0,low,customer_risk_model,v1
CUST_003028,56,15294.69,678,85,6,4.6,2,12368.12,unemployed,store,1,0.4606,0,medium,customer_risk_model,v1
CUST_003029,29,19884.3,608,67,7,7.7,0,598.2,self_employed,store,1,0.5438,1,medium,customer_risk_model,v1
CUST_003030,64,10571.65,621,2,4,4.9,2,19135.41,informal,store,1,0.7398,1,high,customer_risk_model,v1
CUST_003031,56,11828.61,531,6,3,5.6,0,13514.39,formal,store,1,0.7358,1,high,customer_risk_model,v1
CUST_003032,32,22447.87,800,109,4,9.7,1,5867.0,informal,online,1,0.3366,0,low,customer_risk_model,v1
CUST_003033,47,24206.83,601,96,7,2.6,2,11566.29,unemployed,store,0,0.4449,0,medium,customer_risk_model,v1
CUST_003034,23,11100.41,737,114,8,0.8,0,16055.93,formal,store,0,0.2608,0,low,customer_risk_model,v1
CUST_003035,23,22694.3,675,97,6,0.9,0,8435.59,formal,store,1,0.31,0,low,customer_risk_model,v1
CUST_003036,67,14270.85,677,1,6,0.0,4,3710.37,informal,store,1,0.5663,1,medium,customer_risk_model,v1
CUST_003037,59,18115.54,639,96,4,3.3,1,13510.84,formal,store,1,0.4288,0,medium,customer_risk_model,v1
CUST_003038,26,27918.61,579,55,8,0.3,0,14016.08,formal,store,1,0.4939,0,medium,customer_risk_model,v1
CUST_003039,32,23652.41,563,83,7,9.8,1,0.0,formal,store,1,0.532,1,medium,customer_risk_model,v1
CUST_003040,28,23571.1,806,50,5,23.7,2,11423.89,informal,store,1,0.5598,1,medium,customer_risk_model,v1
CUST_003041,38,31361.53,660,86,5,0.7,0,5259.97,formal,store,0,0.2967,0,low,customer_risk_model,v1
CUST_003042,33,13072.84,751,101,4,7.0,0,15813.36,formal,store,1,0.3173,0,low,customer_risk_model,v1
CUST_003043,35,11098.88,775,116,3,9.2,1,0.0,formal,call_center,1,0.3536,0,low,customer_risk_model,v1
CUST_003044,45,12945.14,613,65,6,0.3,1,1809.95,formal,call_center,0,0.4673,0,medium,customer_risk_model,v1
CUST_003045,27,16218.49,688,34,8,1.1,0,0.0,formal,store,1,0.4716,0,medium,customer_risk_model,v1
CUST_003046,63,4000.0,654,73,7,13.4,1,15319.46,formal,app,0,0.5742,1,medium,customer_risk_model,v1
CUST_003047,55,16548.0,546,60,6,0.2,2,9.35,formal,online,1,0.6061,1,medium,customer_risk_model,v1
CUST_003048,57,14188.0,633,25,7,0.1,1,1390.14,formal,online,1,0.5118,1,medium,customer_risk_model,v1
CUST_003049,26,23486.32,703,87,9,11.0,2,11270.73,informal,app,1,0.426,0,medium,customer_risk_model,v1
CUST_003050,54,20466.94,605,10,4,13.9,1,10725.17,unemployed,store,1,0.729,1,high,customer_risk_model,v1
CUST_003051,61,13795.12,621,48,6,17.8,0,17095.27,formal,store,1,0.7464,1,high,customer_risk_model,v1
CUST_003052,27,22129.73,634,83,9,0.6,1,17901.13,self_employed,app,0,0.3782,0,low,customer_risk_model,v1
CUST_003053,57,23062.84,840,110,4,3.8,0,21041.73,formal,app,1,0.2805,0,low,customer_risk_model,v1
CUST_003054,36,12620.18,485,74,4,0.1,0,24917.09,informal,store,0,0.7003,1,high,customer_risk_model,v1
CUST_003055,58,14548.83,695,117,3,5.1,5,20341.3,formal,store,0,0.4393,0,medium,customer_risk_model,v1
CUST_003056,42,4000.0,627,100,8,0.4,1,14660.56,unemployed,online,1,0.5032,1,medium,customer_risk_model,v1
CUST_003057,59,10365.38,592,29,4,1.3,1,13738.92,informal,app,0,0.5542,1,medium,customer_risk_model,v1
CUST_003058,25,12802.71,625,101,5,11.0,2,16933.11,informal,app,0,0.5783,1,medium,customer_risk_model,v1
CUST_003059,38,18519.16,710,41,4,0.2,0,0.0,formal,store,1,0.392,0,low,customer_risk_model,v1
CUST_003060,32,11382.32,715,76,8,4.4,2,10762.61,self_employed,store,0,0.3316,0,low,customer_risk_model,v1
CUST_003061,30,14405.84,667,24,6,1.5,0,0.0,unemployed,store,1,0.5929,1,medium,customer_risk_model,v1
CUST_003062,34,9422.69,748,65,6,0.5,3,6120.71,formal,store,1,0.4309,0,medium,customer_risk_model,v1
CUST_003063,37,19197.8,764,81,11,15.2,3,192.9,formal,store,1,0.4819,0,medium,customer_risk_model,v1
CUST_003064,24,20980.0,723,109,2,8.2,1,15111.05,unemployed,online,0,0.2822,0,low,customer_risk_model,v1
CUST_003065,54,20816.56,601,113,7,0.9,1,16808.86,informal,store,1,0.4868,0,medium,customer_risk_model,v1
CUST_003066,46,18086.53,694,96,10,0.0,1,21728.79,formal,app,1,0.4094,0,medium,customer_risk_model,v1
CUST_003067,61,7212.49,695,67,8,3.1,2,4260.89,formal,store,0,0.3808,0,low,customer_risk_model,v1
CUST_003068,54,13660.32,577,106,4,11.6,2,6737.88,informal,store,1,0.5937,1,medium,customer_risk_model,v1
CUST_003069,25,15148.85,509,13,9,5.6,1,20662.23,self_employed,store,1,0.7497,1,high,customer_risk_model,v1
CUST_003070,21,15176.93,468,119,7,2.5,2,7903.8,formal,store,1,0.5988,1,medium,customer_risk_model,v1
CUST_003071,39,18524.87,656,25,10,5.1,3,6250.66,formal,store,1,0.658,1,medium,customer_risk_model,v1
CUST_003072,43,27978.79,677,49,11,6.9,0,17700.63,formal,store,0,0.4377,0,medium,customer_risk_model,v1
CUST_003073,30,23684.67,544,109,5,3.6,2,16148.89,self_employed,store,1,0.6043,1,medium,customer_risk_model,v1
CUST_003074,58,11087.38,744,86,3,6.8,1,19656.99,self_employed,app,0,0.3473,0,low,customer_risk_model,v1
CUST_003075,48,22748.82,664,102,7,1.0,2,15858.63,informal,app,1,0.5194,1,medium,customer_risk_model,v1
CUST_003076,56,22482.12,771,82,10,2.4,2,8846.82,formal,store,0,0.2221,0,low,customer_risk_model,v1
CUST_003077,23,12357.53,683,72,6,15.0,0,22994.07,informal,store,1,0.6853,1,medium,customer_risk_model,v1
CUST_003078,60,23942.06,554,21,6,15.6,0,19065.97,informal,online,1,0.8371,1,high,customer_risk_model,v1
CUST_003079,28,16877.36,691,119,3,9.7,1,11862.84,self_employed,online,1,0.4062,0,medium,customer_risk_model,v1
CUST_003080,41,8130.33,710,76,7,2.0,1,19089.94,informal,online,1,0.4579,0,medium,customer_risk_model,v1
CUST_003081,40,21186.42,601,80,5,3.4,1,11893.16,informal,app,0,0.338,0,low,customer_risk_model,v1
CUST_003082,60,19518.73,520,51,7,6.9,1,4581.35,unemployed,store,1,0.7328,1,high,customer_risk_model,v1
CUST_003083,32,16406.26,659,114,4,13.3,2,12885.47,formal,online,0,0.479,0,medium,customer_risk_model,v1
CUST_003084,30,17737.83,560,54,7,8.1,0,27410.51,informal,store,1,0.7445,1,high,customer_risk_model,v1
CUST_003085,35,12966.4,751,23,14,0.7,1,20331.7,self_employed,store,0,0.4671,0,medium,customer_risk_model,v1
CUST_003086,36,22270.91,613,22,6,3.5,4,15327.46,formal,store,1,0.7223,1,high,customer_risk_model,v1
CUST_003087,27,17695.85,805,84,8,1.2,1,4826.97,formal,store,0,0.2646,0,low,customer_risk_model,v1
CUST_003088,27,19165.14,459,89,8,1.0,1,2537.71,formal,store,1,0.6205,1,medium,customer_risk_model,v1
CUST_003089,30,20499.99,662,25,7,14.2,1,10044.79,self_employed,store,1,0.5851,1,medium,customer_risk_model,v1
CUST_003090,42,9917.9,779,84,5,13.0,1,7140.16,informal,call_center,0,0.388,0,low,customer_risk_model,v1
CUST_003091,35,11740.02,570,119,4,3.0,2,12141.88,informal,store,1,0.5704,1,medium,customer_risk_model,v1
CUST_003092,38,4000.0,636,64,3,1.5,1,13207.1,informal,store,1,0.558,1,medium,customer_risk_model,v1
CUST_003093,55,21953.2,614,116,5,26.0,0,619.55,formal,call_center,1,0.503,1,medium,customer_risk_model,v1
CUST_003094,30,9514.53,588,19,5,0.4,1,5296.29,formal,app,0,0.5751,1,medium,customer_risk_model,v1
CUST_003095,65,18927.99,672,48,6,1.8,1,9163.53,formal,store,0,0.392,0,low,customer_risk_model,v1
CUST_003096,57,20596.92,533,67,4,19.2,0,15490.16,formal,online,0,0.6514,1,medium,customer_risk_model,v1
CUST_003097,27,22216.47,640,43,6,0.6,0,15789.23,unemployed,online,1,0.5233,1,medium,customer_risk_model,v1
CUST_003098,34,9571.88,696,12,2,3.1,1,3732.8,self_employed,store,1,0.4307,0,medium,customer_risk_model,v1
CUST_003099,27,17543.87,631,55,2,6.1,0,2202.01,formal,online,0,0.4646,0,medium,customer_risk_model,v1
CUST_003100,32,29691.96,560,41,8,1.7,3,4427.62,formal,app,1,0.7147,1,high,customer_risk_model,v1
CUST_003101,37,30000.2,743,25,8,2.8,1,18372.09,formal,store,1,0.4319,0,medium,customer_risk_model,v1
CUST_003102,24,24911.26,716,45,5,20.5,0,8209.66,informal,store,0,0.3943,0,low,customer_risk_model,v1
CUST_003103,18,20362.45,556,50,5,1.2,5,12851.24,formal,online,1,0.7603,1,high,customer_risk_model,v1
CUST_003104,40,10964.26,534,106,6,8.9,0,15336.55,formal,call_center,1,0.7068,1,high,customer_risk_model,v1
CUST_003105,54,23030.35,564,59,10,1.7,0,21820.64,informal,call_center,1,0.6051,1,medium,customer_risk_model,v1
CUST_003106,33,16893.85,699,50,9,0.9,0,2235.75,informal,online,1,0.4362,0,medium,customer_risk_model,v1
CUST_003107,62,21923.7,675,47,5,5.0,3,21702.91,formal,store,1,0.6282,1,medium,customer_risk_model,v1
CUST_003108,37,13570.1,721,72,2,3.0,1,16623.48,formal,online,0,0.3773,0,low,customer_risk_model,v1
CUST_003109,64,16789.47,621,33,7,2.6,1,25341.09,formal,store,1,0.6846,1,medium,customer_risk_model,v1
CUST_003110,30,19149.03,567,105,7,0.5,2,23241.56,informal,app,1,0.5762,1,medium,customer_risk_model,v1
CUST_003111,46,19723.95,733,50,9,5.0,1,12877.33,formal,store,0,0.3542,0,low,customer_risk_model,v1
CUST_003112,57,21456.06,600,51,2,0.9,2,6013.43,formal,store,1,0.5812,1,medium,customer_risk_model,v1
CUST_003113,21,13945.64,667,8,3,7.0,1,17287.61,formal,store,0,0.5778,1,medium,customer_risk_model,v1
CUST_003114,66,8597.01,511,106,11,5.7,1,3044.54,informal,online,0,0.5445,1,medium,customer_risk_model,v1
CUST_003115,36,29373.5,599,57,7,15.7,4,13729.9,formal,store,1,0.6921,1,medium,customer_risk_model,v1
CUST_003116,43,35424.78,741,17,4,11.6,2,6049.53,formal,store,0,0.5723,1,medium,customer_risk_model,v1
CUST_003117,50,21131.94,586,21,5,0.0,2,10070.18,formal,store,1,0.6665,1,medium,customer_risk_model,v1
CUST_003118,51,8732.06,723,44,5,0.5,1,0.0,self_employed,call_center,1,0.3915,0,low,customer_risk_model,v1
CUST_003119,19,12587.63,440,93,9,10.4,1,11327.38,unemployed,call_center,1,0.6692,1,medium,customer_risk_model,v1
CUST_003120,63,21563.82,600,12,4,2.6,1,12960.66,formal,store,1,0.5491,1,medium,customer_risk_model,v1
CUST_003121,50,27387.81,635,15,5,3.9,2,7738.72,formal,app,0,0.5554,1,medium,customer_risk_model,v1
CUST_003122,69,9509.77,807,67,6,0.5,5,11325.47,informal,store,0,0.3556,0,low,customer_risk_model,v1
CUST_003123,42,17129.67,545,60,1,2.5,0,3328.46,unemployed,online,0,0.5286,1,medium,customer_risk_model,v1
CUST_003124,49,19371.52,710,114,5,1.7,0,18236.38,informal,store,1,0.3723,0,low,customer_risk_model,v1
CUST_003125,40,24052.05,745,90,15,1.2,1,12199.24,formal,app,1,0.252,0,low,customer_risk_model,v1
CUST_003126,64,15594.79,585,79,6,3.0,0,29907.85,formal,store,1,0.6215,1,medium,customer_risk_model,v1
CUST_003127,61,7053.3,616,40,8,0.3,1,14338.05,formal,online,1,0.5532,1,medium,customer_risk_model,v1
CUST_003128,65,22348.38,663,75,4,2.1,0,15059.7,formal,online,1,0.4251,0,medium,customer_risk_model,v1
CUST_003129,44,25873.57,517,70,3,6.2,2,8245.29,informal,app,1,0.7279,1,high,customer_risk_model,v1
CUST_003130,59,17421.86,609,34,9,7.0,1,21537.4,informal,store,1,0.7145,1,high,customer_risk_model,v1
CUST_003131,36,20836.68,765,45,5,0.3,0,8572.95,formal,online,0,0.3036,0,low,customer_risk_model,v1
CUST_003132,41,14678.56,697,111,8,4.0,1,25829.73,formal,online,0,0.3351,0,low,customer_risk_model,v1
CUST_003133,57,12079.59,636,65,8,14.2,1,25598.1,formal,store,1,0.7468,1,high,customer_risk_model,v1
CUST_003134,22,25184.98,660,57,3,3.7,1,7901.87,self_employed,store,1,0.4485,0,medium,customer_risk_model,v1
CUST_003135,54,20712.47,702,95,3,2.4,1,9784.42,formal,online,1,0.3105,0,low,customer_risk_model,v1
CUST_003136,18,21432.58,720,32,1,16.3,2,6195.49,formal,store,1,0.5768,1,medium,customer_risk_model,v1
CUST_003137,48,28514.81,600,27,13,11.1,2,1305.69,self_employed,online,1,0.6809,1,medium,customer_risk_model,v1
CUST_003138,42,10616.1,788,118,6,14.1,1,14349.97,informal,call_center,0,0.4506,0,medium,customer_risk_model,v1
CUST_003139,42,14135.82,768,96,5,2.1,2,12036.25,formal,store,0,0.2688,0,low,customer_risk_model,v1
CUST_003140,43,19105.53,711,51,7,1.6,0,17290.22,informal,app,1,0.4538,0,medium,customer_risk_model,v1
CUST_003141,43,14049.81,574,113,5,2.7,2,11598.81,informal,store,1,0.5096,1,medium,customer_risk_model,v1
CUST_003142,39,23481.96,558,45,9,14.5,0,18978.08,self_employed,online,1,0.7603,1,high,customer_risk_model,v1
CUST_003143,41,16688.21,621,81,7,1.8,0,11617.38,informal,store,0,0.3703,0,low,customer_risk_model,v1
CUST_003144,47,11052.27,655,5,5,1.5,0,10440.16,self_employed,call_center,1,0.5011,1,medium,customer_risk_model,v1
CUST_003145,57,18460.4,491,84,8,0.3,0,12698.43,informal,online,0,0.5596,1,medium,customer_risk_model,v1
CUST_003146,46,19192.37,695,22,6,1.1,1,18078.94,informal,online,0,0.3985,0,low,customer_risk_model,v1
CUST_003147,51,24542.77,766,29,9,0.2,1,9043.12,self_employed,app,0,0.2568,0,low,customer_risk_model,v1
CUST_003148,61,20751.99,702,97,4,3.7,1,19266.3,formal,store,0,0.2993,0,low,customer_risk_model,v1
CUST_003149,69,21228.02,589,25,6,0.7,0,6103.12,formal,store,1,0.5938,1,medium,customer_risk_model,v1
CUST_003150,23,20242.04,579,58,2,4.4,0,9487.14,formal,store,0,0.4781,0,medium,customer_risk_model,v1
CUST_003151,55,16682.44,677,110,3,4.1,2,0.0,formal,app,0,0.3622,0,low,customer_risk_model,v1
CUST_003152,29,12986.47,636,114,6,0.1,1,9269.8,formal,call_center,0,0.3927,0,low,customer_risk_model,v1
CUST_003153,28,20021.87,690,53,3,2.6,1,3025.1,formal,store,0,0.3858,0,low,customer_risk_model,v1
CUST_003154,59,15668.13,704,10,4,3.1,0,16433.64,informal,online,1,0.4993,0,medium,customer_risk_model,v1
CUST_003155,21,29828.76,748,35,4,3.9,3,16072.07,unemployed,app,0,0.4362,0,medium,customer_risk_model,v1
CUST_003156,62,27395.28,548,74,7,6.9,0,21733.76,formal,store,1,0.665,1,medium,customer_risk_model,v1
CUST_003157,58,22429.87,670,41,16,3.8,1,25292.67,formal,store,1,0.5716,1,medium,customer_risk_model,v1
CUST_003158,69,20649.27,617,86,5,0.5,0,10697.33,unemployed,call_center,0,0.4081,0,medium,customer_risk_model,v1
CUST_003159,52,17384.29,641,119,8,3.2,0,6097.08,formal,store,0,0.3554,0,low,customer_risk_model,v1
CUST_003160,63,9172.13,728,74,5,6.5,2,15753.12,formal,store,1,0.4754,0,medium,customer_risk_model,v1
CUST_003161,24,16486.79,738,75,7,1.1,1,8895.64,unemployed,online,0,0.4242,0,medium,customer_risk_model,v1
CUST_003162,64,18709.8,776,64,5,9.8,1,7161.44,formal,store,1,0.4272,0,medium,customer_risk_model,v1
CUST_003163,26,19606.2,688,23,2,10.0,3,11863.14,self_employed,store,0,0.5617,1,medium,customer_risk_model,v1
CUST_003164,34,21286.75,640,69,7,0.8,1,7291.29,formal,app,0,0.4433,0,medium,customer_risk_model,v1
CUST_003165,24,24449.31,627,111,8,9.4,0,28476.02,formal,online,0,0.5154,1,medium,customer_risk_model,v1
CUST_003166,38,13154.92,494,83,7,5.3,2,9890.01,self_employed,app,1,0.7015,1,high,customer_risk_model,v1
CUST_003167,56,13218.47,771,90,9,3.1,3,11754.59,unemployed,store,0,0.3496,0,low,customer_risk_model,v1
CUST_003168,31,28156.0,621,103,7,9.9,0,18475.59,formal,store,1,0.5272,1,medium,customer_risk_model,v1
CUST_003169,60,23396.87,696,47,8,6.1,1,29519.83,formal,store,1,0.4572,0,medium,customer_risk_model,v1
CUST_003170,49,15264.6,711,41,6,4.3,2,10196.05,formal,store,0,0.4044,0,medium,customer_risk_model,v1
CUST_003171,50,17249.52,538,116,5,7.4,3,0.0,formal,store,1,0.7029,1,high,customer_risk_model,v1
CUST_003172,66,17281.0,567,55,6,4.4,2,11387.52,formal,call_center,1,0.6362,1,medium,customer_risk_model,v1
CUST_003173,40,18221.02,789,88,9,10.0,1,0.0,formal,app,0,0.314,0,low,customer_risk_model,v1
CUST_003174,35,21308.78,676,76,7,3.6,0,7869.97,informal,call_center,0,0.3687,0,low,customer_risk_model,v1
CUST_003175,69,35744.95,598,15,7,10.5,1,23980.11,self_employed,store,1,0.7528,1,high,customer_risk_model,v1
CUST_003176,46,19328.3,639,38,4,5.1,2,5588.68,unemployed,online,0,0.5714,1,medium,customer_risk_model,v1
CUST_003177,49,22638.19,748,39,4,8.6,0,3631.84,formal,call_center,0,0.3409,0,low,customer_risk_model,v1
CUST_003178,33,6194.66,734,22,12,2.6,1,18865.34,unemployed,store,1,0.5969,1,medium,customer_risk_model,v1
CUST_003179,29,14605.7,518,93,4,2.3,2,10255.34,formal,store,1,0.6297,1,medium,customer_risk_model,v1
CUST_003180,26,26601.71,797,115,3,11.5,3,21679.26,self_employed,store,0,0.4312,0,medium,customer_risk_model,v1
CUST_003181,29,20816.21,737,115,4,6.0,4,9766.16,informal,call_center,0,0.3226,0,low,customer_risk_model,v1
CUST_003182,28,4000.0,636,24,8,3.4,1,17161.65,formal,online,1,0.6026,1,medium,customer_risk_model,v1
CUST_003183,56,22718.16,543,54,4,2.2,0,0.0,unemployed,call_center,1,0.6394,1,medium,customer_risk_model,v1
CUST_003184,21,31427.15,745,28,9,0.0,1,4521.15,formal,store,0,0.3061,0,low,customer_risk_model,v1
CUST_003185,50,4028.65,693,8,6,0.4,2,10521.76,informal,app,1,0.4809,0,medium,customer_risk_model,v1
CUST_003186,67,28635.71,519,74,7,5.3,3,8769.05,informal,store,1,0.6979,1,medium,customer_risk_model,v1
CUST_003187,57,4000.0,629,103,3,0.6,3,31985.06,formal,store,1,0.6682,1,medium,customer_risk_model,v1
CUST_003188,38,24565.99,850,10,8,0.7,1,20127.29,formal,call_center,1,0.4505,0,medium,customer_risk_model,v1
CUST_003189,21,17939.46,651,77,6,1.8,0,19915.06,formal,store,0,0.4229,0,medium,customer_risk_model,v1
CUST_003190,61,4000.0,583,5,2,2.0,1,10633.89,formal,online,1,0.5832,1,medium,customer_risk_model,v1
CUST_003191,18,21122.96,559,101,5,2.4,1,855.9,self_employed,store,1,0.5181,1,medium,customer_risk_model,v1
CUST_003192,53,26055.88,809,8,10,13.3,0,25386.06,formal,call_center,1,0.5603,1,medium,customer_risk_model,v1
CUST_003193,52,20547.21,726,52,6,4.1,0,0.0,informal,store,0,0.2959,0,low,customer_risk_model,v1
CUST_003194,27,22093.79,777,15,3,5.5,0,7598.3,formal,online,0,0.3085,0,low,customer_risk_model,v1
CUST_003195,56,15118.27,672,50,9,0.8,0,16587.2,formal,app,1,0.5621,1,medium,customer_risk_model,v1
CUST_003196,27,4970.27,763,52,8,9.3,2,32867.43,formal,store,1,0.6366,1,medium,customer_risk_model,v1
CUST_003197,29,22843.05,574,65,4,0.2,1,25923.65,formal,call_center,1,0.616,1,medium,customer_risk_model,v1
CUST_003198,60,30248.28,665,99,6,12.0,0,16983.46,self_employed,store,1,0.5428,1,medium,customer_risk_model,v1
CUST_003199,68,25907.07,676,119,7,2.2,2,29192.76,formal,store,1,0.5506,1,medium,customer_risk_model,v1
CUST_003200,31,4084.87,774,41,2,5.7,3,8049.8,formal,online,0,0.5507,1,medium,customer_risk_model,v1
CUST_003201,65,7395.74,679,110,2,3.2,2,15606.6,self_employed,store,0,0.4471,0,medium,customer_risk_model,v1
CUST_003202,65,12078.23,594,51,4,0.6,4,23672.61,self_employed,store,1,0.7646,1,high,customer_risk_model,v1
CUST_003203,58,6849.17,656,15,3,1.6,1,780.01,informal,app,0,0.4742,0,medium,customer_risk_model,v1
CUST_003204,25,18309.33,499,72,8,7.3,3,15009.46,self_employed,app,1,0.8322,1,high,customer_risk_model,v1
CUST_003205,33,20753.91,441,87,5,0.7,1,15538.71,unemployed,app,1,0.5845,1,medium,customer_risk_model,v1
CUST_003206,53,7988.23,725,36,11,3.1,1,15286.4,formal,store,1,0.5018,1,medium,customer_risk_model,v1
CUST_003207,69,23439.9,616,71,8,4.8,1,3652.78,formal,app,1,0.4859,0,medium,customer_risk_model,v1
CUST_003208,60,22207.73,626,52,5,4.1,2,15488.9,formal,online,1,0.5616,1,medium,customer_risk_model,v1
CUST_003209,39,14162.89,725,18,3,0.6,1,14355.93,informal,app,0,0.4821,0,medium,customer_risk_model,v1
CUST_003210,30,16792.35,776,46,4,10.6,0,7603.14,self_employed,online,0,0.3863,0,low,customer_risk_model,v1
CUST_003211,67,4351.39,698,51,4,12.9,0,18240.83,formal,app,1,0.7142,1,high,customer_risk_model,v1
CUST_003212,32,15674.16,824,41,8,0.5,1,22805.0,formal,app,0,0.4544,0,medium,customer_risk_model,v1
CUST_003213,35,18051.69,695,109,5,2.3,3,6374.54,formal,call_center,0,0.3453,0,low,customer_risk_model,v1
CUST_003214,68,19181.23,677,47,4,1.1,2,15961.44,self_employed,online,0,0.5575,1,medium,customer_risk_model,v1
CUST_003215,47,20652.14,672,75,8,5.6,1,23046.5,informal,store,1,0.5054,1,medium,customer_risk_model,v1
CUST_003216,31,19709.69,534,2,6,13.4,0,23194.41,formal,store,1,0.8158,1,high,customer_risk_model,v1
CUST_003217,18,16149.59,736,38,5,8.1,1,10760.94,informal,store,0,0.3889,0,low,customer_risk_model,v1
CUST_003218,40,20003.36,430,106,4,3.6,0,20577.07,informal,online,1,0.6277,1,medium,customer_risk_model,v1
CUST_003219,69,25014.22,597,107,6,8.9,3,10056.91,formal,store,1,0.6359,1,medium,customer_risk_model,v1
CUST_003220,40,17331.51,652,117,9,1.5,1,18540.91,self_employed,store,1,0.4102,0,medium,customer_risk_model,v1
CUST_003221,54,20223.16,579,7,15,6.4,1,6087.58,formal,store,1,0.6643,1,medium,customer_risk_model,v1
CUST_003222,31,16696.8,609,103,6,5.4,0,0.0,informal,app,1,0.4237,0,medium,customer_risk_model,v1
CUST_003223,58,13472.69,816,32,4,2.5,1,16262.19,formal,call_center,1,0.5371,1,medium,customer_risk_model,v1
CUST_003224,58,21660.16,749,1,6,0.7,2,19037.41,informal,store,0,0.4481,0,medium,customer_risk_model,v1
CUST_003225,49,14113.42,588,12,7,12.1,2,17649.99,unemployed,store,1,0.7979,1,high,customer_risk_model,v1
CUST_003226,58,20703.03,608,90,5,6.5,2,5461.55,informal,store,0,0.4951,0,medium,customer_risk_model,v1
CUST_003227,48,18197.79,535,71,7,2.2,1,0.0,informal,app,1,0.6028,1,medium,customer_risk_model,v1
CUST_003228,37,15872.46,713,69,9,3.4,0,18988.35,informal,online,0,0.4021,0,medium,customer_risk_model,v1
CUST_003229,56,15703.0,628,105,5,6.7,2,23669.62,informal,call_center,1,0.658,1,medium,customer_risk_model,v1
CUST_003230,61,14443.15,473,12,7,13.9,2,0.0,self_employed,online,1,0.777,1,high,customer_risk_model,v1
CUST_003231,61,6479.39,659,10,5,3.8,1,9556.4,informal,store,0,0.4795,0,medium,customer_risk_model,v1
CUST_003232,29,20680.27,690,112,7,4.5,0,4508.65,informal,call_center,0,0.2612,0,low,customer_risk_model,v1
CUST_003233,53,19620.83,737,73,4,0.5,1,13968.98,formal,store,0,0.3328,0,low,customer_risk_model,v1
CUST_003234,18,23947.69,643,93,6,7.5,1,22693.81,formal,store,0,0.4511,0,medium,customer_risk_model,v1
CUST_003235,47,14279.8,616,63,5,4.9,0,10136.27,formal,store,1,0.466,0,medium,customer_risk_model,v1
CUST_003236,47,31267.69,829,18,9,2.2,0,7950.26,formal,store,0,0.2814,0,low,customer_risk_model,v1
CUST_003237,36,15341.85,651,63,6,0.4,2,15127.89,self_employed,store,1,0.5423,1,medium,customer_risk_model,v1
CUST_003238,69,11874.23,715,115,7,4.2,0,0.0,formal,store,1,0.3633,0,low,customer_risk_model,v1
CUST_003239,63,11044.21,601,15,6,2.2,0,18702.19,formal,app,1,0.7129,1,high,customer_risk_model,v1
CUST_003240,20,5862.54,712,16,6,1.3,2,20461.97,formal,call_center,1,0.6215,1,medium,customer_risk_model,v1
CUST_003241,28,28728.4,519,42,4,5.3,1,12037.46,formal,call_center,1,0.6995,1,medium,customer_risk_model,v1
CUST_003242,28,27597.47,608,55,3,3.6,0,8481.77,formal,online,0,0.3754,0,low,customer_risk_model,v1
CUST_003243,64,22205.22,541,75,4,0.3,1,9747.41,formal,online,0,0.4913,0,medium,customer_risk_model,v1
CUST_003244,44,11727.38,596,19,7,8.5,3,9780.93,informal,store,1,0.7626,1,high,customer_risk_model,v1
CUST_003245,55,30678.87,763,112,3,5.2,1,11540.05,self_employed,store,0,0.1763,0,low,customer_risk_model,v1
CUST_003246,60,15537.97,595,18,6,0.3,0,0.0,informal,online,0,0.4848,0,medium,customer_risk_model,v1
CUST_003247,57,16116.82,715,24,5,3.7,1,15311.28,informal,call_center,1,0.5389,1,medium,customer_risk_model,v1
CUST_003248,22,28060.81,787,116,6,7.8,1,9062.01,informal,store,0,0.2249,0,low,customer_risk_model,v1
CUST_003249,25,22612.37,648,45,4,6.3,1,12164.94,unemployed,store,0,0.5234,1,medium,customer_risk_model,v1
CUST_003250,38,33407.72,739,69,5,1.6,3,7375.89,informal,store,0,0.3018,0,low,customer_risk_model,v1
CUST_003251,35,19741.06,698,52,4,6.5,1,15046.65,formal,store,1,0.4429,0,medium,customer_risk_model,v1
CUST_003252,56,15220.78,660,31,11,9.7,0,22634.95,formal,call_center,1,0.7398,1,high,customer_risk_model,v1
CUST_003253,26,13717.37,718,61,4,6.8,1,13669.32,formal,call_center,1,0.5136,1,medium,customer_risk_model,v1
CUST_003254,37,5071.03,816,93,1,2.5,0,0.0,formal,store,0,0.3056,0,low,customer_risk_model,v1
CUST_003255,30,16049.83,593,2,1,3.4,0,12034.53,self_employed,store,0,0.507,1,medium,customer_risk_model,v1
CUST_003256,27,26012.15,564,105,6,0.4,0,13678.32,formal,online,1,0.4544,0,medium,customer_risk_model,v1
CUST_003257,26,22191.84,558,22,5,1.9,1,11562.46,formal,store,1,0.6434,1,medium,customer_risk_model,v1
CUST_003258,28,18142.16,739,110,8,2.4,4,5872.16,formal,online,1,0.3632,0,low,customer_risk_model,v1
CUST_003259,47,11035.46,752,115,5,0.6,0,11634.13,formal,app,0,0.2564,0,low,customer_risk_model,v1
CUST_003260,39,19588.11,602,112,10,1.1,0,18732.65,formal,store,0,0.3968,0,low,customer_risk_model,v1
CUST_003261,40,25089.7,458,78,8,9.3,1,9632.75,informal,call_center,0,0.6765,1,medium,customer_risk_model,v1
CUST_003262,42,21015.03,589,108,5,0.1,1,23039.08,formal,store,1,0.4593,0,medium,customer_risk_model,v1
CUST_003263,56,19167.15,699,103,13,3.7,1,6797.57,formal,store,1,0.3087,0,low,customer_risk_model,v1
CUST_003264,62,12421.3,644,77,4,1.8,4,3751.1,informal,online,1,0.5643,1,medium,customer_risk_model,v1
CUST_003265,45,24070.27,666,107,6,22.2,0,10145.86,self_employed,store,0,0.3905,0,low,customer_risk_model,v1
CUST_003266,51,4000.0,603,41,9,3.6,0,0.0,formal,online,1,0.5533,1,medium,customer_risk_model,v1
CUST_003267,56,20679.92,741,100,8,9.1,0,11931.3,formal,store,0,0.2302,0,low,customer_risk_model,v1
CUST_003268,53,35992.25,681,111,8,8.0,1,9344.4,formal,app,0,0.2631,0,low,customer_risk_model,v1
CUST_003269,24,7441.39,703,76,10,9.9,0,17496.51,formal,store,1,0.5685,1,medium,customer_risk_model,v1
CUST_003270,69,16310.41,664,15,4,4.8,0,0.0,formal,store,1,0.5049,1,medium,customer_risk_model,v1
CUST_003271,26,17944.62,697,26,5,7.6,0,18122.23,self_employed,online,1,0.5411,1,medium,customer_risk_model,v1
CUST_003272,39,14761.92,691,21,8,1.6,1,13235.13,formal,store,1,0.4816,0,medium,customer_risk_model,v1
CUST_003273,51,25254.62,566,64,6,15.8,0,24682.22,formal,online,1,0.6841,1,medium,customer_risk_model,v1
CUST_003274,38,21307.16,684,52,12,1.5,2,10640.47,informal,store,0,0.4271,0,medium,customer_risk_model,v1
CUST_003275,30,19066.1,721,99,6,1.6,2,14729.65,self_employed,app,0,0.2743,0,low,customer_risk_model,v1
CUST_003276,66,23580.91,754,34,6,11.6,1,17075.99,formal,store,1,0.515,1,medium,customer_risk_model,v1
CUST_003277,21,18117.25,687,20,5,0.6,1,0.0,formal,store,1,0.4653,0,medium,customer_risk_model,v1
CUST_003278,30,40259.05,563,74,8,7.7,0,20886.93,formal,store,0,0.5176,1,medium,customer_risk_model,v1
CUST_003279,69,19059.43,577,17,10,8.9,4,10967.73,unemployed,online,1,0.8441,1,high,customer_risk_model,v1
CUST_003280,55,19366.97,611,108,6,5.3,1,1831.74,unemployed,app,1,0.4642,0,medium,customer_risk_model,v1
CUST_003281,22,6026.72,667,10,4,2.0,0,11397.18,self_employed,store,1,0.5008,1,medium,customer_risk_model,v1
CUST_003282,57,14195.85,639,59,6,2.9,1,21368.96,formal,store,1,0.6129,1,medium,customer_risk_model,v1
CUST_003283,68,26031.64,549,113,3,11.6,0,9260.76,formal,store,1,0.5933,1,medium,customer_risk_model,v1
CUST_003284,23,8651.8,548,66,6,7.4,1,12832.74,formal,store,1,0.7338,1,high,customer_risk_model,v1
CUST_003285,39,4000.0,461,97,4,4.8,4,0.0,formal,store,0,0.5975,1,medium,customer_risk_model,v1
CUST_003286,42,18226.21,369,51,4,0.4,2,5155.47,formal,store,1,0.7255,1,high,customer_risk_model,v1
CUST_003287,24,27595.21,638,90,3,8.2,2,17662.38,formal,app,1,0.5883,1,medium,customer_risk_model,v1
CUST_003288,28,18296.67,850,85,5,2.3,0,20468.79,unemployed,call_center,0,0.2892,0,low,customer_risk_model,v1
CUST_003289,27,15647.13,812,62,10,12.7,0,13687.71,informal,app,1,0.5461,1,medium,customer_risk_model,v1
CUST_003290,27,4990.58,562,12,7,9.1,0,16670.42,formal,store,1,0.7868,1,high,customer_risk_model,v1
CUST_003291,38,21165.78,663,116,6,7.3,2,8796.69,formal,store,1,0.4127,0,medium,customer_risk_model,v1
CUST_003292,42,22628.93,518,6,4,4.0,0,12163.34,self_employed,call_center,1,0.7187,1,high,customer_risk_model,v1
CUST_003293,30,5527.87,532,43,6,4.5,0,3514.91,self_employed,online,1,0.6489,1,medium,customer_risk_model,v1
CUST_003294,33,25941.73,542,77,6,20.2,5,8074.15,formal,store,0,0.6914,1,medium,customer_risk_model,v1
CUST_003295,27,23359.87,630,92,4,3.4,3,11773.39,self_employed,call_center,1,0.5791,1,medium,customer_risk_model,v1
CUST_003296,59,25926.21,634,64,8,6.9,1,0.0,formal,store,1,0.4713,0,medium,customer_risk_model,v1
CUST_003297,29,22084.68,673,48,3,2.9,1,31154.58,informal,store,0,0.4657,0,medium,customer_risk_model,v1
CUST_003298,65,22575.78,710,49,6,19.1,0,6364.08,informal,store,1,0.5434,1,medium,customer_risk_model,v1
CUST_003299,46,21645.05,620,117,7,1.2,3,13682.04,informal,store,1,0.561,1,medium,customer_risk_model,v1
CUST_003300,59,24079.31,653,40,6,4.2,3,1996.4,formal,store,0,0.5165,1,medium,customer_risk_model,v1
CUST_003301,51,5268.7,552,102,6,0.1,2,0.0,formal,store,1,0.5822,1,medium,customer_risk_model,v1
CUST_003302,31,7492.58,529,7,6,3.5,1,25699.38,formal,online,1,0.7244,1,high,customer_risk_model,v1
CUST_003303,49,12847.94,515,79,4,14.3,2,12450.65,formal,call_center,1,0.7512,1,high,customer_risk_model,v1
CUST_003304,32,17091.26,708,81,4,4.0,0,0.0,formal,call_center,1,0.3548,0,low,customer_risk_model,v1
CUST_003305,24,20716.96,620,81,3,9.7,0,3790.44,informal,store,0,0.4079,0,medium,customer_risk_model,v1
CUST_003306,31,20272.77,482,51,11,8.4,1,28548.11,formal,app,1,0.7522,1,high,customer_risk_model,v1
CUST_003307,32,25819.74,644,83,7,0.0,2,15858.35,formal,store,0,0.3923,0,low,customer_risk_model,v1
CUST_003308,25,26039.47,538,53,6,8.1,2,0.0,formal,online,1,0.7271,1,high,customer_risk_model,v1
CUST_003309,19,11893.3,799,71,5,6.1,4,7903.69,informal,store,0,0.3556,0,low,customer_risk_model,v1
CUST_003310,67,19670.03,598,107,6,0.6,0,10536.64,formal,online,0,0.3817,0,low,customer_risk_model,v1
CUST_003311,44,12065.18,711,81,7,8.1,1,16201.83,formal,store,0,0.4137,0,medium,customer_risk_model,v1
CUST_003312,38,16682.27,748,88,6,6.8,2,11927.37,formal,app,0,0.3094,0,low,customer_risk_model,v1
CUST_003313,66,20252.54,564,116,5,10.0,1,0.0,formal,online,0,0.4805,0,medium,customer_risk_model,v1
CUST_003314,29,4000.0,657,27,6,0.1,3,6929.56,self_employed,store,1,0.6303,1,medium,customer_risk_model,v1
CUST_003315,38,34878.71,700,70,6,3.8,0,4742.46,formal,store,0,0.2947,0,low,customer_risk_model,v1
CUST_003316,62,21964.86,660,79,7,13.8,2,17988.22,informal,store,1,0.6858,1,medium,customer_risk_model,v1
CUST_003317,50,13830.08,682,83,4,0.2,0,7656.04,self_employed,store,1,0.4108,0,medium,customer_risk_model,v1
CUST_003318,38,31491.59,530,16,5,0.1,1,7560.55,formal,store,1,0.6437,1,medium,customer_risk_model,v1
CUST_003319,31,15567.98,700,91,8,4.3,1,9913.68,informal,store,1,0.3606,0,low,customer_risk_model,v1
CUST_003320,19,18927.64,606,24,5,5.4,1,5103.52,formal,app,1,0.5869,1,medium,customer_risk_model,v1
CUST_003321,22,14590.19,681,49,7,3.2,0,24068.71,self_employed,store,1,0.5789,1,medium,customer_risk_model,v1
CUST_003322,26,29563.94,733,85,5,0.7,1,20980.29,formal,store,0,0.2558,0,low,customer_risk_model,v1
CUST_003323,58,17265.11,710,32,4,7.9,1,21354.44,formal,app,1,0.6218,1,medium,customer_risk_model,v1
CUST_003324,51,19046.39,681,15,6,2.0,0,2132.3,formal,online,0,0.4072,0,medium,customer_risk_model,v1
CUST_003325,40,26426.48,708,81,8,5.3,2,14816.88,unemployed,online,0,0.3994,0,low,customer_risk_model,v1
CUST_003326,58,22095.98,712,34,6,7.9,0,18305.79,formal,store,0,0.4112,0,medium,customer_risk_model,v1
CUST_003327,26,17619.56,785,99,2,3.5,3,3790.62,self_employed,online,0,0.3782,0,low,customer_risk_model,v1
CUST_003328,28,25772.74,647,107,7,0.9,3,2612.95,self_employed,online,0,0.3837,0,low,customer_risk_model,v1
CUST_003329,38,35769.38,665,42,6,11.2,2,4063.64,self_employed,store,0,0.4747,0,medium,customer_risk_model,v1
CUST_003330,65,20221.87,734,88,7,1.9,1,305.67,formal,call_center,0,0.2334,0,low,customer_risk_model,v1
CUST_003331,49,18817.32,606,27,7,15.3,0,20379.59,informal,store,1,0.7695,1,high,customer_risk_model,v1
CUST_003332,62,19194.39,530,111,6,3.3,0,19634.42,formal,online,0,0.5307,1,medium,customer_risk_model,v1
CUST_003333,30,27173.01,694,30,4,4.5,0,9409.97,formal,store,0,0.3288,0,low,customer_risk_model,v1
CUST_003334,62,13805.62,631,105,2,1.4,1,11489.41,formal,store,1,0.39,0,low,customer_risk_model,v1
CUST_003335,21,16051.78,541,94,11,1.1,3,6549.99,unemployed,store,0,0.589,1,medium,customer_risk_model,v1
CUST_003336,29,7237.9,695,38,8,1.6,1,30514.1,formal,online,1,0.633,1,medium,customer_risk_model,v1
CUST_003337,45,9712.92,779,99,9,1.6,0,8514.92,self_employed,app,0,0.2401,0,low,customer_risk_model,v1
CUST_003338,20,14375.4,503,76,5,2.4,2,7767.83,formal,app,0,0.6097,1,medium,customer_risk_model,v1
CUST_003339,62,17608.44,742,80,7,4.8,0,10975.6,informal,store,0,0.2748,0,low,customer_risk_model,v1
CUST_003340,63,30383.58,422,46,4,7.7,0,1481.38,informal,online,1,0.7203,1,high,customer_risk_model,v1
CUST_003341,46,21751.95,614,28,10,3.6,1,14140.54,formal,store,0,0.4866,0,medium,customer_risk_model,v1
CUST_003342,33,11615.45,816,83,4,1.2,0,23408.16,informal,store,0,0.2792,0,low,customer_risk_model,v1
CUST_003343,23,12904.14,620,7,4,3.8,1,10606.71,formal,store,1,0.593,1,medium,customer_risk_model,v1
CUST_003344,50,27623.24,658,42,6,2.6,3,18409.26,formal,online,0,0.5383,1,medium,customer_risk_model,v1
CUST_003345,45,25886.27,719,17,8,6.9,2,0.0,informal,online,1,0.5036,1,medium,customer_risk_model,v1
CUST_003346,57,18197.05,496,1,6,2.6,1,4378.14,informal,call_center,1,0.7007,1,high,customer_risk_model,v1
CUST_003347,49,14902.31,656,1,4,11.4,2,12774.47,informal,online,0,0.5966,1,medium,customer_risk_model,v1
CUST_003348,24,25874.53,656,12,3,0.1,1,0.0,self_employed,online,0,0.4267,0,medium,customer_risk_model,v1
CUST_003349,24,11046.71,818,112,6,0.0,0,14625.77,informal,store,0,0.2659,0,low,customer_risk_model,v1
CUST_003350,58,20744.21,539,92,5,4.4,1,9535.44,formal,store,0,0.5056,1,medium,customer_risk_model,v1
CUST_003351,26,33908.61,616,118,7,8.1,3,14370.12,unemployed,call_center,1,0.6431,1,medium,customer_risk_model,v1
CUST_003352,66,19437.49,566,10,6,0.6,3,10139.53,unemployed,online,1,0.7848,1,high,customer_risk_model,v1
CUST_003353,23,12570.73,557,119,12,7.3,3,10686.44,formal,store,1,0.7107,1,high,customer_risk_model,v1
CUST_003354,55,20872.58,751,72,4,1.3,2,0.0,unemployed,call_center,1,0.4273,0,medium,customer_risk_model,v1
CUST_003355,68,14709.94,652,95,7,5.0,1,3264.89,unemployed,store,0,0.4001,0,medium,customer_risk_model,v1
CUST_003356,40,8241.19,600,103,2,3.8,2,16060.06,informal,online,1,0.597,1,medium,customer_risk_model,v1
CUST_003357,20,22907.25,603,32,5,1.2,4,671.12,self_employed,store,1,0.6933,1,medium,customer_risk_model,v1
CUST_003358,63,25824.84,599,89,7,0.5,1,4149.12,formal,store,0,0.2914,0,low,customer_risk_model,v1
CUST_003359,27,15823.65,607,78,9,1.6,1,8504.64,formal,store,0,0.432,0,medium,customer_risk_model,v1
CUST_003360,45,15359.35,536,50,5,4.2,1,9241.55,formal,app,1,0.6291,1,medium,customer_risk_model,v1
CUST_003361,69,11269.04,627,59,4,3.2,3,17728.92,formal,store,1,0.6686,1,medium,customer_risk_model,v1
CUST_003362,56,16950.45,618,25,2,12.9,2,13836.25,informal,store,1,0.7364,1,high,customer_risk_model,v1
CUST_003363,20,14063.42,582,23,4,1.9,1,6709.91,formal,store,0,0.5794,1,medium,customer_risk_model,v1
CUST_003364,60,10922.77,664,110,5,3.8,0,0.0,formal,app,0,0.4001,0,medium,customer_risk_model,v1
CUST_003365,26,31245.18,672,88,6,0.7,2,36456.62,formal,store,0,0.4262,0,medium,customer_risk_model,v1
CUST_003366,56,21265.45,600,68,7,4.2,1,12302.37,formal,store,1,0.4848,0,medium,customer_risk_model,v1
CUST_003367,50,22006.77,637,83,7,1.0,2,19309.6,self_employed,store,1,0.5513,1,medium,customer_risk_model,v1
CUST_003368,32,24183.8,844,49,6,13.0,1,0.0,self_employed,store,0,0.3568,0,low,customer_risk_model,v1
CUST_003369,40,23397.25,841,30,5,2.8,2,9027.57,formal,online,1,0.4629,0,medium,customer_risk_model,v1
CUST_003370,24,15108.23,555,113,10,3.0,1,8723.77,informal,app,1,0.5422,1,medium,customer_risk_model,v1
CUST_003371,69,19907.87,568,118,10,2.2,2,8284.37,informal,store,1,0.567,1,medium,customer_risk_model,v1
CUST_003372,30,16116.79,555,26,5,0.9,2,18226.04,informal,online,1,0.7763,1,high,customer_risk_model,v1
CUST_003373,34,21069.25,745,96,7,1.7,1,9880.95,formal,store,0,0.1873,0,low,customer_risk_model,v1
CUST_003374,44,20391.84,614,53,9,7.9,1,8564.24,formal,store,1,0.5308,1,medium,customer_risk_model,v1
CUST_003375,52,15321.38,672,85,2,16.7,0,11892.8,formal,store,0,0.4813,0,medium,customer_risk_model,v1
CUST_003376,44,8694.91,830,13,10,5.0,0,12202.35,informal,app,1,0.4339,0,medium,customer_risk_model,v1
CUST_003377,44,19023.66,649,58,6,3.8,2,2314.77,formal,app,1,0.516,1,medium,customer_risk_model,v1
CUST_003378,48,16570.11,714,15,8,15.6,0,19920.13,informal,store,0,0.6789,1,medium,customer_risk_model,v1
CUST_003379,62,4767.39,697,97,6,6.7,1,7374.0,informal,online,0,0.3178,0,low,customer_risk_model,v1
CUST_003380,38,21553.63,597,48,7,10.1,0,11174.41,informal,store,1,0.5215,1,medium,customer_risk_model,v1
CUST_003381,61,24757.39,745,32,7,0.9,1,23974.61,informal,app,1,0.4177,0,medium,customer_risk_model,v1
CUST_003382,58,35698.5,574,84,4,2.7,1,35248.31,formal,call_center,1,0.5315,1,medium,customer_risk_model,v1
CUST_003383,67,15261.62,771,114,2,5.0,2,15744.89,informal,call_center,1,0.4471,0,medium,customer_risk_model,v1
CUST_003384,65,14229.02,597,41,3,0.1,0,0.0,formal,online,0,0.4484,0,medium,customer_risk_model,v1
CUST_003385,59,10234.05,607,86,10,9.2,0,9706.2,formal,store,0,0.415,0,medium,customer_risk_model,v1
CUST_003386,30,19460.49,552,83,7,0.3,2,25724.73,self_employed,store,0,0.5445,1,medium,customer_risk_model,v1
CUST_003387,58,19416.23,567,59,8,0.4,0,10156.06,informal,store,1,0.5275,1,medium,customer_risk_model,v1
CUST_003388,56,12320.93,612,96,5,0.4,0,18663.43,informal,store,0,0.5681,1,medium,customer_risk_model,v1
CUST_003389,33,16775.49,431,16,8,4.9,3,18548.16,formal,store,1,0.8192,1,high,customer_risk_model,v1
CUST_003390,53,4149.34,629,105,3,6.7,1,6369.22,informal,online,0,0.3926,0,low,customer_risk_model,v1
CUST_003391,31,24484.64,604,49,7,6.8,1,27141.72,formal,store,1,0.6184,1,medium,customer_risk_model,v1
CUST_003392,45,12605.25,721,6,4,7.4,2,15431.84,formal,online,0,0.5233,1,medium,customer_risk_model,v1
CUST_003393,59,17757.41,688,118,8,10.7,1,11787.73,formal,app,1,0.4289,0,medium,customer_risk_model,v1
CUST_003394,27,8013.15,586,93,3,0.6,1,10690.77,informal,store,0,0.4269,0,medium,customer_risk_model,v1
CUST_003395,35,13923.52,609,98,7,2.4,1,2623.43,formal,call_center,0,0.3998,0,low,customer_risk_model,v1
CUST_003396,59,16042.86,629,18,9,0.2,1,5684.29,formal,app,0,0.4788,0,medium,customer_risk_model,v1
CUST_003397,41,17920.96,784,90,5,14.7,2,3816.49,formal,store,1,0.4682,0,medium,customer_risk_model,v1
CUST_003398,67,21358.13,576,84,7,3.8,0,30191.87,formal,app,0,0.4669,0,medium,customer_risk_model,v1
CUST_003399,18,28073.53,585,108,9,4.6,1,20296.08,formal,app,1,0.4361,0,medium,customer_risk_model,v1
CUST_003400,55,23128.98,548,45,4,3.2,1,3923.94,informal,store,1,0.6527,1,medium,customer_risk_model,v1
CUST_003401,60,24735.15,517,111,5,17.1,1,26746.37,formal,store,0,0.5959,1,medium,customer_risk_model,v1
CUST_003402,65,28122.73,678,85,3,1.9,2,22919.86,informal,store,1,0.5739,1,medium,customer_risk_model,v1
CUST_003403,26,21987.96,668,31,9,3.3,1,6858.56,formal,store,0,0.4324,0,medium,customer_risk_model,v1
CUST_003404,69,17743.05,765,26,5,33.4,2,16248.94,formal,call_center,1,0.6435,1,medium,customer_risk_model,v1
CUST_003405,38,25063.78,744,108,6,0.8,0,6546.85,formal,call_center,0,0.1897,0,low,customer_risk_model,v1
CUST_003406,36,25511.07,850,77,3,1.9,1,20200.92,formal,online,1,0.3392,0,low,customer_risk_model,v1
CUST_003407,36,22539.96,643,15,11,15.1,0,15937.66,self_employed,store,1,0.6789,1,medium,customer_risk_model,v1
CUST_003408,51,7817.61,627,15,1,0.0,3,8611.79,formal,store,1,0.6827,1,medium,customer_risk_model,v1
CUST_003409,52,12109.78,533,99,4,0.5,2,2099.14,self_employed,online,1,0.6578,1,medium,customer_risk_model,v1
CUST_003410,42,16076.02,713,21,5,3.9,1,11481.79,formal,store,1,0.4308,0,medium,customer_risk_model,v1
CUST_003411,21,23457.35,661,27,5,9.4,0,15932.04,formal,online,0,0.4457,0,medium,customer_risk_model,v1
CUST_003412,69,17850.58,709,74,5,1.3,1,22402.76,formal,store,0,0.4075,0,medium,customer_risk_model,v1
CUST_003413,29,25958.08,547,103,2,3.2,1,17032.44,formal,call_center,0,0.5495,1,medium,customer_risk_model,v1
CUST_003414,22,27206.66,682,41,9,5.8,2,19410.95,self_employed,store,0,0.4696,0,medium,customer_risk_model,v1
CUST_003415,49,26394.19,668,80,10,20.9,1,5986.25,informal,store,1,0.4881,0,medium,customer_risk_model,v1
CUST_003416,39,26438.78,663,84,9,9.6,3,0.0,informal,store,0,0.4243,0,medium,customer_risk_model,v1
CUST_003417,50,10741.04,589,72,6,2.5,1,0.0,formal,store,0,0.478,0,medium,customer_risk_model,v1
CUST_003418,63,21378.45,757,82,6,1.6,1,9667.2,formal,store,0,0.1882,0,low,customer_risk_model,v1
CUST_003419,23,13747.3,835,28,3,0.8,1,5815.79,informal,online,1,0.4375,0,medium,customer_risk_model,v1
CUST_003420,32,6456.54,550,74,11,0.3,1,11015.27,informal,app,1,0.6519,1,medium,customer_risk_model,v1
CUST_003421,44,15987.7,715,1,3,12.5,1,17870.79,formal,app,1,0.6674,1,medium,customer_risk_model,v1
CUST_003422,58,27273.16,391,87,9,0.7,2,17020.54,informal,online,1,0.6887,1,medium,customer_risk_model,v1
CUST_003423,49,21225.19,710,95,8,8.1,0,0.0,informal,call_center,0,0.2719,0,low,customer_risk_model,v1
CUST_003424,37,32124.67,482,95,4,0.0,1,32638.84,formal,store,1,0.5243,1,medium,customer_risk_model,v1
CUST_003425,49,19240.61,603,4,6,2.5,1,15130.67,formal,app,1,0.6022,1,medium,customer_risk_model,v1
CUST_003426,68,35134.62,532,109,7,0.3,2,14315.48,informal,store,1,0.6019,1,medium,customer_risk_model,v1
CUST_003427,42,19242.65,631,52,6,2.1,2,10812.69,formal,online,1,0.5445,1,medium,customer_risk_model,v1
CUST_003428,63,18157.36,725,10,7,7.2,0,9761.33,formal,app,0,0.343,0,low,customer_risk_model,v1
CUST_003429,58,9044.27,483,64,6,13.7,1,20802.18,informal,online,1,0.8693,1,high,customer_risk_model,v1
CUST_003430,33,25773.94,618,69,8,0.4,1,4211.5,unemployed,store,1,0.5484,1,medium,customer_risk_model,v1
CUST_003431,30,14485.12,604,48,9,1.1,1,14453.69,formal,store,1,0.5812,1,medium,customer_risk_model,v1
CUST_003432,58,13470.67,792,90,5,1.8,1,24128.03,formal,app,0,0.3096,0,low,customer_risk_model,v1
CUST_003433,28,26968.61,689,65,7,6.1,2,13519.15,formal,call_center,1,0.5306,1,medium,customer_risk_model,v1
CUST_003434,35,26107.56,544,26,10,12.1,1,16105.95,formal,online,1,0.7503,1,high,customer_risk_model,v1
CUST_003435,30,25924.36,608,74,8,1.3,2,762.61,formal,store,1,0.4984,0,medium,customer_risk_model,v1
CUST_003436,49,15464.66,790,32,7,1.1,0,18612.51,self_employed,store,1,0.4787,0,medium,customer_risk_model,v1
CUST_003437,33,17643.17,714,15,3,0.3,3,14954.86,self_employed,store,1,0.5553,1,medium,customer_risk_model,v1
CUST_003438,52,17581.02,567,32,6,0.0,0,11197.93,formal,store,0,0.5211,1,medium,customer_risk_model,v1
CUST_003439,66,23477.63,626,108,8,3.0,0,17774.77,self_employed,store,1,0.4663,0,medium,customer_risk_model,v1
CUST_003440,61,28874.95,629,69,11,0.2,1,2852.3,formal,store,0,0.3709,0,low,customer_risk_model,v1
CUST_003441,67,20577.03,602,38,3,0.3,0,26409.82,formal,online,1,0.6097,1,medium,customer_risk_model,v1
CUST_003442,19,31824.24,496,44,4,4.2,0,35138.63,self_employed,store,1,0.6746,1,medium,customer_risk_model,v1
CUST_003443,41,24280.36,589,103,6,6.1,1,7191.29,formal,store,1,0.3905,0,low,customer_risk_model,v1
CUST_003444,29,16356.4,775,80,5,9.7,0,21406.26,formal,store,0,0.4216,0,medium,customer_risk_model,v1
CUST_003445,65,23800.98,616,93,9,5.0,1,10849.46,formal,online,1,0.3683,0,low,customer_risk_model,v1
CUST_003446,55,29941.58,641,73,7,12.2,2,2155.91,formal,store,1,0.595,1,medium,customer_risk_model,v1
CUST_003447,34,31988.02,663,119,5,13.6,2,22377.57,self_employed,online,0,0.5109,1,medium,customer_risk_model,v1
CUST_003448,47,26308.24,850,79,2,2.1,2,9728.86,formal,store,0,0.2296,0,low,customer_risk_model,v1
CUST_003449,49,18179.72,651,48,8,3.5,1,16894.5,formal,store,1,0.505,1,medium,customer_risk_model,v1
CUST_003450,43,16483.15,748,31,6,1.0,0,27283.4,unemployed,app,1,0.5788,1,medium,customer_risk_model,v1
CUST_003451,42,22032.49,596,6,5,0.8,2,16222.32,formal,store,0,0.6431,1,medium,customer_risk_model,v1
CUST_003452,20,29717.82,627,92,4,1.3,0,13670.45,self_employed,online,0,0.357,0,low,customer_risk_model,v1
CUST_003453,41,21036.38,651,112,7,3.5,1,4320.13,formal,store,0,0.3018,0,low,customer_risk_model,v1
CUST_003454,36,21181.72,580,80,4,7.6,1,4346.75,formal,store,0,0.4469,0,medium,customer_risk_model,v1
CUST_003455,60,18359.78,632,58,6,6.4,1,10909.94,self_employed,store,0,0.4799,0,medium,customer_risk_model,v1
CUST_003456,62,15704.76,730,16,6,20.5,0,8967.88,unemployed,store,1,0.579,1,medium,customer_risk_model,v1
CUST_003457,57,16865.06,578,77,3,2.2,2,17441.22,formal,store,1,0.6895,1,medium,customer_risk_model,v1
CUST_003458,19,18947.98,650,24,4,2.6,1,3288.57,informal,call_center,0,0.5253,1,medium,customer_risk_model,v1
CUST_003459,61,30026.7,714,75,11,11.1,2,5797.95,formal,store,0,0.4282,0,medium,customer_risk_model,v1
CUST_003460,38,16322.0,576,36,4,1.6,1,10786.97,formal,online,1,0.5598,1,medium,customer_risk_model,v1
CUST_003461,39,18368.28,749,104,5,17.5,0,12770.64,formal,store,0,0.4212,0,medium,customer_risk_model,v1
CUST_003462,67,11942.36,657,112,0,1.4,0,12467.1,formal,online,1,0.4185,0,medium,customer_risk_model,v1
CUST_003463,63,23016.42,635,28,6,4.4,1,10436.55,formal,call_center,1,0.5282,1,medium,customer_risk_model,v1
CUST_003464,20,27566.75,469,39,10,6.6,0,5724.42,self_employed,store,0,0.5646,1,medium,customer_risk_model,v1
CUST_003465,36,29371.48,616,110,3,1.8,0,16635.61,formal,call_center,0,0.4322,0,medium,customer_risk_model,v1
CUST_003466,56,19423.55,683,3,5,0.6,1,21461.1,formal,call_center,1,0.6173,1,medium,customer_risk_model,v1
CUST_003467,46,22020.48,807,62,3,0.1,3,14482.12,informal,app,0,0.4752,0,medium,customer_risk_model,v1
CUST_003468,31,16925.15,701,17,12,5.4,1,7359.33,formal,store,1,0.5008,1,medium,customer_risk_model,v1
CUST_003469,45,21696.13,751,52,8,7.2,2,0.0,formal,online,0,0.4142,0,medium,customer_risk_model,v1
CUST_003470,63,20197.76,541,4,3,4.2,2,25280.83,informal,store,1,0.791,1,high,customer_risk_model,v1
CUST_003471,29,18407.85,639,17,2,0.7,3,10601.78,formal,store,1,0.7296,1,high,customer_risk_model,v1
CUST_003472,56,18964.28,760,48,6,2.7,1,22576.05,formal,store,0,0.3846,0,low,customer_risk_model,v1
CUST_003473,56,21163.46,570,8,8,4.6,2,25135.12,unemployed,store,1,0.8024,1,high,customer_risk_model,v1
CUST_003474,64,15940.93,737,95,11,9.8,2,18429.43,informal,online,0,0.4662,0,medium,customer_risk_model,v1
CUST_003475,33,16302.52,716,69,9,9.5,0,19637.8,formal,store,1,0.5236,1,medium,customer_risk_model,v1
CUST_003476,29,29951.53,675,54,5,1.8,2,19001.33,self_employed,store,0,0.4558,0,medium,customer_risk_model,v1
CUST_003477,46,36973.83,620,57,2,0.1,0,10230.85,self_employed,store,1,0.4068,0,medium,customer_risk_model,v1
CUST_003478,45,9569.43,561,100,9,4.5,1,2813.18,formal,app,1,0.547,1,medium,customer_risk_model,v1
CUST_003479,39,9183.7,810,101,3,2.9,0,18384.1,self_employed,app,0,0.2335,0,low,customer_risk_model,v1
CUST_003480,58,11299.93,707,6,3,5.5,4,0.0,formal,store,0,0.4692,0,medium,customer_risk_model,v1
CUST_003481,59,17276.98,681,82,7,6.8,1,8857.93,self_employed,store,0,0.3665,0,low,customer_risk_model,v1
CUST_003482,30,24270.46,613,56,5,9.2,3,6883.25,formal,store,1,0.6513,1,medium,customer_risk_model,v1
CUST_003483,59,22138.77,653,94,7,10.6,2,16584.37,formal,store,0,0.5279,1,medium,customer_risk_model,v1
CUST_003484,29,19204.22,665,94,7,4.2,1,13862.42,formal,store,1,0.3636,0,low,customer_risk_model,v1
CUST_003485,39,21702.55,686,85,10,1.9,2,6866.87,formal,app,1,0.371,0,low,customer_risk_model,v1
CUST_003486,19,13155.4,716,81,2,8.7,0,8628.04,formal,app,1,0.3999,0,low,customer_risk_model,v1
CUST_003487,35,16291.14,580,26,5,5.0,2,27666.22,informal,store,1,0.7848,1,high,customer_risk_model,v1
CUST_003488,67,17859.34,518,102,9,1.2,0,5723.3,formal,store,0,0.4571,0,medium,customer_risk_model,v1
CUST_003489,41,6910.49,658,84,9,3.6,0,10533.47,formal,store,1,0.41,0,medium,customer_risk_model,v1
CUST_003490,54,9870.83,493,33,4,1.2,1,16632.02,informal,store,1,0.8009,1,high,customer_risk_model,v1
CUST_003491,23,10149.04,621,28,3,2.2,0,12563.3,informal,online,1,0.5555,1,medium,customer_risk_model,v1
CUST_003492,51,23348.76,604,60,11,12.6,1,16872.4,formal,online,1,0.683,1,medium,customer_risk_model,v1
CUST_003493,37,19717.48,694,41,7,0.3,4,20789.24,formal,store,1,0.5293,1,medium,customer_risk_model,v1
CUST_003494,56,22277.43,828,81,4,0.5,1,23514.27,informal,store,0,0.3076,0,low,customer_risk_model,v1
CUST_003495,66,5122.42,475,49,11,6.7,1,12360.93,formal,store,1,0.7124,1,high,customer_risk_model,v1
CUST_003496,45,7615.03,850,21,10,2.7,2,15242.25,formal,call_center,1,0.5272,1,medium,customer_risk_model,v1
CUST_003497,23,22642.51,629,48,6,5.6,2,13681.11,unemployed,store,1,0.6105,1,medium,customer_risk_model,v1
CUST_003498,42,4000.0,681,98,7,7.5,1,4838.04,formal,store,0,0.3771,0,low,customer_risk_model,v1
CUST_003499,24,26572.41,523,99,10,1.9,0,13560.17,self_employed,store,1,0.5727,1,medium,customer_risk_model,v1
CUST_003500,41,5236.78,740,38,7,9.0,2,0.0,formal,store,1,0.5048,1,medium,customer_risk_model,v1
CUST_003501,21,23903.41,654,95,11,5.5,3,14999.5,unemployed,online,1,0.6075,1,medium,customer_risk_model,v1
CUST_003502,51,11779.91,644,12,6,7.1,2,0.0,formal,store,1,0.6005,1,medium,customer_risk_model,v1
CUST_003503,34,25342.33,476,118,7,1.4,2,4084.69,informal,store,1,0.6207,1,medium,customer_risk_model,v1
CUST_003504,28,40457.13,657,92,5,1.5,4,18843.05,unemployed,app,1,0.5776,1,medium,customer_risk_model,v1
CUST_003505,18,4000.0,726,5,9,4.4,2,15721.43,formal,store,0,0.4482,0,medium,customer_risk_model,v1
CUST_003506,64,22867.64,629,84,5,6.3,2,11862.61,formal,store,0,0.4567,0,medium,customer_risk_model,v1
CUST_003507,61,5342.86,756,59,7,1.1,0,8396.05,formal,store,0,0.3652,0,low,customer_risk_model,v1
CUST_003508,60,20987.38,752,106,6,0.6,1,5084.25,informal,app,0,0.1647,0,low,customer_risk_model,v1
CUST_003509,21,16552.59,592,29,8,1.8,2,7430.24,informal,call_center,1,0.6817,1,medium,customer_risk_model,v1
CUST_003510,36,18908.48,794,107,5,6.2,0,17481.62,self_employed,app,1,0.3438,0,low,customer_risk_model,v1
CUST_003511,68,11618.2,654,104,8,21.7,1,9968.04,formal,store,1,0.5777,1,medium,customer_risk_model,v1
CUST_003512,48,23463.79,654,34,1,2.8,0,0.0,formal,store,1,0.4552,0,medium,customer_risk_model,v1
CUST_003513,24,7861.5,659,52,3,10.3,1,2148.07,formal,store,0,0.5517,1,medium,customer_risk_model,v1
CUST_003514,25,26691.46,656,77,6,5.3,1,5504.46,formal,call_center,0,0.3675,0,low,customer_risk_model,v1
CUST_003515,31,15135.25,413,29,5,0.3,2,9885.47,formal,call_center,0,0.7802,1,high,customer_risk_model,v1
CUST_003516,68,8181.17,633,119,6,5.0,1,9651.91,formal,app,1,0.4163,0,medium,customer_risk_model,v1
CUST_003517,26,29164.56,527,23,6,14.2,1,3552.87,formal,app,1,0.7635,1,high,customer_risk_model,v1
CUST_003518,64,17528.6,796,30,3,13.2,4,16919.18,formal,online,0,0.6303,1,medium,customer_risk_model,v1
CUST_003519,53,31353.45,793,60,3,5.5,1,0.0,formal,online,0,0.3119,0,low,customer_risk_model,v1
CUST_003520,65,26549.49,727,57,7,6.6,3,6030.86,informal,online,0,0.4561,0,medium,customer_risk_model,v1
CUST_003521,60,12412.98,629,6,6,7.1,1,18277.11,self_employed,store,1,0.733,1,high,customer_risk_model,v1
CUST_003522,35,17405.07,559,109,6,5.8,0,16319.68,formal,online,1,0.6015,1,medium,customer_risk_model,v1
CUST_003523,61,18847.27,591,29,8,10.7,0,9840.02,informal,store,0,0.5739,1,medium,customer_risk_model,v1
CUST_003524,26,28684.12,825,13,5,1.4,0,19509.96,formal,call_center,0,0.4088,0,medium,customer_risk_model,v1
CUST_003525,33,21062.62,588,62,11,3.7,1,14084.0,self_employed,store,0,0.5042,1,medium,customer_risk_model,v1
CUST_003526,29,19234.05,438,111,6,2.0,2,12564.5,informal,online,0,0.6732,1,medium,customer_risk_model,v1
CUST_003527,24,16600.84,743,1,11,0.7,1,16806.15,formal,store,1,0.4651,0,medium,customer_risk_model,v1
CUST_003528,22,17646.1,785,59,8,9.8,2,15250.27,formal,online,0,0.5215,1,medium,customer_risk_model,v1
CUST_003529,27,27132.14,799,109,5,1.2,1,22653.47,informal,app,0,0.2315,0,low,customer_risk_model,v1
CUST_003530,24,18025.94,743,107,4,2.3,0,9794.14,informal,app,1,0.2809,0,low,customer_risk_model,v1
CUST_003531,37,15235.02,758,21,5,15.7,3,10057.1,formal,app,0,0.6527,1,medium,customer_risk_model,v1
CUST_003532,21,14048.45,655,74,8,2.5,1,13574.74,informal,store,1,0.4967,0,medium,customer_risk_model,v1
CUST_003533,21,14123.64,463,100,6,3.8,1,12170.61,formal,online,1,0.6342,1,medium,customer_risk_model,v1
CUST_003534,69,8185.33,653,80,7,0.1,4,26855.03,self_employed,store,1,0.6416,1,medium,customer_risk_model,v1
CUST_003535,22,12747.37,706,79,6,15.6,0,16195.26,unemployed,call_center,1,0.6089,1,medium,customer_risk_model,v1
CUST_003536,21,28488.94,638,92,7,9.5,3,6214.58,self_employed,online,1,0.5133,1,medium,customer_risk_model,v1
CUST_003537,19,16553.81,634,54,10,2.3,1,71.5,self_employed,store,1,0.5189,1,medium,customer_risk_model,v1
CUST_003538,24,22930.88,563,8,3,25.7,1,24568.37,unemployed,app,1,0.7922,1,high,customer_risk_model,v1
CUST_003539,45,4000.0,560,77,7,3.4,2,8999.52,formal,online,1,0.6232,1,medium,customer_risk_model,v1
CUST_003540,61,21978.18,815,75,6,3.5,0,14645.03,formal,online,0,0.267,0,low,customer_risk_model,v1
CUST_003541,56,16870.53,819,102,4,0.5,2,11851.44,formal,store,0,0.2349,0,low,customer_risk_model,v1
CUST_003542,48,14629.92,650,110,6,0.3,1,18451.96,formal,store,0,0.4586,0,medium,customer_risk_model,v1
CUST_003543,22,19266.72,675,41,6,2.1,0,7575.89,formal,online,1,0.4621,0,medium,customer_risk_model,v1
CUST_003544,58,14529.22,562,114,4,0.8,4,12950.9,informal,store,1,0.632,1,medium,customer_risk_model,v1
CUST_003545,19,4000.0,708,2,4,6.4,0,7635.43,formal,online,1,0.4899,0,medium,customer_risk_model,v1
CUST_003546,50,24455.74,808,116,8,8.9,2,34252.58,self_employed,online,0,0.3472,0,low,customer_risk_model,v1
CUST_003547,39,19701.12,512,17,2,2.9,1,5978.45,self_employed,store,1,0.7044,1,high,customer_risk_model,v1
CUST_003548,63,15802.4,692,77,8,7.4,0,16481.27,unemployed,store,0,0.4553,0,medium,customer_risk_model,v1
CUST_003549,33,11236.7,699,82,4,3.8,1,34763.21,formal,app,1,0.4719,0,medium,customer_risk_model,v1
CUST_003550,51,7711.0,697,76,4,1.2,0,20788.91,self_employed,online,0,0.3949,0,low,customer_risk_model,v1
CUST_003551,40,19567.25,798,118,5,1.5,1,11829.87,formal,store,0,0.215,0,low,customer_risk_model,v1
CUST_003552,45,29294.09,833,66,5,1.2,1,13335.66,formal,store,1,0.3612,0,low,customer_risk_model,v1
CUST_003553,66,19422.17,629,16,7,6.5,2,5498.08,informal,store,1,0.6417,1,medium,customer_risk_model,v1
CUST_003554,55,8320.67,711,73,5,0.0,1,25439.05,formal,store,1,0.5446,1,medium,customer_risk_model,v1
CUST_003555,39,19575.82,658,35,9,1.6,0,10193.58,self_employed,store,0,0.4498,0,medium,customer_risk_model,v1
CUST_003556,41,17626.6,593,73,6,16.6,0,11412.02,self_employed,store,1,0.6165,1,medium,customer_risk_model,v1
CUST_003557,54,24048.31,674,46,7,1.0,0,4974.04,informal,store,0,0.4059,0,medium,customer_risk_model,v1
CUST_003558,35,22247.13,710,6,8,8.0,0,9501.3,formal,store,1,0.3838,0,low,customer_risk_model,v1
CUST_003559,26,4000.0,670,76,5,2.2,3,12522.69,self_employed,call_center,1,0.5735,1,medium,customer_risk_model,v1
CUST_003560,42,21816.7,571,11,5,0.4,1,20715.85,informal,online,0,0.6812,1,medium,customer_risk_model,v1
CUST_003561,21,10975.64,608,40,6,2.2,1,14130.08,formal,store,1,0.5966,1,medium,customer_risk_model,v1
CUST_003562,26,8047.9,609,74,9,1.5,1,20759.47,formal,store,0,0.5574,1,medium,customer_risk_model,v1
CUST_003563,39,16680.69,574,105,4,1.9,1,0.0,formal,store,1,0.4997,0,medium,customer_risk_model,v1
CUST_003564,59,20876.8,678,38,8,9.5,1,23205.48,self_employed,store,1,0.6387,1,medium,customer_risk_model,v1
CUST_003565,58,6514.86,688,36,3,2.1,2,1268.66,self_employed,app,1,0.5234,1,medium,customer_risk_model,v1
CUST_003566,31,22932.03,738,36,8,3.3,1,18153.43,formal,store,0,0.3356,0,low,customer_risk_model,v1
CUST_003567,39,23343.37,573,69,3,2.7,1,0.0,formal,call_center,0,0.5003,1,medium,customer_risk_model,v1
CUST_003568,25,18328.83,598,24,4,0.1,0,12525.55,informal,store,0,0.4985,0,medium,customer_risk_model,v1
CUST_003569,57,11926.63,790,63,6,0.1,1,19581.02,formal,store,0,0.4601,0,medium,customer_risk_model,v1
CUST_003570,30,11144.35,635,96,8,1.7,0,5269.36,formal,app,0,0.4024,0,medium,customer_risk_model,v1
CUST_003571,59,25181.52,653,10,6,9.2,2,12287.09,unemployed,online,1,0.6618,1,medium,customer_risk_model,v1
CUST_003572,61,7421.44,634,115,15,8.0,0,19410.85,unemployed,online,1,0.6642,1,medium,customer_risk_model,v1
CUST_003573,53,25451.29,752,64,5,11.2,0,17874.46,formal,store,1,0.4367,0,medium,customer_risk_model,v1
CUST_003574,35,16843.61,755,75,5,5.5,0,0.0,self_employed,store,0,0.2945,0,low,customer_risk_model,v1
CUST_003575,67,17329.16,750,74,12,0.7,1,19991.29,formal,store,0,0.3841,0,low,customer_risk_model,v1
CUST_003576,53,6043.39,652,113,6,1.6,0,25669.32,formal,store,1,0.5397,1,medium,customer_risk_model,v1
CUST_003577,51,16972.98,571,80,7,4.6,2,21720.5,informal,online,1,0.6722,1,medium,customer_risk_model,v1
CUST_003578,62,22295.1,823,106,5,0.5,2,2156.9,formal,app,0,0.1837,0,low,customer_risk_model,v1
CUST_003579,63,8645.13,727,35,5,5.7,1,3315.75,informal,call_center,0,0.3716,0,low,customer_risk_model,v1
CUST_003580,22,21490.45,609,26,4,10.3,1,12608.8,formal,store,1,0.5781,1,medium,customer_risk_model,v1
CUST_003581,63,18623.09,778,77,5,20.8,1,16684.03,formal,store,1,0.583,1,medium,customer_risk_model,v1
CUST_003582,57,13493.71,602,19,5,7.1,0,18967.36,informal,app,1,0.7859,1,high,customer_risk_model,v1
CUST_003583,28,23982.71,777,14,7,11.8,0,5664.88,formal,store,0,0.3749,0,low,customer_risk_model,v1
CUST_003584,33,4000.0,783,26,6,11.7,2,11404.92,formal,store,1,0.5552,1,medium,customer_risk_model,v1
CUST_003585,57,20426.77,567,33,11,13.0,2,5454.26,formal,store,1,0.7636,1,high,customer_risk_model,v1
CUST_003586,29,29336.05,702,12,3,0.2,1,3946.14,informal,store,1,0.4527,0,medium,customer_risk_model,v1
CUST_003587,41,28079.6,720,87,4,0.4,1,15250.96,informal,store,1,0.2966,0,low,customer_risk_model,v1
CUST_003588,53,20728.65,850,70,6,13.6,2,11412.62,informal,store,1,0.4924,0,medium,customer_risk_model,v1
CUST_003589,51,15888.23,583,24,5,11.2,1,15643.51,formal,online,1,0.7286,1,high,customer_risk_model,v1
CUST_003590,65,13549.38,779,34,5,1.3,0,7426.42,formal,online,1,0.4025,0,medium,customer_risk_model,v1
CUST_003591,23,15879.52,652,111,10,4.2,2,17357.39,formal,store,1,0.446,0,medium,customer_risk_model,v1
CUST_003592,33,21806.65,538,109,3,11.6,0,2979.75,formal,store,1,0.6572,1,medium,customer_risk_model,v1
CUST_003593,69,12349.29,639,15,4,0.5,1,8356.6,formal,store,1,0.5578,1,medium,customer_risk_model,v1
CUST_003594,47,23301.97,650,73,5,0.2,2,3146.26,self_employed,online,1,0.4878,0,medium,customer_risk_model,v1
CUST_003595,30,32932.12,555,39,7,6.3,0,14276.14,informal,online,1,0.6696,1,medium,customer_risk_model,v1
CUST_003596,33,17566.82,678,43,3,2.1,2,26499.98,formal,store,0,0.5557,1,medium,customer_risk_model,v1
CUST_003597,35,8589.24,736,72,9,0.8,2,14949.3,informal,online,0,0.4601,0,medium,customer_risk_model,v1
CUST_003598,46,8586.79,671,118,5,2.0,3,11186.39,unemployed,online,0,0.4127,0,medium,customer_risk_model,v1
CUST_003599,32,23435.96,601,70,7,3.9,2,10420.3,unemployed,store,1,0.63,1,medium,customer_risk_model,v1
CUST_003600,50,17581.78,637,114,9,3.7,2,7359.81,unemployed,call_center,1,0.5122,1,medium,customer_risk_model,v1
CUST_003601,41,24137.82,650,98,4,4.2,0,20841.38,formal,call_center,0,0.3874,0,low,customer_risk_model,v1
CUST_003602,49,14264.56,670,93,1,4.4,0,15295.43,informal,store,0,0.4154,0,medium,customer_risk_model,v1
CUST_003603,26,23814.36,750,95,5,23.5,1,0.0,informal,online,1,0.4286,0,medium,customer_risk_model,v1
CUST_003604,50,16891.91,674,95,3,21.4,1,20706.37,formal,store,1,0.5972,1,medium,customer_risk_model,v1
CUST_003605,66,12872.47,524,31,8,0.1,0,5035.54,formal,app,1,0.6452,1,medium,customer_risk_model,v1
CUST_003606,25,15193.01,599,117,5,6.7,5,6752.52,formal,store,1,0.6216,1,medium,customer_risk_model,v1
CUST_003607,35,9620.62,665,110,3,1.8,1,15218.32,formal,store,0,0.3567,0,low,customer_risk_model,v1
CUST_003608,54,31925.52,751,72,6,8.6,0,7214.06,formal,online,0,0.2533,0,low,customer_risk_model,v1
CUST_003609,50,17325.33,767,85,7,0.2,3,29942.6,formal,store,1,0.4855,0,medium,customer_risk_model,v1
CUST_003610,53,22511.6,810,105,5,12.0,2,10091.86,formal,call_center,0,0.3004,0,low,customer_risk_model,v1
CUST_003611,47,14241.92,662,19,10,2.1,3,17065.25,formal,app,0,0.7129,1,high,customer_risk_model,v1
CUST_003612,53,10636.51,719,8,5,2.3,1,0.0,self_employed,app,1,0.3766,0,low,customer_risk_model,v1
CUST_003613,49,16362.84,519,119,6,9.4,2,7069.75,formal,store,1,0.6964,1,medium,customer_risk_model,v1
CUST_003614,21,25708.35,689,66,9,0.9,0,10952.71,formal,store,0,0.3345,0,low,customer_risk_model,v1
CUST_003615,57,14354.88,553,86,10,6.6,0,19974.55,formal,app,1,0.7012,1,high,customer_risk_model,v1
CUST_003616,41,11906.28,644,60,3,3.5,0,3390.29,formal,store,1,0.4945,0,medium,customer_risk_model,v1
CUST_003617,20,19088.25,850,62,9,6.4,1,21595.42,formal,online,0,0.3551,0,low,customer_risk_model,v1
CUST_003618,39,21493.16,677,5,4,5.2,1,13018.6,unemployed,online,0,0.5007,1,medium,customer_risk_model,v1
CUST_003619,40,29499.94,572,35,2,3.8,0,14619.57,informal,app,0,0.5713,1,medium,customer_risk_model,v1
CUST_003620,22,20476.25,687,11,5,4.0,1,6037.28,formal,app,1,0.4945,0,medium,customer_risk_model,v1
CUST_003621,69,22507.95,603,52,8,5.9,1,4278.61,self_employed,online,1,0.54,1,medium,customer_risk_model,v1
CUST_003622,29,23034.93,564,3,9,1.8,1,0.0,formal,online,1,0.5936,1,medium,customer_risk_model,v1
CUST_003623,35,9928.89,839,96,10,5.0,2,14397.48,formal,app,0,0.2658,0,low,customer_risk_model,v1
CUST_003624,40,11256.68,746,35,4,8.9,3,17018.04,formal,store,0,0.565,1,medium,customer_risk_model,v1
CUST_003625,61,10412.73,681,89,13,0.2,0,9104.89,formal,store,1,0.4049,0,medium,customer_risk_model,v1
CUST_003626,56,8674.98,615,7,7,2.7,1,0.0,informal,call_center,1,0.5339,1,medium,customer_risk_model,v1
CUST_003627,58,23568.22,622,4,9,10.1,6,7551.05,formal,app,1,0.7634,1,high,customer_risk_model,v1
CUST_003628,30,20030.35,789,51,9,0.0,0,14984.82,formal,app,0,0.3523,0,low,customer_risk_model,v1
CUST_003629,61,18556.47,678,94,5,10.0,0,13472.25,informal,online,1,0.4202,0,medium,customer_risk_model,v1
CUST_003630,61,4000.0,373,97,3,0.5,1,17375.72,formal,store,1,0.7144,1,high,customer_risk_model,v1
CUST_003631,42,32388.34,850,65,6,1.1,3,0.0,informal,call_center,0,0.3486,0,low,customer_risk_model,v1
CUST_003632,46,11740.1,666,74,7,1.8,2,8759.98,self_employed,store,0,0.4248,0,medium,customer_risk_model,v1
CUST_003633,19,32362.69,681,82,5,6.1,3,11198.68,formal,store,1,0.3976,0,low,customer_risk_model,v1
CUST_003634,57,7855.31,748,81,8,5.1,1,17065.19,formal,store,1,0.4183,0,medium,customer_risk_model,v1
CUST_003635,67,12313.19,692,89,6,15.0,3,7172.98,formal,online,1,0.5478,1,medium,customer_risk_model,v1
CUST_003636,42,4000.0,717,4,6,5.8,2,16279.2,formal,online,1,0.5594,1,medium,customer_risk_model,v1
CUST_003637,46,20534.87,612,52,6,1.0,1,4404.95,self_employed,online,0,0.4352,0,medium,customer_risk_model,v1
CUST_003638,43,10291.2,539,100,7,8.8,1,13735.97,formal,online,1,0.6815,1,medium,customer_risk_model,v1
CUST_003639,22,10489.0,675,53,8,1.1,1,9654.23,formal,app,1,0.5182,1,medium,customer_risk_model,v1
CUST_003640,50,8392.4,779,18,8,11.0,1,9188.0,informal,store,1,0.4991,0,medium,customer_risk_model,v1
CUST_003641,55,23441.49,592,80,9,3.0,1,31305.12,informal,app,1,0.5186,1,medium,customer_risk_model,v1
CUST_003642,66,22980.25,584,37,3,8.0,1,9336.89,formal,store,1,0.641,1,medium,customer_risk_model,v1
CUST_003643,66,30684.24,760,61,9,0.3,2,8617.55,formal,app,0,0.2985,0,low,customer_risk_model,v1
CUST_003644,43,13200.05,609,62,10,7.0,3,602.88,formal,store,1,0.6829,1,medium,customer_risk_model,v1
CUST_003645,67,19531.74,613,83,3,1.5,0,19920.78,formal,store,1,0.5249,1,medium,customer_risk_model,v1
CUST_003646,45,8974.65,616,111,3,1.1,1,7651.19,formal,store,0,0.4033,0,medium,customer_risk_model,v1
CUST_003647,51,15654.73,644,83,6,4.4,0,11743.72,formal,store,0,0.41,0,medium,customer_risk_model,v1
CUST_003648,49,14368.08,508,119,8,0.6,0,5245.7,formal,online,1,0.5102,1,medium,customer_risk_model,v1
CUST_003649,69,21251.15,601,3,8,6.2,1,15325.89,self_employed,app,1,0.6625,1,medium,customer_risk_model,v1
CUST_003650,56,25119.15,671,94,8,9.5,0,19458.6,formal,store,0,0.4141,0,medium,customer_risk_model,v1
CUST_003651,24,24937.47,670,50,5,7.3,1,22469.13,informal,app,1,0.556,1,medium,customer_risk_model,v1
CUST_003652,21,12100.31,754,87,4,1.9,0,11067.16,formal,online,1,0.296,0,low,customer_risk_model,v1
CUST_003653,39,24989.28,816,11,2,0.4,2,7252.45,formal,online,1,0.4688,0,medium,customer_risk_model,v1
CUST_003654,44,17691.4,786,63,8,0.4,1,6731.48,unemployed,store,1,0.4597,0,medium,customer_risk_model,v1
CUST_003655,52,15727.82,732,4,3,16.3,1,12141.21,informal,call_center,1,0.6222,1,medium,customer_risk_model,v1
CUST_003656,43,13040.42,637,80,7,2.4,1,14029.11,formal,store,1,0.4445,0,medium,customer_risk_model,v1
CUST_003657,44,14080.45,594,26,2,0.9,1,16354.29,informal,call_center,1,0.6967,1,medium,customer_risk_model,v1
CUST_003658,65,30196.2,652,18,9,3.1,1,5225.3,informal,store,0,0.4745,0,medium,customer_risk_model,v1
CUST_003659,35,20151.88,703,10,7,1.9,1,13075.24,informal,store,0,0.4054,0,medium,customer_risk_model,v1
CUST_003660,43,19222.28,724,33,11,7.0,0,3845.9,formal,online,0,0.3663,0,low,customer_risk_model,v1
CUST_003661,46,16164.27,706,115,4,1.6,1,10964.03,formal,app,1,0.3148,0,low,customer_risk_model,v1
CUST_003662,42,35121.85,639,118,11,18.7,4,23164.95,self_employed,store,1,0.6464,1,medium,customer_risk_model,v1
CUST_003663,68,27135.07,721,10,2,4.2,2,10175.83,formal,call_center,0,0.4613,0,medium,customer_risk_model,v1
CUST_003664,68,12952.57,763,117,1,2.5,1,4923.91,formal,store,0,0.2595,0,low,customer_risk_model,v1
CUST_003665,44,16084.69,729,70,7,8.6,1,14804.07,informal,store,0,0.4202,0,medium,customer_risk_model,v1
CUST_003666,41,16500.29,647,39,5,3.0,1,19155.7,formal,store,1,0.6014,1,medium,customer_risk_model,v1
CUST_003667,48,19021.1,575,113,4,0.9,0,5849.62,informal,online,1,0.4559,0,medium,customer_risk_model,v1
CUST_003668,27,13091.42,573,29,7,6.0,1,1159.92,formal,online,1,0.6492,1,medium,customer_risk_model,v1
CUST_003669,40,21071.72,589,22,9,6.7,0,5504.14,self_employed,app,1,0.6081,1,medium,customer_risk_model,v1
CUST_003670,29,28164.62,673,28,8,8.6,2,8482.48,formal,store,0,0.4929,0,medium,customer_risk_model,v1
CUST_003671,25,8804.6,697,18,9,10.9,0,24145.12,formal,app,1,0.7166,1,high,customer_risk_model,v1
CUST_003672,22,10102.97,523,58,8,3.6,3,767.7,unemployed,online,1,0.7678,1,high,customer_risk_model,v1
CUST_003673,48,14617.89,605,17,4,7.9,0,0.0,informal,store,1,0.6203,1,medium,customer_risk_model,v1
CUST_003674,18,14942.43,672,27,6,3.8,1,14175.3,formal,online,1,0.5654,1,medium,customer_risk_model,v1
CUST_003675,51,31989.26,569,45,7,3.7,1,6305.67,unemployed,store,1,0.6278,1,medium,customer_risk_model,v1
CUST_003676,40,25011.96,689,78,9,24.3,2,4068.6,formal,app,0,0.4121,0,medium,customer_risk_model,v1
CUST_003677,37,24610.26,622,103,7,0.0,0,17197.73,formal,store,0,0.3593,0,low,customer_risk_model,v1
CUST_003678,58,16149.44,585,9,1,1.4,0,12729.5,self_employed,app,1,0.6042,1,medium,customer_risk_model,v1
CUST_003679,46,15995.81,655,76,6,8.1,0,20042.68,informal,store,1,0.603,1,medium,customer_risk_model,v1
CUST_003680,56,7838.06,685,13,8,0.5,0,17876.22,formal,store,0,0.5649,1,medium,customer_risk_model,v1
CUST_003681,54,23472.18,574,118,8,0.1,0,2334.39,unemployed,store,0,0.3806,0,low,customer_risk_model,v1
CUST_003682,19,21437.38,628,33,7,1.5,0,0.0,informal,store,1,0.4946,0,medium,customer_risk_model,v1
CUST_003683,29,27001.98,692,102,1,0.5,0,20952.91,unemployed,store,1,0.4092,0,medium,customer_risk_model,v1
CUST_003684,47,16524.19,581,93,4,5.7,3,11005.65,informal,online,1,0.6513,1,medium,customer_risk_model,v1
CUST_003685,68,17007.55,501,39,4,9.8,1,36118.12,formal,store,1,0.8393,1,high,customer_risk_model,v1
CUST_003686,26,19190.32,512,39,7,1.1,1,19736.03,unemployed,online,1,0.7187,1,high,customer_risk_model,v1
CUST_003687,23,24243.28,612,38,8,0.0,1,22969.88,self_employed,store,0,0.4465,0,medium,customer_risk_model,v1
CUST_003688,66,7708.49,531,57,4,0.7,1,4445.51,informal,store,0,0.556,1,medium,customer_risk_model,v1
CUST_003689,68,23152.39,619,53,8,0.1,0,11329.66,formal,online,0,0.3889,0,low,customer_risk_model,v1
CUST_003690,26,17856.53,800,79,2,10.1,1,18469.46,self_employed,store,1,0.4697,0,medium,customer_risk_model,v1
CUST_003691,38,10589.54,526,56,8,25.3,3,11326.6,informal,app,1,0.876,1,high,customer_risk_model,v1
CUST_003692,50,4000.0,625,94,5,9.4,1,12448.1,formal,online,1,0.4944,0,medium,customer_risk_model,v1
CUST_003693,28,17044.68,842,56,6,2.5,1,13947.58,formal,app,0,0.4104,0,medium,customer_risk_model,v1
CUST_003694,34,28133.99,687,37,5,0.1,0,6208.42,unemployed,store,1,0.4999,0,medium,customer_risk_model,v1
CUST_003695,38,29722.79,617,39,6,7.0,3,4932.23,informal,online,1,0.6843,1,medium,customer_risk_model,v1
CUST_003696,51,20487.63,636,87,3,0.3,0,10533.8,informal,online,0,0.3399,0,low,customer_risk_model,v1
CUST_003697,34,31734.04,689,17,4,4.5,2,8683.7,informal,call_center,1,0.5562,1,medium,customer_risk_model,v1
CUST_003698,39,17699.41,803,35,8,3.0,1,4979.78,formal,online,1,0.4292,0,medium,customer_risk_model,v1
CUST_003699,33,24673.12,602,38,7,5.6,0,10985.88,informal,store,1,0.5336,1,medium,customer_risk_model,v1
CUST_003700,57,14841.38,582,77,7,9.1,2,1552.64,formal,store,1,0.6431,1,medium,customer_risk_model,v1
CUST_003701,25,14397.81,526,16,4,1.8,0,18099.26,formal,online,1,0.6806,1,medium,customer_risk_model,v1
CUST_003702,29,13257.44,659,54,1,6.2,0,16717.04,self_employed,call_center,1,0.6688,1,medium,customer_risk_model,v1
CUST_003703,30,4000.0,523,81,4,6.9,1,17469.49,formal,store,1,0.7202,1,high,customer_risk_model,v1
CUST_003704,65,27009.65,608,111,8,6.5,1,5290.86,formal,store,1,0.3822,0,low,customer_risk_model,v1
CUST_003705,67,13508.57,568,53,4,8.7,1,4277.26,formal,app,1,0.629,1,medium,customer_risk_model,v1
CUST_003706,44,12389.93,747,117,2,4.1,1,22570.22,self_employed,online,0,0.2577,0,low,customer_risk_model,v1
CUST_003707,26,9740.2,604,73,8,8.9,2,10434.52,formal,store,1,0.6146,1,medium,customer_risk_model,v1
CUST_003708,57,16569.48,686,93,2,0.2,3,16560.95,informal,online,1,0.5679,1,medium,customer_risk_model,v1
CUST_003709,43,30344.45,506,29,5,6.2,2,2780.02,formal,store,1,0.7571,1,high,customer_risk_model,v1
CUST_003710,62,32656.45,662,109,4,3.8,3,9713.26,formal,store,0,0.382,0,low,customer_risk_model,v1
CUST_003711,36,6373.93,542,31,3,2.7,0,21534.44,formal,store,1,0.6916,1,medium,customer_risk_model,v1
CUST_003712,69,15518.86,612,17,4,2.1,3,13069.24,unemployed,store,1,0.7702,1,high,customer_risk_model,v1
CUST_003713,59,10759.5,849,10,5,17.1,0,10001.66,formal,call_center,1,0.5798,1,medium,customer_risk_model,v1
CUST_003714,29,24918.36,734,78,4,8.2,1,16530.97,formal,call_center,1,0.4169,0,medium,customer_risk_model,v1
CUST_003715,55,20006.15,638,75,6,0.1,0,14528.28,formal,online,0,0.3964,0,low,customer_risk_model,v1
CUST_003716,32,13544.01,850,24,4,7.4,1,28676.07,informal,store,1,0.6272,1,medium,customer_risk_model,v1
CUST_003717,36,18508.01,568,105,3,0.5,2,12327.01,formal,online,1,0.6089,1,medium,customer_risk_model,v1
CUST_003718,31,14658.07,755,33,9,2.5,2,17180.31,informal,call_center,0,0.5112,1,medium,customer_risk_model,v1
CUST_003719,53,29299.72,512,73,6,1.9,1,10921.35,formal,app,0,0.4952,0,medium,customer_risk_model,v1
CUST_003720,31,21828.72,628,63,5,5.6,2,4090.3,informal,store,1,0.5514,1,medium,customer_risk_model,v1
CUST_003721,51,22688.76,529,71,9,3.0,2,15374.41,formal,online,1,0.6891,1,medium,customer_risk_model,v1
CUST_003722,48,4000.0,673,89,5,2.3,1,269.45,informal,store,1,0.435,0,medium,customer_risk_model,v1
CUST_003723,57,17532.48,655,111,5,2.2,0,19892.62,formal,online,1,0.482,0,medium,customer_risk_model,v1
CUST_003724,69,32582.48,622,86,3,2.5,2,1466.47,self_employed,store,0,0.4208,0,medium,customer_risk_model,v1
CUST_003725,18,27282.9,748,108,4,0.6,2,4916.42,informal,app,0,0.1948,0,low,customer_risk_model,v1
CUST_003726,69,5070.37,599,104,5,15.7,1,4248.74,formal,online,1,0.5912,1,medium,customer_risk_model,v1
CUST_003727,23,15806.02,679,43,6,1.7,2,16967.2,informal,store,1,0.6029,1,medium,customer_risk_model,v1
CUST_003728,45,9589.36,724,67,9,2.3,2,3043.05,unemployed,online,1,0.5321,1,medium,customer_risk_model,v1
CUST_003729,35,29977.71,517,24,4,0.2,0,16075.28,formal,store,1,0.6644,1,medium,customer_risk_model,v1
CUST_003730,51,19709.95,583,111,6,10.7,0,6610.41,formal,call_center,1,0.4861,0,medium,customer_risk_model,v1
CUST_003731,55,12625.43,655,116,6,2.3,1,11063.67,formal,store,0,0.3613,0,low,customer_risk_model,v1
CUST_003732,62,18239.11,707,106,3,3.4,0,7706.35,formal,store,0,0.3058,0,low,customer_risk_model,v1
CUST_003733,38,4000.0,778,89,4,8.4,2,30616.32,informal,app,0,0.4434,0,medium,customer_risk_model,v1
CUST_003734,66,10405.27,631,102,2,17.8,0,0.0,self_employed,app,0,0.4937,0,medium,customer_risk_model,v1
CUST_003735,34,18255.11,622,95,12,7.8,1,15916.7,formal,online,1,0.5158,1,medium,customer_risk_model,v1
CUST_003736,28,23919.73,571,28,10,0.2,0,11923.31,unemployed,app,0,0.5308,1,medium,customer_risk_model,v1
CUST_003737,37,4410.8,680,32,3,8.7,4,5762.21,formal,store,1,0.66,1,medium,customer_risk_model,v1
CUST_003738,45,15331.91,623,64,4,20.5,1,15158.36,self_employed,store,0,0.5395,1,medium,customer_risk_model,v1
CUST_003739,52,25067.8,625,51,9,7.2,0,4316.51,formal,app,1,0.4705,0,medium,customer_risk_model,v1
CUST_003740,61,7839.83,642,88,8,4.3,0,3410.38,self_employed,store,1,0.4086,0,medium,customer_risk_model,v1
CUST_003741,29,19604.28,700,88,4,0.0,3,2827.48,self_employed,call_center,1,0.408,0,medium,customer_risk_model,v1
CUST_003742,33,18461.82,599,117,5,1.6,0,12659.12,formal,call_center,0,0.3918,0,low,customer_risk_model,v1
CUST_003743,66,30000.66,581,94,7,0.0,1,7203.56,formal,store,0,0.2876,0,low,customer_risk_model,v1
CUST_003744,40,16389.05,689,2,13,3.3,0,5065.27,formal,app,1,0.5143,1,medium,customer_risk_model,v1
CUST_003745,30,16798.8,378,41,9,0.1,1,14743.98,formal,app,0,0.6166,1,medium,customer_risk_model,v1
CUST_003746,69,23984.72,596,39,9,1.4,2,20626.36,unemployed,store,1,0.7488,1,high,customer_risk_model,v1
CUST_003747,41,8715.56,546,76,12,5.0,2,649.44,informal,store,1,0.6627,1,medium,customer_risk_model,v1
CUST_003748,69,16453.82,758,41,5,10.2,1,14647.34,informal,call_center,1,0.5822,1,medium,customer_risk_model,v1
CUST_003749,65,14809.92,610,117,4,12.2,2,16190.12,informal,store,1,0.715,1,high,customer_risk_model,v1
CUST_003750,65,17027.62,600,35,3,5.2,0,22189.75,formal,store,1,0.687,1,medium,customer_risk_model,v1
CUST_003751,48,23938.85,646,53,5,5.2,2,9684.44,informal,store,1,0.5325,1,medium,customer_risk_model,v1
CUST_003752,59,21879.13,596,98,5,4.6,1,24358.12,formal,store,0,0.4311,0,medium,customer_risk_model,v1
CUST_003753,67,12759.22,614,44,10,0.1,1,16669.96,informal,store,1,0.6555,1,medium,customer_risk_model,v1
CUST_003754,31,18956.89,659,6,4,9.7,1,0.0,informal,store,0,0.5825,1,medium,customer_risk_model,v1
CUST_003755,19,28433.09,612,40,8,6.7,0,14402.4,informal,app,1,0.5565,1,medium,customer_risk_model,v1
CUST_003756,34,12180.44,611,43,5,0.6,2,11860.09,formal,call_center,1,0.6408,1,medium,customer_risk_model,v1
CUST_003757,51,19016.17,559,73,6,1.6,1,19872.45,informal,store,1,0.6581,1,medium,customer_risk_model,v1
CUST_003758,46,16647.88,546,85,3,2.4,2,21438.38,formal,app,1,0.6407,1,medium,customer_risk_model,v1
CUST_003759,22,17558.96,655,66,5,0.3,0,4227.1,formal,online,0,0.4423,0,medium,customer_risk_model,v1
CUST_003760,47,6585.4,678,49,6,0.2,1,19250.15,informal,app,1,0.5954,1,medium,customer_risk_model,v1
CUST_003761,27,27875.34,521,60,8,9.9,0,10966.54,formal,store,0,0.5473,1,medium,customer_risk_model,v1
CUST_003762,44,12579.54,718,18,8,2.9,0,6326.75,formal,store,1,0.4245,0,medium,customer_risk_model,v1
CUST_003763,47,25182.5,719,22,5,13.4,1,23591.24,self_employed,store,0,0.4625,0,medium,customer_risk_model,v1
CUST_003764,51,13650.36,738,73,5,2.3,0,8191.79,formal,online,0,0.3453,0,low,customer_risk_model,v1
CUST_003765,39,13621.47,677,103,8,2.2,0,12257.38,formal,store,1,0.3678,0,low,customer_risk_model,v1
CUST_003766,39,26491.86,707,63,6,1.4,3,11402.44,formal,store,0,0.3358,0,low,customer_risk_model,v1
CUST_003767,53,24957.19,847,8,4,1.9,0,16117.84,formal,store,0,0.4139,0,medium,customer_risk_model,v1
CUST_003768,56,19460.66,623,117,6,2.0,0,22556.95,formal,app,1,0.4948,0,medium,customer_risk_model,v1
CUST_003769,60,23328.05,556,39,4,1.6,1,24875.64,formal,online,1,0.7157,1,high,customer_risk_model,v1
CUST_003770,35,15980.13,512,90,8,2.9,2,19238.65,formal,store,0,0.615,1,medium,customer_risk_model,v1
CUST_003771,40,17941.43,808,107,6,10.8,1,0.0,formal,store,1,0.3916,0,low,customer_risk_model,v1
CUST_003772,35,13368.63,809,118,6,1.8,1,23658.99,formal,store,0,0.244,0,low,customer_risk_model,v1
CUST_003773,45,24328.45,567,14,2,0.4,0,16806.02,self_employed,store,0,0.5628,1,medium,customer_risk_model,v1
CUST_003774,24,13146.11,585,23,5,1.0,0,20778.72,formal,store,1,0.7078,1,high,customer_risk_model,v1
CUST_003775,40,28396.09,621,77,9,2.5,3,9589.46,formal,store,0,0.4087,0,medium,customer_risk_model,v1
CUST_003776,27,15789.16,760,91,5,4.8,1,11900.53,informal,call_center,1,0.334,0,low,customer_risk_model,v1
CUST_003777,45,18143.56,534,100,9,9.5,1,19598.74,formal,store,1,0.7128,1,high,customer_risk_model,v1
CUST_003778,62,23311.1,473,66,9,0.6,2,28092.41,formal,app,0,0.6233,1,medium,customer_risk_model,v1
CUST_003779,69,18167.05,845,19,5,3.6,1,13548.88,formal,online,1,0.5127,1,medium,customer_risk_model,v1
CUST_003780,41,15914.64,678,85,3,3.8,1,2015.63,self_employed,store,0,0.3725,0,low,customer_risk_model,v1
CUST_003781,20,17789.84,691,80,10,3.1,3,16774.02,formal,store,0,0.4023,0,medium,customer_risk_model,v1
CUST_003782,29,24256.73,632,56,7,18.7,4,10508.24,formal,store,1,0.6309,1,medium,customer_risk_model,v1
CUST_003783,23,13360.03,692,76,4,1.5,2,3553.76,formal,store,0,0.3535,0,low,customer_risk_model,v1
CUST_003784,57,17116.34,514,26,4,0.8,3,10944.52,formal,app,1,0.7791,1,high,customer_risk_model,v1
CUST_003785,69,18072.01,574,97,6,0.3,2,15816.76,formal,call_center,1,0.6728,1,medium,customer_risk_model,v1
CUST_003786,46,24052.1,659,6,8,5.8,5,20422.18,informal,call_center,1,0.7761,1,high,customer_risk_model,v1
CUST_003787,27,17301.08,446,100,10,3.6,0,8136.04,informal,store,1,0.6154,1,medium,customer_risk_model,v1
CUST_003788,19,30658.09,623,100,5,0.1,1,8479.0,informal,store,0,0.3138,0,low,customer_risk_model,v1
CUST_003789,68,16904.23,617,82,11,3.8,1,11186.76,formal,app,0,0.3951,0,low,customer_risk_model,v1
CUST_003790,34,16336.21,623,97,5,3.0,4,26048.22,formal,store,0,0.5903,1,medium,customer_risk_model,v1
CUST_003791,23,16802.78,600,109,8,0.9,2,22737.49,formal,store,1,0.5382,1,medium,customer_risk_model,v1
CUST_003792,27,8783.51,560,20,3,3.8,1,16516.42,self_employed,store,0,0.6805,1,medium,customer_risk_model,v1
CUST_003793,31,10742.91,486,65,6,1.7,1,16215.06,formal,store,1,0.6998,1,medium,customer_risk_model,v1
CUST_003794,52,14285.33,663,77,8,0.4,0,9480.68,self_employed,store,0,0.3986,0,low,customer_risk_model,v1
CUST_003795,64,25950.81,623,113,3,31.7,1,18177.64,unemployed,store,1,0.6664,1,medium,customer_risk_model,v1
CUST_003796,32,17768.12,526,88,6,3.6,1,4050.16,formal,online,1,0.6344,1,medium,customer_risk_model,v1
CUST_003797,53,14607.49,656,71,5,0.6,1,15833.33,self_employed,online,1,0.5347,1,medium,customer_risk_model,v1
CUST_003798,21,26585.74,623,67,6,1.1,3,0.0,self_employed,store,0,0.4095,0,medium,customer_risk_model,v1
CUST_003799,18,28858.24,609,18,5,1.2,1,0.0,informal,store,1,0.5791,1,medium,customer_risk_model,v1
CUST_003800,20,26787.68,456,38,5,1.8,2,0.0,self_employed,store,1,0.6838,1,medium,customer_risk_model,v1
CUST_003801,66,12028.37,711,52,5,14.3,0,27054.93,formal,store,1,0.7284,1,high,customer_risk_model,v1
CUST_003802,48,14533.26,539,105,10,0.1,0,10733.99,informal,online,0,0.5303,1,medium,customer_risk_model,v1
CUST_003803,59,30696.15,656,103,9,2.6,1,1179.5,formal,store,1,0.3091,0,low,customer_risk_model,v1
CUST_003804,19,19687.98,577,77,5,4.5,1,31499.03,unemployed,store,0,0.5398,1,medium,customer_risk_model,v1
CUST_003805,19,16126.61,615,13,7,1.5,3,5798.99,formal,online,1,0.74,1,high,customer_risk_model,v1
CUST_003806,62,23028.44,754,86,8,1.2,2,16207.65,formal,store,0,0.2817,0,low,customer_risk_model,v1
CUST_003807,23,25051.09,698,55,5,0.9,1,5733.47,informal,store,1,0.394,0,low,customer_risk_model,v1
CUST_003808,26,13999.85,752,78,3,1.4,1,18350.47,informal,store,0,0.3194,0,low,customer_risk_model,v1
CUST_003809,44,19536.08,680,52,3,0.6,4,11880.59,self_employed,store,1,0.599,1,medium,customer_risk_model,v1
CUST_003810,49,24485.92,686,86,9,0.3,1,6025.45,formal,store,0,0.2511,0,low,customer_risk_model,v1
CUST_003811,29,9877.99,490,26,2,1.6,0,1314.42,informal,call_center,1,0.6589,1,medium,customer_risk_model,v1
CUST_003812,41,18086.42,621,18,11,2.4,3,6325.33,formal,online,1,0.7385,1,high,customer_risk_model,v1
CUST_003813,53,10199.27,630,27,8,4.3,0,3959.73,informal,store,1,0.53,1,medium,customer_risk_model,v1
CUST_003814,41,11114.94,760,110,11,6.9,1,0.0,formal,online,0,0.3069,0,low,customer_risk_model,v1
CUST_003815,37,14058.3,604,9,3,0.2,1,17874.96,formal,call_center,1,0.7108,1,high,customer_risk_model,v1
CUST_003816,21,21339.84,674,35,7,4.6,1,20929.78,formal,store,0,0.4335,0,medium,customer_risk_model,v1
CUST_003817,41,15745.84,670,41,5,10.1,0,6554.03,formal,store,0,0.4728,0,medium,customer_risk_model,v1
CUST_003818,59,13461.07,754,100,7,2.6,2,0.0,informal,store,0,0.2551,0,low,customer_risk_model,v1
CUST_003819,50,18360.88,638,43,4,1.1,2,14904.38,formal,online,0,0.5855,1,medium,customer_risk_model,v1
CUST_003820,64,9971.26,725,107,7,2.3,2,13241.94,self_employed,store,0,0.2742,0,low,customer_risk_model,v1
CUST_003821,24,21001.62,497,118,6,21.6,0,3996.69,formal,store,1,0.6061,1,medium,customer_risk_model,v1
CUST_003822,18,25919.71,505,78,9,2.7,0,11526.16,formal,online,1,0.5571,1,medium,customer_risk_model,v1
CUST_003823,46,17445.57,444,41,4,1.6,1,0.0,self_employed,store,1,0.6448,1,medium,customer_risk_model,v1
CUST_003824,27,16581.46,721,72,11,0.7,3,12066.13,formal,online,1,0.4992,0,medium,customer_risk_model,v1
CUST_003825,48,20614.08,711,80,4,4.0,0,10775.9,formal,online,1,0.3214,0,low,customer_risk_model,v1
CUST_003826,65,4000.0,731,13,4,2.2,0,22635.31,formal,app,1,0.6151,1,medium,customer_risk_model,v1
CUST_003827,35,21757.72,589,100,5,9.5,1,14031.08,formal,app,0,0.3951,0,low,customer_risk_model,v1
CUST_003828,46,39713.2,599,52,7,6.9,1,12726.92,formal,call_center,0,0.4612,0,medium,customer_risk_model,v1
CUST_003829,53,17141.27,639,101,12,13.8,1,27713.07,self_employed,online,1,0.7108,1,high,customer_risk_model,v1
CUST_003830,25,17166.12,780,73,6,0.1,1,5650.97,formal,app,0,0.3195,0,low,customer_risk_model,v1
CUST_003831,64,23205.25,802,103,6,25.7,7,32.5,formal,call_center,1,0.5128,1,medium,customer_risk_model,v1
CUST_003832,28,29517.33,721,10,6,2.4,1,19303.61,informal,store,0,0.4352,0,medium,customer_risk_model,v1
CUST_003833,60,24824.77,680,6,7,15.4,2,20362.65,self_employed,store,1,0.738,1,high,customer_risk_model,v1
CUST_003834,52,4000.0,770,14,7,1.1,1,20553.48,self_employed,app,0,0.4914,0,medium,customer_risk_model,v1
CUST_003835,25,21943.79,627,105,5,1.3,3,10136.69,formal,store,1,0.4982,0,medium,customer_risk_model,v1
CUST_003836,55,36003.51,615,119,5,1.0,0,6311.04,self_employed,store,1,0.3483,0,low,customer_risk_model,v1
CUST_003837,28,22357.09,638,119,6,2.4,2,2055.14,formal,app,0,0.4327,0,medium,customer_risk_model,v1
CUST_003838,49,9917.79,562,40,7,5.8,1,4900.93,formal,store,0,0.5648,1,medium,customer_risk_model,v1
CUST_003839,67,19972.81,634,32,10,5.4,0,0.0,formal,store,1,0.5322,1,medium,customer_risk_model,v1
CUST_003840,67,9035.19,549,42,6,5.3,1,8481.48,informal,app,1,0.6719,1,medium,customer_risk_model,v1
CUST_003841,63,26629.63,742,98,5,1.8,2,25273.83,formal,store,1,0.4027,0,medium,customer_risk_model,v1
CUST_003842,43,11308.82,699,30,6,7.6,0,7641.96,informal,store,0,0.4261,0,medium,customer_risk_model,v1
CUST_003843,47,18519.71,779,66,6,3.3,1,13027.29,formal,store,0,0.3292,0,low,customer_risk_model,v1
CUST_003844,33,11995.54,503,77,6,2.3,1,16377.27,formal,store,1,0.6616,1,medium,customer_risk_model,v1
CUST_003845,65,14174.86,821,44,5,2.9,0,9112.17,self_employed,app,0,0.3189,0,low,customer_risk_model,v1
CUST_003846,42,28403.05,508,57,7,0.3,0,9050.15,formal,app,0,0.5384,1,medium,customer_risk_model,v1
CUST_003847,58,18724.2,542,80,5,8.1,0,22287.19,informal,store,1,0.7653,1,high,customer_risk_model,v1
CUST_003848,36,14085.58,594,95,6,10.8,0,13491.38,formal,store,0,0.426,0,medium,customer_risk_model,v1
CUST_003849,56,9983.4,768,23,6,5.9,3,21033.9,formal,online,1,0.6536,1,medium,customer_risk_model,v1
CUST_003850,29,4898.09,670,61,3,1.1,0,31102.48,formal,store,1,0.6088,1,medium,customer_risk_model,v1
CUST_003851,56,9241.04,628,19,12,0.7,1,5040.79,informal,app,1,0.5474,1,medium,customer_risk_model,v1
CUST_003852,20,18783.71,579,2,8,8.0,3,10755.23,formal,call_center,1,0.7964,1,high,customer_risk_model,v1
CUST_003853,23,24861.64,526,77,8,0.0,0,10663.82,informal,store,1,0.599,1,medium,customer_risk_model,v1
CUST_003854,36,14077.54,752,58,6,3.3,0,8035.44,formal,store,1,0.3714,0,low,customer_risk_model,v1
CUST_003855,43,28993.81,722,31,7,14.3,1,8547.85,formal,store,1,0.4897,0,medium,customer_risk_model,v1
CUST_003856,54,12977.5,772,7,6,9.7,1,23223.21,informal,store,1,0.6223,1,medium,customer_risk_model,v1
CUST_003857,36,16333.92,686,113,5,1.2,0,12793.98,formal,online,0,0.3543,0,low,customer_risk_model,v1
CUST_003858,18,10442.96,412,99,8,1.2,4,31915.69,self_employed,store,1,0.6857,1,medium,customer_risk_model,v1
CUST_003859,34,24935.33,538,112,5,3.9,2,8749.41,informal,store,1,0.6248,1,medium,customer_risk_model,v1
CUST_003860,40,32682.57,692,14,5,1.3,2,24048.64,formal,store,1,0.5726,1,medium,customer_risk_model,v1
CUST_003861,46,5667.28,617,2,10,0.2,3,26071.6,formal,online,1,0.7533,1,high,customer_risk_model,v1
CUST_003862,51,15576.87,600,26,7,1.5,2,11336.3,informal,store,0,0.5757,1,medium,customer_risk_model,v1
CUST_003863,30,26853.46,551,12,8,0.2,1,15577.75,formal,store,1,0.6571,1,medium,customer_risk_model,v1
CUST_003864,49,7871.38,735,55,6,1.8,0,19062.7,formal,app,1,0.5262,1,medium,customer_risk_model,v1
CUST_003865,50,21966.79,691,77,8,6.5,1,7544.75,informal,store,0,0.2724,0,low,customer_risk_model,v1
CUST_003866,58,26550.31,695,24,4,1.9,2,25309.71,informal,store,1,0.5351,1,medium,customer_risk_model,v1
CUST_003867,45,18547.6,593,48,2,9.7,0,5509.2,formal,store,1,0.5679,1,medium,customer_risk_model,v1
CUST_003868,60,21851.84,666,65,3,3.5,1,7834.73,informal,store,1,0.4193,0,medium,customer_risk_model,v1
CUST_003869,29,30326.32,530,38,4,4.2,3,7922.74,formal,call_center,1,0.7567,1,high,customer_risk_model,v1
CUST_003870,55,31638.99,638,55,4,0.1,2,13802.03,informal,store,0,0.4735,0,medium,customer_risk_model,v1
CUST_003871,20,17566.23,422,71,3,0.0,4,14622.67,formal,store,1,0.6973,1,medium,customer_risk_model,v1
CUST_003872,23,14273.36,509,114,2,0.2,3,6908.74,informal,store,1,0.6482,1,medium,customer_risk_model,v1
CUST_003873,62,11560.14,621,37,4,9.9,4,11094.77,formal,store,1,0.736,1,high,customer_risk_model,v1
CUST_003874,42,24838.75,850,11,7,10.9,1,3084.06,formal,store,0,0.443,0,medium,customer_risk_model,v1
CUST_003875,50,8397.57,488,104,10,16.8,1,21316.31,formal,store,1,0.8033,1,high,customer_risk_model,v1
CUST_003876,49,16231.98,538,69,3,26.1,0,17559.99,self_employed,store,0,0.7755,1,high,customer_risk_model,v1
CUST_003877,54,18718.83,670,57,3,3.9,1,9221.82,self_employed,store,1,0.4368,0,medium,customer_risk_model,v1
CUST_003878,30,14478.98,809,86,5,1.5,0,10462.28,formal,store,0,0.2708,0,low,customer_risk_model,v1
CUST_003879,27,19958.74,668,117,9,7.8,0,6694.96,informal,store,0,0.379,0,low,customer_risk_model,v1
CUST_003880,20,35951.59,713,16,10,2.5,0,4565.8,self_employed,online,0,0.2954,0,low,customer_risk_model,v1
CUST_003881,62,17148.81,620,103,9,1.4,1,3353.41,formal,store,0,0.3427,0,low,customer_risk_model,v1
CUST_003882,29,14952.16,604,76,3,0.2,0,4593.03,formal,store,1,0.4899,0,medium,customer_risk_model,v1
CUST_003883,47,25107.32,657,70,5,1.0,1,19668.04,formal,app,0,0.4501,0,medium,customer_risk_model,v1
CUST_003884,41,19677.09,591,103,7,3.3,0,20286.05,formal,call_center,0,0.4577,0,medium,customer_risk_model,v1
CUST_003885,26,28075.35,715,37,7,2.0,0,1044.38,formal,app,0,0.2931,0,low,customer_risk_model,v1
CUST_003886,39,19152.81,505,94,3,8.9,0,17589.35,self_employed,store,1,0.7257,1,high,customer_risk_model,v1
CUST_003887,22,16261.04,730,68,4,6.2,2,2232.18,informal,store,0,0.3456,0,low,customer_risk_model,v1
CUST_003888,27,5513.93,654,112,1,1.3,1,18116.22,informal,online,0,0.4209,0,medium,customer_risk_model,v1
CUST_003889,25,6661.86,631,56,9,4.7,2,12672.54,informal,app,0,0.575,1,medium,customer_risk_model,v1
CUST_003890,60,5150.11,502,86,8,3.6,1,7833.61,formal,app,1,0.6225,1,medium,customer_risk_model,v1
CUST_003891,47,20655.37,562,60,3,4.8,0,15566.87,informal,store,1,0.5677,1,medium,customer_risk_model,v1
CUST_003892,66,8464.25,758,47,7,1.4,1,22788.94,informal,app,0,0.4538,0,medium,customer_risk_model,v1
CUST_003893,40,26789.04,631,45,5,0.9,3,0.0,formal,store,1,0.549,1,medium,customer_risk_model,v1
CUST_003894,28,18211.73,675,110,2,5.8,0,21103.64,formal,store,0,0.3775,0,low,customer_risk_model,v1
CUST_003895,49,16290.69,571,100,3,3.1,3,5637.26,formal,call_center,1,0.6658,1,medium,customer_risk_model,v1
CUST_003896,66,12093.01,647,27,5,1.5,0,23389.17,informal,call_center,1,0.697,1,medium,customer_risk_model,v1
CUST_003897,45,22355.81,527,104,6,5.6,1,18932.54,informal,online,1,0.6395,1,medium,customer_risk_model,v1
CUST_003898,18,12368.52,659,70,1,7.2,1,3029.39,formal,store,1,0.5094,1,medium,customer_risk_model,v1
CUST_003899,33,11102.35,683,13,13,7.4,0,7343.57,formal,store,1,0.5571,1,medium,customer_risk_model,v1
CUST_003900,66,26318.45,679,92,3,6.0,1,15843.07,informal,store,0,0.3616,0,low,customer_risk_model,v1
CUST_003901,44,20482.35,569,20,10,1.5,0,19575.12,formal,store,0,0.5722,1,medium,customer_risk_model,v1
CUST_003902,67,16355.49,619,104,9,1.0,0,15808.81,informal,store,0,0.4075,0,medium,customer_risk_model,v1
CUST_003903,44,22490.03,698,55,9,13.7,1,15120.53,informal,store,1,0.5371,1,medium,customer_risk_model,v1
CUST_003904,18,18062.52,631,110,10,1.1,2,6889.55,self_employed,store,1,0.4565,0,medium,customer_risk_model,v1
CUST_003905,63,20681.09,624,58,3,4.1,0,12270.42,formal,app,0,0.4109,0,medium,customer_risk_model,v1
CUST_003906,57,12282.06,821,11,6,0.9,1,11413.07,informal,store,0,0.3522,0,low,customer_risk_model,v1
CUST_003907,55,32492.79,564,92,4,6.2,3,0.0,informal,store,0,0.479,0,medium,customer_risk_model,v1
CUST_003908,68,13942.66,747,87,3,18.9,0,14684.1,formal,store,0,0.4683,0,medium,customer_risk_model,v1
CUST_003909,28,28892.11,546,36,7,2.3,0,9063.94,informal,app,1,0.6319,1,medium,customer_risk_model,v1
CUST_003910,65,16677.92,709,25,4,0.3,1,23007.34,formal,store,0,0.5407,1,medium,customer_risk_model,v1
CUST_003911,30,23649.68,714,103,3,9.2,2,21358.0,informal,online,1,0.4796,0,medium,customer_risk_model,v1
CUST_003912,68,23139.56,604,93,3,2.6,3,13474.11,informal,online,1,0.6751,1,medium,customer_risk_model,v1
CUST_003913,27,26027.96,540,36,8,9.7,1,20833.68,self_employed,store,1,0.7445,1,high,customer_risk_model,v1
CUST_003914,46,12115.63,473,84,5,5.9,2,16921.99,unemployed,online,1,0.6973,1,medium,customer_risk_model,v1
CUST_003915,59,25529.45,595,29,7,9.2,3,11821.0,unemployed,store,1,0.7434,1,high,customer_risk_model,v1
CUST_003916,22,30925.08,697,22,8,0.5,1,674.02,informal,online,1,0.4126,0,medium,customer_risk_model,v1
CUST_003917,21,16189.15,553,80,7,1.8,1,10723.57,informal,call_center,0,0.4995,0,medium,customer_risk_model,v1
CUST_003918,62,18242.94,659,100,12,5.9,0,9329.76,informal,store,1,0.3781,0,low,customer_risk_model,v1
CUST_003919,21,14335.87,517,110,3,14.2,1,11115.15,informal,store,1,0.6887,1,medium,customer_risk_model,v1
CUST_003920,49,15574.95,629,55,5,6.1,1,10169.3,self_employed,call_center,0,0.4998,0,medium,customer_risk_model,v1
CUST_003921,66,29979.96,547,18,1,12.2,1,20827.16,formal,call_center,1,0.7956,1,high,customer_risk_model,v1
CUST_003922,49,10970.36,643,65,9,2.0,2,21711.68,informal,store,0,0.5724,1,medium,customer_risk_model,v1
CUST_003923,43,11405.17,605,82,10,5.4,0,8094.92,formal,store,0,0.4016,0,medium,customer_risk_model,v1
CUST_003924,39,29276.31,543,116,8,7.6,3,1403.84,formal,online,1,0.6678,1,medium,customer_risk_model,v1
CUST_003925,51,22371.84,591,14,5,0.2,3,4234.35,informal,store,1,0.737,1,high,customer_risk_model,v1
CUST_003926,47,32842.59,566,79,6,2.4,4,21933.46,informal,store,0,0.5489,1,medium,customer_risk_model,v1
CUST_003927,44,14846.93,532,61,7,1.2,0,19655.87,formal,online,1,0.6645,1,medium,customer_risk_model,v1
CUST_003928,25,18883.97,747,71,4,2.7,0,2883.27,formal,store,0,0.2807,0,low,customer_risk_model,v1
CUST_003929,52,13375.26,618,12,4,3.4,1,265.39,formal,app,0,0.5287,1,medium,customer_risk_model,v1
CUST_003930,56,19003.11,452,2,12,2.3,2,7269.98,informal,online,1,0.7493,1,high,customer_risk_model,v1
CUST_003931,54,5581.32,594,73,10,3.7,2,26366.49,formal,store,1,0.6441,1,medium,customer_risk_model,v1
CUST_003932,21,22794.68,732,24,5,3.7,0,15353.74,informal,store,1,0.348,0,low,customer_risk_model,v1
CUST_003933,54,20264.32,581,74,5,10.1,2,10109.03,formal,store,1,0.6617,1,medium,customer_risk_model,v1
CUST_003934,55,17597.12,785,4,6,11.5,1,10994.63,informal,store,0,0.4668,0,medium,customer_risk_model,v1
CUST_003935,27,15267.45,573,96,7,2.1,2,0.0,formal,store,1,0.5308,1,medium,customer_risk_model,v1
CUST_003936,62,11736.72,695,40,5,0.9,0,9664.78,formal,app,1,0.4154,0,medium,customer_risk_model,v1
CUST_003937,45,23093.99,743,54,6,9.8,1,21921.39,formal,store,0,0.4001,0,medium,customer_risk_model,v1
CUST_003938,42,9802.37,691,41,9,0.5,1,8845.09,informal,store,0,0.3916,0,low,customer_risk_model,v1
CUST_003939,55,21583.27,526,50,3,4.4,2,10046.99,self_employed,online,1,0.7216,1,high,customer_risk_model,v1
CUST_003940,44,32521.16,565,64,4,2.7,5,14632.89,informal,store,1,0.5839,1,medium,customer_risk_model,v1
CUST_003941,46,28398.65,755,77,6,8.7,1,3007.41,self_employed,store,0,0.2674,0,low,customer_risk_model,v1
CUST_003942,34,7464.1,578,83,12,4.0,0,14663.56,informal,call_center,0,0.4258,0,medium,customer_risk_model,v1
CUST_003943,66,14242.83,738,118,6,5.2,1,5377.75,formal,online,1,0.3141,0,low,customer_risk_model,v1
CUST_003944,68,20950.16,611,22,3,3.4,1,8005.66,formal,store,1,0.4976,0,medium,customer_risk_model,v1
CUST_003945,24,17508.03,663,104,2,1.9,0,8974.09,informal,store,0,0.367,0,low,customer_risk_model,v1
CUST_003946,56,8204.16,525,72,8,1.1,0,8979.57,formal,store,1,0.615,1,medium,customer_risk_model,v1
CUST_003947,19,20697.21,595,37,7,3.5,5,12817.11,self_employed,app,1,0.7291,1,high,customer_risk_model,v1
CUST_003948,37,17929.88,571,110,8,7.8,2,11411.06,formal,app,0,0.5403,1,medium,customer_risk_model,v1
CUST_003949,68,31400.28,670,85,8,9.0,0,10544.42,formal,online,0,0.3043,0,low,customer_risk_model,v1
CUST_003950,27,16227.4,658,23,4,19.3,0,12975.14,formal,app,1,0.5874,1,medium,customer_risk_model,v1
CUST_003951,37,26176.02,692,21,7,1.8,1,4738.09,formal,store,0,0.3303,0,low,customer_risk_model,v1
CUST_003952,29,9130.38,606,79,4,4.3,0,0.0,formal,app,1,0.4983,0,medium,customer_risk_model,v1
CUST_003953,55,10803.93,566,87,6,1.4,1,11931.01,formal,app,0,0.461,0,medium,customer_risk_model,v1
CUST_003954,42,23051.63,666,6,6,3.8,1,6499.62,informal,online,1,0.5242,1,medium,customer_risk_model,v1
CUST_003955,48,25586.12,557,75,5,22.4,1,15637.06,formal,store,1,0.6656,1,medium,customer_risk_model,v1
CUST_003956,67,11298.25,747,64,3,2.9,1,7584.42,formal,online,1,0.3839,0,low,customer_risk_model,v1
CUST_003957,45,18168.54,640,116,3,0.6,3,0.0,informal,app,1,0.557,1,medium,customer_risk_model,v1
CUST_003958,56,8328.95,621,89,3,7.4,2,11041.13,self_employed,store,1,0.5008,1,medium,customer_risk_model,v1
CUST_003959,23,16731.46,692,109,7,15.1,0,20412.37,formal,online,1,0.5609,1,medium,customer_risk_model,v1
CUST_003960,29,23858.46,643,5,8,0.9,2,14502.73,formal,store,1,0.6171,1,medium,customer_risk_model,v1
CUST_003961,67,14955.29,501,91,4,9.2,0,635.37,formal,store,1,0.675,1,medium,customer_risk_model,v1
CUST_003962,62,16256.76,554,40,5,2.8,2,6996.72,self_employed,app,0,0.6063,1,medium,customer_risk_model,v1
CUST_003963,52,10091.43,745,66,7,2.5,3,8026.49,formal,store,0,0.3568,0,low,customer_risk_model,v1
CUST_003964,37,13461.49,658,105,11,2.7,2,10528.81,informal,call_center,1,0.4436,0,medium,customer_risk_model,v1
CUST_003965,28,30306.78,499,104,7,1.9,0,7304.05,formal,store,0,0.471,0,medium,customer_risk_model,v1
CUST_003966,62,18510.47,682,27,3,1.3,0,0.0,self_employed,app,0,0.3788,0,low,customer_risk_model,v1
CUST_003967,58,10983.85,600,29,7,3.9,0,10899.96,formal,store,1,0.5177,1,medium,customer_risk_model,v1
CUST_003968,30,15796.6,571,87,7,0.1,1,23458.64,self_employed,store,0,0.4529,0,medium,customer_risk_model,v1
CUST_003969,48,6818.01,547,105,4,2.1,2,6772.22,formal,store,1,0.6153,1,medium,customer_risk_model,v1
CUST_003970,50,10900.88,740,73,6,2.1,1,2051.27,informal,store,0,0.3283,0,low,customer_risk_model,v1
CUST_003971,42,27522.38,473,7,8,0.7,1,23396.81,formal,online,1,0.6901,1,medium,customer_risk_model,v1
CUST_003972,66,17002.62,575,20,6,4.3,2,27367.48,formal,online,1,0.7892,1,high,customer_risk_model,v1
CUST_003973,24,31235.11,661,90,6,1.5,0,8738.04,formal,app,0,0.2891,0,low,customer_risk_model,v1
CUST_003974,31,17332.57,792,89,4,8.1,2,13901.4,formal,app,1,0.3502,0,low,customer_risk_model,v1
CUST_003975,22,17748.15,700,107,3,1.5,4,13765.91,formal,store,1,0.3713,0,low,customer_risk_model,v1
CUST_003976,54,22486.26,574,64,5,1.5,2,19110.33,formal,app,1,0.6723,1,medium,customer_risk_model,v1
CUST_003977,51,4000.0,788,51,5,0.5,2,3063.96,formal,call_center,1,0.5087,1,medium,customer_risk_model,v1
CUST_003978,69,19434.58,528,14,4,3.7,0,11761.06,informal,store,1,0.723,1,high,customer_risk_model,v1
CUST_003979,46,17657.09,674,94,9,4.4,2,3280.1,formal,store,0,0.3585,0,low,customer_risk_model,v1
CUST_003980,25,28402.27,694,113,5,7.3,1,14762.52,self_employed,store,0,0.2674,0,low,customer_risk_model,v1
CUST_003981,41,24752.76,571,6,4,1.5,0,24104.25,formal,call_center,1,0.7056,1,high,customer_risk_model,v1
CUST_003982,22,10064.16,713,59,4,6.7,1,14666.64,unemployed,call_center,1,0.5636,1,medium,customer_risk_model,v1
CUST_003983,52,26694.97,604,43,2,5.9,0,5200.43,formal,online,0,0.4398,0,medium,customer_risk_model,v1
CUST_003984,53,16163.8,713,89,4,0.3,2,19965.55,informal,store,1,0.3976,0,low,customer_risk_model,v1
CUST_003985,62,11668.83,484,91,6,3.6,0,7111.5,informal,store,0,0.5544,1,medium,customer_risk_model,v1
CUST_003986,35,19379.72,680,26,7,0.3,0,15787.63,formal,app,1,0.5475,1,medium,customer_risk_model,v1
CUST_003987,34,16580.61,613,114,9,0.5,1,5788.48,formal,store,1,0.3999,0,low,customer_risk_model,v1
CUST_003988,21,28769.26,753,17,6,0.6,0,1371.77,formal,store,0,0.2753,0,low,customer_risk_model,v1
CUST_003989,39,20384.35,646,93,6,0.6,2,5921.96,self_employed,store,0,0.3873,0,low,customer_risk_model,v1
CUST_003990,42,19439.61,762,89,5,3.0,2,0.0,self_employed,app,0,0.2486,0,low,customer_risk_model,v1
CUST_003991,57,24304.53,696,20,5,0.6,0,3329.56,formal,online,0,0.3649,0,low,customer_risk_model,v1
CUST_003992,57,25650.1,639,81,2,0.4,0,29130.58,formal,online,1,0.4912,0,medium,customer_risk_model,v1
CUST_003993,25,23485.24,721,33,3,0.4,3,0.0,formal,store,0,0.4666,0,medium,customer_risk_model,v1
CUST_003994,32,27936.24,721,33,4,1.7,1,0.0,formal,store,0,0.3276,0,low,customer_risk_model,v1
CUST_003995,44,22260.78,692,11,5,6.2,1,25933.11,formal,app,0,0.4728,0,medium,customer_risk_model,v1
CUST_003996,35,19173.56,444,89,7,1.0,1,4324.23,informal,store,1,0.645,1,medium,customer_risk_model,v1
CUST_003997,19,26674.2,562,97,5,14.6,2,8773.68,informal,online,0,0.4921,0,medium,customer_risk_model,v1
CUST_003998,61,17363.73,775,61,5,2.9,1,11877.41,formal,store,0,0.3369,0,low,customer_risk_model,v1
CUST_003999,56,18232.73,537,93,12,6.5,2,0.0,formal,store,1,0.6774,1,medium,customer_risk_model,v1
CUST_004000,45,30051.04,729,42,5,3.2,1,20350.05,formal,online,1,0.459,0,medium,customer_risk_model,v1
CUST_004001,34,29353.47,714,68,1,0.8,1,11035.61,informal,store,0,0.3746,0,low,customer_risk_model,v1
CUST_004002,61,17942.77,585,94,11,0.8,2,6920.48,formal,store,0,0.4373,0,medium,customer_risk_model,v1
CUST_004003,19,14825.14,470,52,4,0.9,1,19552.09,formal,online,0,0.6169,1,medium,customer_risk_model,v1
CUST_004004,41,28242.21,599,74,0,4.7,1,1353.77,formal,store,1,0.4421,0,medium,customer_risk_model,v1
CUST_004005,59,23602.93,837,18,10,8.6,0,12307.16,formal,store,0,0.3674,0,low,customer_risk_model,v1
CUST_004006,67,20209.07,572,61,5,4.9,0,3880.82,informal,store,1,0.5613,1,medium,customer_risk_model,v1
CUST_004007,31,15746.89,579,102,6,7.6,0,1955.07,formal,call_center,1,0.4951,0,medium,customer_risk_model,v1
CUST_004008,51,20321.88,560,92,10,6.6,4,28020.13,formal,online,1,0.7751,1,high,customer_risk_model,v1
CUST_004009,27,17848.04,759,36,5,2.5,2,13008.17,informal,online,1,0.48,0,medium,customer_risk_model,v1
CUST_004010,24,13349.63,628,65,4,8.2,2,19580.81,informal,call_center,1,0.6947,1,medium,customer_risk_model,v1
CUST_004011,36,18903.3,594,74,3,7.2,1,7841.07,formal,store,1,0.5388,1,medium,customer_risk_model,v1
CUST_004012,64,19857.97,777,112,2,10.9,1,3767.74,self_employed,store,0,0.3841,0,low,customer_risk_model,v1
CUST_004013,53,15372.23,702,99,5,0.6,1,0.0,informal,app,1,0.3487,0,low,customer_risk_model,v1
CUST_004014,43,24326.78,567,98,4,5.1,1,9464.05,self_employed,call_center,0,0.4388,0,medium,customer_risk_model,v1
CUST_004015,32,27021.83,540,90,7,6.1,0,0.0,self_employed,call_center,1,0.5999,1,medium,customer_risk_model,v1
CUST_004016,25,24789.28,754,43,3,4.8,2,12755.75,informal,store,0,0.3792,0,low,customer_risk_model,v1
CUST_004017,32,16066.26,652,45,9,0.7,1,1658.61,formal,store,0,0.4865,0,medium,customer_risk_model,v1
CUST_004018,25,23290.75,511,56,5,3.8,1,15743.02,informal,store,1,0.6705,1,medium,customer_risk_model,v1
CUST_004019,27,18545.73,490,51,6,6.1,1,28468.24,formal,store,1,0.7124,1,high,customer_risk_model,v1
CUST_004020,53,9349.78,550,114,7,1.5,0,34608.08,formal,store,1,0.6148,1,medium,customer_risk_model,v1
CUST_004021,24,22709.11,538,105,7,0.9,0,14564.56,formal,store,1,0.5703,1,medium,customer_risk_model,v1
CUST_004022,20,19022.92,466,107,4,0.9,1,11909.2,formal,store,1,0.5592,1,medium,customer_risk_model,v1
CUST_004023,46,36154.84,551,73,4,1.6,1,6391.9,formal,store,0,0.4662,0,medium,customer_risk_model,v1
CUST_004024,32,28200.9,567,23,7,12.0,0,5747.65,informal,store,1,0.6812,1,medium,customer_risk_model,v1
CUST_004025,41,22978.05,608,18,5,0.8,2,4651.06,unemployed,store,1,0.6992,1,medium,customer_risk_model,v1
CUST_004026,25,19744.19,802,33,2,6.6,0,23860.38,informal,store,0,0.4095,0,medium,customer_risk_model,v1
CUST_004027,28,19146.06,626,78,4,0.9,2,8864.34,formal,store,1,0.4988,0,medium,customer_risk_model,v1
CUST_004028,40,10974.17,635,44,12,23.4,1,29282.48,self_employed,online,1,0.7683,1,high,customer_risk_model,v1
CUST_004029,53,5827.09,696,78,9,0.5,2,4569.89,unemployed,call_center,0,0.497,0,medium,customer_risk_model,v1
CUST_004030,39,11892.09,629,105,3,4.3,1,10873.14,formal,online,1,0.3967,0,low,customer_risk_model,v1
CUST_004031,46,17665.98,686,40,4,8.8,3,1853.69,self_employed,store,0,0.5235,1,medium,customer_risk_model,v1
CUST_004032,45,4000.0,675,111,5,1.8,1,16258.22,informal,store,1,0.4618,0,medium,customer_risk_model,v1
CUST_004033,31,14189.75,661,61,5,10.2,0,10377.29,formal,app,1,0.4993,0,medium,customer_risk_model,v1
CUST_004034,32,16266.71,850,96,3,1.0,1,11732.32,formal,store,0,0.2614,0,low,customer_risk_model,v1
CUST_004035,40,16492.01,732,8,7,1.3,1,9520.98,informal,online,1,0.4227,0,medium,customer_risk_model,v1
CUST_004036,19,13367.93,553,33,6,0.8,0,16453.16,unemployed,online,1,0.7048,1,high,customer_risk_model,v1
CUST_004037,53,15609.4,683,111,4,1.3,0,17363.78,formal,store,1,0.446,0,medium,customer_risk_model,v1
CUST_004038,49,30067.26,579,106,9,4.7,2,18648.45,self_employed,store,1,0.5625,1,medium,customer_risk_model,v1
CUST_004039,33,22635.02,690,68,6,2.4,3,4474.45,formal,online,1,0.474,0,medium,customer_risk_model,v1
CUST_004040,37,14077.89,526,4,7,10.7,0,14567.75,formal,store,1,0.7965,1,high,customer_risk_model,v1
CUST_004041,35,17521.57,550,8,7,0.3,1,8020.81,informal,store,1,0.6824,1,medium,customer_risk_model,v1
CUST_004042,51,17801.81,681,51,6,7.6,0,22628.81,formal,store,1,0.6057,1,medium,customer_risk_model,v1
CUST_004043,57,12624.31,740,107,6,6.4,0,13978.99,formal,store,1,0.3185,0,low,customer_risk_model,v1
CUST_004044,23,12616.09,695,45,5,0.0,0,14401.85,formal,store,0,0.4794,0,medium,customer_risk_model,v1
CUST_004045,39,25073.67,727,106,3,4.0,1,9785.51,formal,online,0,0.2079,0,low,customer_risk_model,v1
CUST_004046,18,15061.51,684,64,2,6.8,0,5492.14,formal,store,1,0.4759,0,medium,customer_risk_model,v1
CUST_004047,41,10337.13,666,17,11,0.0,2,12587.6,informal,store,1,0.5488,1,medium,customer_risk_model,v1
CUST_004048,30,17698.02,605,67,3,2.1,1,21799.15,formal,store,1,0.5464,1,medium,customer_risk_model,v1
CUST_004049,35,18826.07,723,44,8,1.5,1,5844.34,formal,store,1,0.3847,0,low,customer_risk_model,v1
CUST_004050,41,4191.07,742,27,8,1.6,1,22558.3,formal,store,1,0.5776,1,medium,customer_risk_model,v1
CUST_004051,34,17714.78,644,81,11,1.7,0,16554.94,informal,store,0,0.3784,0,low,customer_risk_model,v1
CUST_004052,38,24075.86,639,25,2,3.5,2,0.0,self_employed,store,0,0.5552,1,medium,customer_risk_model,v1
CUST_004053,57,21158.61,793,108,7,2.3,0,4675.06,informal,store,0,0.1606,0,low,customer_risk_model,v1
CUST_004054,60,33608.57,648,96,4,16.0,3,30307.09,formal,store,1,0.6718,1,medium,customer_risk_model,v1
CUST_004055,18,26757.77,657,94,8,0.3,3,11029.02,formal,online,0,0.3514,0,low,customer_risk_model,v1
CUST_004056,37,28142.54,694,10,7,0.9,0,4767.9,informal,store,0,0.3325,0,low,customer_risk_model,v1
CUST_004057,62,37600.6,641,115,3,12.7,1,5023.17,formal,store,1,0.4956,0,medium,customer_risk_model,v1
CUST_004058,45,23307.09,576,59,11,12.3,1,10911.64,formal,store,1,0.6448,1,medium,customer_risk_model,v1
CUST_004059,28,19141.49,684,88,2,0.9,0,19345.02,informal,store,1,0.3922,0,low,customer_risk_model,v1
CUST_004060,48,24816.18,647,23,4,5.7,1,9298.51,formal,store,1,0.5182,1,medium,customer_risk_model,v1
CUST_004061,25,14085.34,816,92,7,1.7,3,5795.82,formal,store,0,0.2897,0,low,customer_risk_model,v1
CUST_004062,19,18753.8,721,39,1,6.0,1,0.0,informal,store,0,0.3433,0,low,customer_risk_model,v1
CUST_004063,50,13465.91,596,85,5,7.9,2,4721.05,formal,app,0,0.4973,0,medium,customer_risk_model,v1
CUST_004064,44,20785.89,716,33,6,1.0,3,6413.85,formal,store,1,0.4772,0,medium,customer_risk_model,v1
CUST_004065,57,13436.64,678,111,7,0.9,4,14571.35,informal,app,1,0.5589,1,medium,customer_risk_model,v1
CUST_004066,35,13191.5,768,85,3,2.6,3,15244.06,formal,store,1,0.3945,0,low,customer_risk_model,v1
CUST_004067,62,20894.31,603,54,3,2.5,1,23510.64,formal,online,1,0.5438,1,medium,customer_risk_model,v1
CUST_004068,39,17036.02,667,55,6,0.1,0,2476.98,formal,store,1,0.4375,0,medium,customer_risk_model,v1
CUST_004069,56,4507.35,641,1,8,9.7,1,13067.89,formal,store,1,0.6247,1,medium,customer_risk_model,v1
CUST_004070,23,7811.1,655,36,7,3.0,1,13284.34,unemployed,call_center,0,0.611,1,medium,customer_risk_model,v1
CUST_004071,23,9969.13,570,94,3,3.4,3,4000.43,formal,app,1,0.6831,1,medium,customer_risk_model,v1
CUST_004072,58,11819.2,702,99,7,2.4,0,19302.91,unemployed,online,0,0.3713,0,low,customer_risk_model,v1
CUST_004073,61,20900.96,688,119,5,3.8,0,25633.87,self_employed,online,0,0.3274,0,low,customer_risk_model,v1
CUST_004074,67,19532.57,766,11,5,3.7,2,12190.79,self_employed,store,1,0.4833,0,medium,customer_risk_model,v1
CUST_004075,34,25456.96,649,30,10,8.1,3,8180.64,formal,store,0,0.553,1,medium,customer_risk_model,v1
CUST_004076,19,23269.61,613,92,6,10.7,2,23951.02,informal,store,0,0.5626,1,medium,customer_risk_model,v1
CUST_004077,68,25503.32,721,44,8,4.6,0,15493.75,informal,online,0,0.3783,0,low,customer_risk_model,v1
CUST_004078,49,22258.77,579,30,4,7.0,2,2279.33,formal,store,0,0.6726,1,medium,customer_risk_model,v1
CUST_004079,30,19467.76,748,34,6,0.2,1,10448.92,formal,call_center,0,0.3521,0,low,customer_risk_model,v1
CUST_004080,57,25695.46,747,110,8,3.5,0,9104.03,unemployed,online,0,0.2484,0,low,customer_risk_model,v1
CUST_004081,65,24435.89,763,103,14,1.7,2,5233.34,formal,store,0,0.2179,0,low,customer_risk_model,v1
CUST_004082,32,20632.67,684,1,9,0.3,2,5606.32,self_employed,store,1,0.5172,1,medium,customer_risk_model,v1
CUST_004083,58,26897.5,606,101,3,7.3,1,6644.58,formal,store,0,0.3612,0,low,customer_risk_model,v1
CUST_004084,58,4000.0,660,67,2,0.4,2,18485.66,formal,store,0,0.5319,1,medium,customer_risk_model,v1
CUST_004085,44,15966.76,684,101,8,0.8,0,9645.1,formal,call_center,1,0.3886,0,low,customer_risk_model,v1
CUST_004086,50,15859.47,600,75,8,6.0,3,12688.26,informal,call_center,1,0.7033,1,high,customer_risk_model,v1
CUST_004087,32,26068.78,770,82,6,3.9,0,19740.58,formal,app,0,0.2361,0,low,customer_risk_model,v1
CUST_004088,66,28999.76,702,69,6,15.1,0,9609.38,informal,store,0,0.4323,0,medium,customer_risk_model,v1
CUST_004089,69,7848.74,570,88,4,2.7,0,2378.63,informal,call_center,1,0.4728,0,medium,customer_risk_model,v1
CUST_004090,69,27878.17,819,97,6,0.0,1,19553.51,formal,call_center,1,0.3511,0,low,customer_risk_model,v1
CUST_004091,56,9799.88,659,61,7,37.9,1,8956.51,formal,online,1,0.6152,1,medium,customer_risk_model,v1
CUST_004092,20,10011.49,552,14,5,0.2,0,26253.27,formal,store,1,0.724,1,high,customer_risk_model,v1
CUST_004093,37,16360.0,575,12,1,0.1,1,20069.83,self_employed,store,1,0.7041,1,high,customer_risk_model,v1
CUST_004094,41,15772.55,784,50,7,4.7,0,16234.21,informal,store,1,0.4593,0,medium,customer_risk_model,v1
CUST_004095,67,7091.08,814,57,10,2.0,1,13810.76,formal,store,1,0.4218,0,medium,customer_risk_model,v1
CUST_004096,46,22549.15,741,103,7,8.8,1,20981.21,informal,online,0,0.3039,0,low,customer_risk_model,v1
CUST_004097,45,22755.82,769,4,6,6.7,2,13994.23,self_employed,online,1,0.5055,1,medium,customer_risk_model,v1
CUST_004098,25,25378.29,759,106,6,4.1,1,0.0,formal,call_center,0,0.1742,0,low,customer_risk_model,v1
CUST_004099,59,14965.81,700,7,6,6.0,0,11186.21,formal,store,1,0.3777,0,low,customer_risk_model,v1
CUST_004100,35,17722.92,680,60,4,2.6,1,16572.94,formal,store,1,0.4628,0,medium,customer_risk_model,v1
CUST_004101,22,17787.01,699,51,6,1.7,1,3966.94,formal,store,1,0.425,0,medium,customer_risk_model,v1
CUST_004102,69,29815.97,716,67,6,1.3,1,32738.22,formal,store,1,0.5021,1,medium,customer_risk_model,v1
CUST_004103,27,4000.0,583,6,3,23.4,1,10828.3,self_employed,store,1,0.7701,1,high,customer_risk_model,v1
CUST_004104,18,11301.39,716,91,6,1.9,2,16493.7,formal,online,1,0.3852,0,low,customer_risk_model,v1
CUST_004105,22,18038.79,781,16,3,1.5,1,21378.02,informal,online,0,0.3757,0,low,customer_risk_model,v1
CUST_004106,41,10401.01,631,93,10,1.0,3,16833.57,unemployed,app,1,0.686,1,medium,customer_risk_model,v1
CUST_004107,23,16191.76,622,68,6,3.8,3,11146.87,formal,store,0,0.5081,1,medium,customer_risk_model,v1
CUST_004108,61,17117.47,693,106,4,7.0,1,15206.01,self_employed,online,0,0.312,0,low,customer_risk_model,v1
CUST_004109,44,13396.2,592,117,9,10.2,0,10454.36,informal,online,0,0.3764,0,low,customer_risk_model,v1
CUST_004110,34,18451.28,531,101,4,3.8,3,11245.46,formal,store,1,0.6777,1,medium,customer_risk_model,v1
CUST_004111,18,22397.04,753,54,11,15.8,5,2821.52,formal,online,1,0.648,1,medium,customer_risk_model,v1
CUST_004112,42,16346.13,609,50,5,13.6,0,9918.6,formal,store,0,0.5704,1,medium,customer_risk_model,v1
CUST_004113,25,14827.64,652,79,5,3.3,0,2376.92,self_employed,store,1,0.4363,0,medium,customer_risk_model,v1
CUST_004114,68,16839.65,595,78,3,0.9,1,11961.48,unemployed,store,1,0.5202,1,medium,customer_risk_model,v1
CUST_004115,33,17947.95,765,95,9,7.2,3,8743.7,formal,online,1,0.4014,0,medium,customer_risk_model,v1
CUST_004116,42,5817.76,727,58,5,1.1,0,16013.41,formal,online,1,0.528,1,medium,customer_risk_model,v1
CUST_004117,18,21230.88,628,56,4,3.2,4,35.27,formal,app,1,0.6608,1,medium,customer_risk_model,v1
CUST_004118,24,14842.99,544,15,8,1.5,1,4573.61,informal,store,1,0.6686,1,medium,customer_risk_model,v1
CUST_004119,28,26830.75,619,21,4,1.2,0,4638.1,formal,store,1,0.4533,0,medium,customer_risk_model,v1
CUST_004120,20,22137.37,701,98,5,16.5,2,11882.34,formal,online,0,0.356,0,low,customer_risk_model,v1
CUST_004121,55,26190.46,667,118,8,4.3,0,10039.76,self_employed,store,1,0.2974,0,low,customer_risk_model,v1
CUST_004122,67,10922.97,660,72,3,0.4,1,20772.52,formal,app,0,0.4963,0,medium,customer_risk_model,v1
CUST_004123,69,15400.29,669,41,7,1.6,2,12334.58,formal,store,1,0.5806,1,medium,customer_risk_model,v1
CUST_004124,31,9302.79,718,7,4,3.7,1,12000.83,formal,app,1,0.4967,0,medium,customer_risk_model,v1
CUST_004125,59,13063.66,646,6,7,5.1,2,3558.76,formal,app,0,0.5785,1,medium,customer_risk_model,v1
CUST_004126,44,26764.74,691,81,5,13.1,1,9689.44,informal,online,0,0.3331,0,low,customer_risk_model,v1
CUST_004127,20,28412.43,561,77,6,3.1,3,1324.4,self_employed,store,1,0.5358,1,medium,customer_risk_model,v1
CUST_004128,22,9963.07,850,34,5,12.5,1,15949.58,informal,store,1,0.5426,1,medium,customer_risk_model,v1
CUST_004129,46,14792.06,624,23,5,0.2,1,18646.35,formal,store,1,0.6707,1,medium,customer_risk_model,v1
CUST_004130,40,17466.63,668,9,6,4.8,1,0.0,self_employed,app,1,0.4957,0,medium,customer_risk_model,v1
CUST_004131,18,22099.24,701,82,4,10.9,1,12355.74,formal,call_center,0,0.3565,0,low,customer_risk_model,v1
CUST_004132,66,5681.33,613,73,3,3.0,1,11164.05,self_employed,store,0,0.4337,0,medium,customer_risk_model,v1
CUST_004133,55,6779.0,651,40,6,9.9,1,21634.07,self_employed,store,1,0.6842,1,medium,customer_risk_model,v1
CUST_004134,44,21427.38,650,88,6,0.3,2,4003.03,self_employed,store,0,0.3349,0,low,customer_risk_model,v1
CUST_004135,69,4356.73,568,101,9,5.1,0,5921.49,informal,store,0,0.4809,0,medium,customer_risk_model,v1
CUST_004136,68,14872.42,689,62,5,7.6,3,14112.03,unemployed,online,1,0.6749,1,medium,customer_risk_model,v1
CUST_004137,68,19134.64,502,32,6,9.0,2,8097.16,self_employed,call_center,1,0.8296,1,high,customer_risk_model,v1
CUST_004138,31,20909.66,808,1,8,9.5,0,8517.25,self_employed,store,0,0.3506,0,low,customer_risk_model,v1
CUST_004139,63,17007.97,721,95,6,14.5,3,8369.62,formal,app,1,0.4865,0,medium,customer_risk_model,v1
CUST_004140,44,15439.7,708,69,10,1.1,1,16180.65,formal,app,0,0.4674,0,medium,customer_risk_model,v1
CUST_004141,55,23912.0,494,42,2,8.2,1,21088.95,unemployed,online,1,0.8015,1,high,customer_risk_model,v1
CUST_004142,62,19996.44,579,1,8,6.7,2,11340.32,formal,app,0,0.6497,1,medium,customer_risk_model,v1
CUST_004143,26,13470.88,775,97,7,3.3,3,9834.67,informal,store,1,0.3035,0,low,customer_risk_model,v1
CUST_004144,41,18264.06,850,111,6,7.2,0,17315.29,informal,app,1,0.4075,0,medium,customer_risk_model,v1
CUST_004145,24,20682.18,758,58,8,17.8,0,13653.34,formal,store,1,0.4421,0,medium,customer_risk_model,v1
CUST_004146,32,30027.66,743,32,7,3.2,1,13270.54,formal,online,1,0.4209,0,medium,customer_risk_model,v1
CUST_004147,39,23504.27,697,74,8,2.1,2,21069.23,formal,call_center,1,0.4797,0,medium,customer_risk_model,v1
CUST_004148,62,26501.9,574,104,10,2.2,0,3466.42,formal,store,0,0.3381,0,low,customer_risk_model,v1
CUST_004149,62,13725.75,740,70,3,11.6,1,9893.86,unemployed,store,0,0.4771,0,medium,customer_risk_model,v1
CUST_004150,38,14330.72,551,2,6,5.5,0,4153.03,formal,store,1,0.6687,1,medium,customer_risk_model,v1
CUST_004151,35,16352.34,541,24,4,0.6,1,7709.16,formal,store,1,0.6644,1,medium,customer_risk_model,v1
CUST_004152,45,16994.99,535,12,11,10.6,0,1800.83,formal,store,1,0.7207,1,high,customer_risk_model,v1
CUST_004153,65,10943.83,738,49,4,0.8,1,8974.7,formal,app,0,0.3715,0,low,customer_risk_model,v1
CUST_004154,68,26861.54,645,54,7,4.9,2,14961.03,formal,app,1,0.5699,1,medium,customer_risk_model,v1
CUST_004155,29,24183.46,659,64,4,1.4,2,0.0,formal,store,0,0.446,0,medium,customer_risk_model,v1
CUST_004156,27,15860.25,649,91,5,13.0,3,9388.52,formal,online,1,0.5836,1,medium,customer_risk_model,v1
CUST_004157,54,22491.97,549,14,10,3.7,1,11281.48,unemployed,online,1,0.6937,1,medium,customer_risk_model,v1
CUST_004158,33,19560.29,590,113,13,3.6,0,9795.18,informal,store,0,0.3313,0,low,customer_risk_model,v1
CUST_004159,28,23038.8,594,32,4,1.5,3,0.0,formal,store,1,0.6887,1,medium,customer_risk_model,v1
CUST_004160,19,8589.85,524,63,7,1.5,0,19644.59,informal,app,1,0.6684,1,medium,customer_risk_model,v1
CUST_004161,38,16980.37,605,26,6,10.6,0,19539.78,formal,store,1,0.7473,1,high,customer_risk_model,v1
CUST_004162,38,17593.73,553,43,4,6.3,1,21148.09,formal,call_center,1,0.7941,1,high,customer_risk_model,v1
CUST_004163,47,22365.49,702,100,7,8.7,2,7532.46,formal,app,0,0.3005,0,low,customer_risk_model,v1
CUST_004164,28,13600.94,709,6,11,9.1,2,13379.66,informal,app,1,0.6567,1,medium,customer_risk_model,v1
CUST_004165,55,4000.0,534,58,4,1.0,0,6163.12,formal,store,1,0.6521,1,medium,customer_risk_model,v1
CUST_004166,53,10428.1,623,70,5,4.1,0,3420.85,informal,store,0,0.4586,0,medium,customer_risk_model,v1
CUST_004167,42,17572.66,817,68,5,4.8,3,3001.26,formal,store,1,0.4142,0,medium,customer_risk_model,v1
CUST_004168,27,18447.19,562,46,6,1.3,2,13605.14,formal,store,1,0.6882,1,medium,customer_risk_model,v1
CUST_004169,44,29786.24,688,45,6,7.7,0,18687.64,formal,call_center,1,0.5218,1,medium,customer_risk_model,v1
CUST_004170,53,22079.23,659,109,4,4.3,4,22290.85,formal,online,1,0.624,1,medium,customer_risk_model,v1
CUST_004171,37,18570.71,748,29,2,5.6,1,11603.64,unemployed,store,0,0.4104,0,medium,customer_risk_model,v1
CUST_004172,31,17773.26,677,58,5,2.1,1,6542.53,informal,store,0,0.4733,0,medium,customer_risk_model,v1
CUST_004173,44,25729.28,611,44,7,4.8,2,11226.64,formal,store,1,0.5732,1,medium,customer_risk_model,v1
CUST_004174,36,13869.23,656,92,5,21.5,1,19770.13,informal,store,0,0.5463,1,medium,customer_risk_model,v1
CUST_004175,38,17018.01,657,96,2,2.7,1,24979.42,formal,store,1,0.4666,0,medium,customer_risk_model,v1
CUST_004176,36,10375.19,642,101,4,1.4,0,21417.33,formal,store,1,0.492,0,medium,customer_risk_model,v1
CUST_004177,33,27932.34,531,11,5,2.4,4,20630.56,formal,store,1,0.7514,1,high,customer_risk_model,v1
CUST_004178,55,20747.49,762,12,6,0.6,2,22891.98,informal,store,1,0.4935,0,medium,customer_risk_model,v1
CUST_004179,41,13047.34,746,45,1,8.5,1,12588.78,formal,store,0,0.4539,0,medium,customer_risk_model,v1
CUST_004180,42,17198.81,556,53,6,5.5,3,14254.31,self_employed,store,1,0.7267,1,high,customer_risk_model,v1
CUST_004181,51,21567.56,623,8,10,6.7,1,20480.83,formal,store,1,0.6459,1,medium,customer_risk_model,v1
CUST_004182,36,16244.97,630,107,7,1.0,0,16119.82,formal,store,0,0.3819,0,low,customer_risk_model,v1
CUST_004183,23,14258.71,546,107,7,0.6,3,18936.54,informal,store,1,0.6456,1,medium,customer_risk_model,v1
CUST_004184,62,13420.08,482,51,5,2.2,4,7137.75,unemployed,app,1,0.7189,1,high,customer_risk_model,v1
CUST_004185,20,20372.73,590,92,9,8.7,1,23188.77,formal,store,1,0.5336,1,medium,customer_risk_model,v1
CUST_004186,47,15493.62,618,68,4,9.4,1,8008.05,informal,store,1,0.5365,1,medium,customer_risk_model,v1
CUST_004187,31,14823.7,520,79,6,5.3,1,20897.89,formal,store,0,0.5843,1,medium,customer_risk_model,v1
CUST_004188,29,8647.57,666,104,4,5.8,2,11283.66,formal,store,1,0.4263,0,medium,customer_risk_model,v1
CUST_004189,20,18543.48,755,11,8,19.2,2,7732.32,formal,app,1,0.5731,1,medium,customer_risk_model,v1
CUST_004190,64,16731.44,726,28,6,5.3,0,0.0,formal,call_center,1,0.3924,0,low,customer_risk_model,v1
CUST_004191,40,15748.46,639,51,9,0.5,1,10257.34,self_employed,store,0,0.4853,0,medium,customer_risk_model,v1
CUST_004192,35,19391.39,484,107,2,4.5,0,2022.25,informal,store,1,0.624,1,medium,customer_risk_model,v1
CUST_004193,56,23236.02,714,71,8,5.5,2,4617.83,formal,online,1,0.4663,0,medium,customer_risk_model,v1
CUST_004194,20,22910.96,663,48,5,6.3,0,16073.75,formal,store,0,0.4235,0,medium,customer_risk_model,v1
CUST_004195,47,21869.1,688,4,6,2.3,3,0.0,formal,online,1,0.5746,1,medium,customer_risk_model,v1
CUST_004196,43,16315.31,824,71,11,8.7,0,21843.6,formal,online,1,0.5472,1,medium,customer_risk_model,v1
CUST_004197,46,14031.01,576,33,8,0.5,3,32163.25,formal,app,1,0.7695,1,high,customer_risk_model,v1
CUST_004198,24,10692.59,391,40,9,1.9,1,8134.88,formal,store,1,0.6698,1,medium,customer_risk_model,v1
CUST_004199,67,13847.9,555,119,1,18.7,0,21636.15,formal,store,1,0.7796,1,high,customer_risk_model,v1
CUST_004200,30,18137.55,694,63,8,3.3,0,823.92,formal,store,0,0.3868,0,low,customer_risk_model,v1
CUST_004201,53,12496.0,652,17,4,9.0,2,15200.71,formal,online,1,0.6186,1,medium,customer_risk_model,v1
CUST_004202,56,18672.4,541,6,7,2.9,2,14840.32,formal,call_center,1,0.7717,1,high,customer_risk_model,v1
CUST_004203,35,11241.8,522,47,7,27.6,1,36601.07,formal,store,1,0.8176,1,high,customer_risk_model,v1
CUST_004204,24,6373.06,618,8,11,10.0,0,9022.48,informal,store,1,0.5977,1,medium,customer_risk_model,v1
CUST_004205,33,23735.84,538,52,4,2.2,1,15697.74,formal,online,1,0.6357,1,medium,customer_risk_model,v1
CUST_004206,59,14679.1,697,50,9,1.2,2,10523.81,informal,store,0,0.3804,0,low,customer_risk_model,v1
CUST_004207,65,12140.76,613,105,7,1.6,2,9028.18,self_employed,store,0,0.4207,0,medium,customer_risk_model,v1
CUST_004208,66,10343.07,594,40,7,0.2,1,10894.74,formal,store,1,0.5108,1,medium,customer_risk_model,v1
CUST_004209,29,20961.25,582,33,6,18.6,1,10490.64,formal,online,1,0.7229,1,high,customer_risk_model,v1
CUST_004210,49,27624.35,674,74,4,2.9,1,6933.73,informal,store,1,0.4135,0,medium,customer_risk_model,v1
CUST_004211,25,15178.48,654,77,3,1.3,1,14142.94,formal,app,0,0.474,0,medium,customer_risk_model,v1
CUST_004212,54,16491.06,668,5,9,0.2,1,4834.22,informal,online,1,0.5027,1,medium,customer_risk_model,v1
CUST_004213,39,25501.42,666,10,7,2.4,0,8804.71,informal,store,0,0.431,0,medium,customer_risk_model,v1
CUST_004214,55,5326.88,644,20,12,11.0,0,27372.05,formal,call_center,1,0.783,1,high,customer_risk_model,v1
CUST_004215,53,31768.08,557,93,4,1.6,1,11072.85,formal,online,1,0.4631,0,medium,customer_risk_model,v1
CUST_004216,69,35108.7,584,25,11,5.4,3,19093.05,formal,store,1,0.7019,1,high,customer_risk_model,v1
CUST_004217,43,4000.0,614,119,9,0.6,3,11390.7,formal,store,1,0.5617,1,medium,customer_risk_model,v1
CUST_004218,35,17317.48,836,53,5,10.8,0,18146.94,informal,store,0,0.4666,0,medium,customer_risk_model,v1
CUST_004219,45,12967.37,529,112,3,3.5,1,10601.87,self_employed,online,0,0.5901,1,medium,customer_risk_model,v1
CUST_004220,26,16146.6,612,30,2,0.2,0,0.0,self_employed,online,0,0.4568,0,medium,customer_risk_model,v1
CUST_004221,23,15071.3,659,51,7,4.5,0,11752.6,informal,store,0,0.4801,0,medium,customer_risk_model,v1
CUST_004222,44,23682.31,623,17,6,2.7,1,3987.8,formal,app,1,0.5254,1,medium,customer_risk_model,v1
CUST_004223,60,17212.01,747,101,7,10.0,1,9599.13,formal,online,1,0.342,0,low,customer_risk_model,v1
CUST_004224,45,11623.65,622,72,7,16.3,0,17506.3,unemployed,store,1,0.7081,1,high,customer_risk_model,v1
CUST_004225,58,16794.7,629,10,3,2.0,4,26531.18,self_employed,store,1,0.7948,1,high,customer_risk_model,v1
CUST_004226,27,21603.49,723,89,5,4.7,0,732.93,self_employed,call_center,0,0.202,0,low,customer_risk_model,v1
CUST_004227,41,9713.95,813,106,8,0.5,2,10088.4,informal,store,1,0.2701,0,low,customer_risk_model,v1
CUST_004228,49,6476.36,777,82,10,1.2,1,12136.13,formal,call_center,1,0.3267,0,low,customer_risk_model,v1
CUST_004229,36,31949.2,638,97,4,10.7,0,12391.12,formal,app,1,0.3915,0,low,customer_risk_model,v1
CUST_004230,18,13503.01,646,33,5,3.0,1,12443.95,informal,online,1,0.5445,1,medium,customer_risk_model,v1
CUST_004231,21,17038.53,654,52,4,4.2,0,16506.47,formal,online,0,0.475,0,medium,customer_risk_model,v1
CUST_004232,66,15215.43,663,102,9,5.4,1,8498.13,formal,store,0,0.347,0,low,customer_risk_model,v1
CUST_004233,49,21836.61,574,73,9,10.7,1,10411.89,informal,store,1,0.5854,1,medium,customer_risk_model,v1
CUST_004234,31,30409.53,734,73,6,4.3,2,15153.91,self_employed,store,1,0.4262,0,medium,customer_risk_model,v1
CUST_004235,31,22059.54,669,92,4,0.8,2,6409.49,formal,online,0,0.3818,0,low,customer_risk_model,v1
CUST_004236,20,7371.44,646,74,8,8.5,1,7271.15,formal,app,1,0.5381,1,medium,customer_risk_model,v1
CUST_004237,67,8311.14,536,16,8,2.2,4,11468.98,formal,store,1,0.7477,1,high,customer_risk_model,v1
CUST_004238,23,15207.25,656,26,6,6.7,1,7271.4,informal,store,0,0.5339,1,medium,customer_risk_model,v1
CUST_004239,57,16122.37,480,93,10,7.5,0,4177.4,self_employed,store,1,0.6322,1,medium,customer_risk_model,v1
CUST_004240,30,5946.34,598,29,6,6.5,1,3241.22,informal,online,0,0.5715,1,medium,customer_risk_model,v1
CUST_004241,35,23735.39,599,80,6,17.9,0,11651.26,formal,app,0,0.4415,0,medium,customer_risk_model,v1
CUST_004242,32,10395.76,676,57,10,2.4,3,22962.34,informal,app,1,0.7078,1,high,customer_risk_model,v1
CUST_004243,60,28453.11,819,74,5,0.4,2,15139.54,formal,store,1,0.416,0,medium,customer_risk_model,v1
CUST_004244,19,30744.43,701,29,7,0.1,1,4382.32,formal,online,0,0.3522,0,low,customer_risk_model,v1
CUST_004245,36,16262.23,780,37,4,13.9,2,24386.65,informal,store,1,0.6837,1,medium,customer_risk_model,v1
CUST_004246,32,21072.81,708,82,5,2.3,3,7989.37,informal,call_center,0,0.3221,0,low,customer_risk_model,v1
CUST_004247,32,9376.37,751,21,5,3.8,4,24696.82,informal,online,1,0.6531,1,medium,customer_risk_model,v1
CUST_004248,28,22365.73,817,37,7,1.0,1,11406.77,self_employed,store,1,0.301,0,low,customer_risk_model,v1
CUST_004249,65,14512.65,584,119,1,6.3,3,14129.0,formal,store,1,0.6995,1,medium,customer_risk_model,v1
CUST_004250,37,10389.35,578,19,5,5.6,1,9074.9,formal,online,1,0.61,1,medium,customer_risk_model,v1
CUST_004251,39,15974.66,710,69,9,0.3,4,9610.64,formal,online,0,0.4246,0,medium,customer_risk_model,v1
CUST_004252,38,14739.76,650,19,8,5.2,0,23058.06,unemployed,store,1,0.6939,1,medium,customer_risk_model,v1
CUST_004253,68,15723.88,670,85,3,2.4,2,10563.69,self_employed,store,1,0.4067,0,medium,customer_risk_model,v1
CUST_004254,35,24647.76,628,16,5,4.6,0,19543.09,self_employed,store,1,0.6151,1,medium,customer_risk_model,v1
CUST_004255,35,12502.85,596,69,8,3.6,3,12378.08,informal,store,0,0.5605,1,medium,customer_risk_model,v1
CUST_004256,35,30145.16,796,53,8,4.1,3,11073.87,unemployed,store,1,0.4945,0,medium,customer_risk_model,v1
CUST_004257,35,8724.58,551,83,8,2.8,2,16991.6,informal,store,1,0.6491,1,medium,customer_risk_model,v1
CUST_004258,22,29308.01,712,1,2,16.0,5,11054.57,formal,store,1,0.6203,1,medium,customer_risk_model,v1
CUST_004259,49,10884.43,697,62,6,4.4,2,5697.52,informal,store,0,0.3634,0,low,customer_risk_model,v1
CUST_004260,19,17992.91,508,65,7,13.3,1,5931.95,informal,store,1,0.7312,1,high,customer_risk_model,v1
CUST_004261,29,14568.63,575,29,8,4.2,0,16632.27,informal,store,1,0.6895,1,medium,customer_risk_model,v1
CUST_004262,28,15593.9,590,36,6,2.0,2,0.0,formal,store,1,0.6149,1,medium,customer_risk_model,v1
CUST_004263,33,23609.5,701,85,7,1.3,2,15009.39,unemployed,online,1,0.4212,0,medium,customer_risk_model,v1
CUST_004264,57,28498.79,617,66,7,1.3,2,498.24,self_employed,app,1,0.497,0,medium,customer_risk_model,v1
CUST_004265,49,26333.67,642,69,7,8.1,1,13399.39,self_employed,store,1,0.5434,1,medium,customer_risk_model,v1
CUST_004266,69,15166.01,519,112,7,8.3,1,22708.71,formal,store,1,0.7385,1,high,customer_risk_model,v1
CUST_004267,36,19289.79,850,49,5,12.1,1,4927.43,formal,store,1,0.4748,0,medium,customer_risk_model,v1
CUST_004268,66,12525.45,656,104,5,6.8,0,16192.06,self_employed,store,1,0.5005,1,medium,customer_risk_model,v1
CUST_004269,20,11059.15,695,116,6,0.3,0,20993.58,self_employed,online,1,0.3666,0,low,customer_risk_model,v1
CUST_004270,44,9975.89,601,69,10,0.5,0,7393.6,formal,store,1,0.4832,0,medium,customer_risk_model,v1
CUST_004271,59,14936.99,591,26,6,7.6,2,6823.36,informal,app,1,0.6703,1,medium,customer_risk_model,v1
CUST_004272,45,19747.24,822,50,7,3.9,1,15000.33,formal,online,0,0.3853,0,low,customer_risk_model,v1
CUST_004273,66,4617.29,477,6,8,2.6,1,21999.8,self_employed,online,1,0.7542,1,high,customer_risk_model,v1
CUST_004274,34,17675.52,675,84,6,0.8,2,30259.26,formal,online,0,0.4436,0,medium,customer_risk_model,v1
CUST_004275,19,28612.18,541,33,6,4.3,0,6076.46,formal,store,1,0.6427,1,medium,customer_risk_model,v1
CUST_004276,58,25853.38,614,110,5,1.2,1,17180.98,formal,online,1,0.4418,0,medium,customer_risk_model,v1
CUST_004277,21,13903.71,593,78,6,1.5,2,8157.5,formal,store,1,0.5264,1,medium,customer_risk_model,v1
CUST_004278,57,8221.89,561,59,5,7.9,1,2968.07,self_employed,call_center,1,0.6537,1,medium,customer_risk_model,v1
CUST_004279,56,21218.81,653,23,7,7.5,3,10129.22,informal,store,0,0.6589,1,medium,customer_risk_model,v1
CUST_004280,61,4000.0,419,12,3,14.3,1,10154.11,formal,online,1,0.8194,1,high,customer_risk_model,v1
CUST_004281,42,25771.08,622,81,9,2.4,2,12691.39,formal,app,0,0.4015,0,medium,customer_risk_model,v1
CUST_004282,64,16504.89,642,92,7,5.2,2,15349.73,informal,store,0,0.4686,0,medium,customer_risk_model,v1
CUST_004283,26,30819.1,528,32,4,0.9,3,13860.59,self_employed,store,1,0.7005,1,high,customer_risk_model,v1
CUST_004284,40,5911.24,786,2,8,0.2,1,21720.46,formal,store,1,0.5508,1,medium,customer_risk_model,v1
CUST_004285,24,24427.02,596,39,9,12.0,0,27025.88,informal,store,1,0.6869,1,medium,customer_risk_model,v1
CUST_004286,57,17296.44,629,91,7,9.0,1,12123.65,unemployed,store,0,0.4354,0,medium,customer_risk_model,v1
CUST_004287,55,15682.65,597,70,2,16.6,1,8062.15,formal,online,0,0.6555,1,medium,customer_risk_model,v1
CUST_004288,59,8411.1,643,11,5,0.7,1,10404.67,self_employed,online,1,0.5155,1,medium,customer_risk_model,v1
CUST_004289,57,22170.24,768,14,5,6.8,2,10156.4,formal,store,0,0.4019,0,medium,customer_risk_model,v1
CUST_004290,34,22732.96,850,13,7,5.1,1,7268.66,formal,online,1,0.4108,0,medium,customer_risk_model,v1
CUST_004291,21,30495.89,717,91,6,3.8,3,9.92,self_employed,call_center,0,0.259,0,low,customer_risk_model,v1
CUST_004292,66,25056.35,748,94,7,2.4,0,1218.6,self_employed,call_center,0,0.2116,0,low,customer_risk_model,v1
CUST_004293,43,13842.73,804,49,7,0.5,0,17470.04,formal,store,1,0.4668,0,medium,customer_risk_model,v1
CUST_004294,22,10972.96,672,83,4,1.3,2,17998.88,informal,app,1,0.5138,1,medium,customer_risk_model,v1
CUST_004295,66,8420.56,791,3,8,6.9,3,14602.83,informal,online,1,0.6339,1,medium,customer_risk_model,v1
CUST_004296,69,28312.57,721,67,9,10.7,0,10063.69,self_employed,call_center,0,0.3526,0,low,customer_risk_model,v1
CUST_004297,41,12552.78,663,33,5,2.1,1,7959.13,informal,store,1,0.4919,0,medium,customer_risk_model,v1
CUST_004298,58,28361.61,682,98,8,3.8,2,1020.83,self_employed,online,1,0.391,0,low,customer_risk_model,v1
CUST_004299,19,21675.5,486,59,4,0.7,2,6788.34,informal,store,1,0.6845,1,medium,customer_risk_model,v1
CUST_004300,22,20309.32,676,102,1,3.1,4,6143.91,formal,app,1,0.5475,1,medium,customer_risk_model,v1
CUST_004301,32,15851.92,511,67,9,5.5,2,685.39,formal,store,1,0.7053,1,high,customer_risk_model,v1
CUST_004302,52,22624.71,504,55,7,15.1,1,13741.54,self_employed,store,1,0.7457,1,high,customer_risk_model,v1
CUST_004303,24,17891.7,667,113,7,2.9,2,6088.99,unemployed,store,0,0.4182,0,medium,customer_risk_model,v1
CUST_004304,19,15415.51,550,119,2,20.4,1,12323.87,formal,call_center,1,0.6765,1,medium,customer_risk_model,v1
CUST_004305,52,22872.03,649,55,5,6.1,0,165.96,informal,app,1,0.4646,0,medium,customer_risk_model,v1
CUST_004306,58,16992.2,662,43,7,12.2,0,16700.6,formal,call_center,0,0.6257,1,medium,customer_risk_model,v1
CUST_004307,56,12411.66,666,77,4,2.4,0,15434.18,informal,online,0,0.4347,0,medium,customer_risk_model,v1
CUST_004308,59,22198.79,569,21,6,5.2,2,7892.84,formal,store,1,0.7416,1,high,customer_risk_model,v1
CUST_004309,59,17552.1,731,46,7,1.0,0,22987.13,unemployed,online,0,0.459,0,medium,customer_risk_model,v1
CUST_004310,49,21422.37,642,101,7,1.6,1,11352.74,informal,app,0,0.2991,0,low,customer_risk_model,v1
CUST_004311,45,14822.98,690,107,6,3.2,1,13085.95,informal,store,0,0.3084,0,low,customer_risk_model,v1
CUST_004312,62,9536.15,542,50,6,3.7,1,0.0,formal,online,1,0.5561,1,medium,customer_risk_model,v1
CUST_004313,36,30145.52,634,47,3,9.7,0,5738.48,formal,store,1,0.4776,0,medium,customer_risk_model,v1
CUST_004314,23,28826.28,749,105,6,10.1,0,6792.89,informal,store,0,0.2329,0,low,customer_risk_model,v1
CUST_004315,57,24186.49,737,25,3,10.0,3,18256.11,formal,store,1,0.5931,1,medium,customer_risk_model,v1
CUST_004316,32,15285.33,578,8,7,3.5,2,19709.41,formal,store,1,0.7529,1,high,customer_risk_model,v1
CUST_004317,68,15897.77,601,9,4,6.7,2,7438.49,self_employed,store,0,0.6063,1,medium,customer_risk_model,v1
CUST_004318,39,27676.29,561,14,4,11.6,0,13362.65,formal,store,1,0.7169,1,high,customer_risk_model,v1
CUST_004319,62,15523.19,591,105,6,0.6,0,18854.11,formal,app,1,0.5726,1,medium,customer_risk_model,v1
CUST_004320,20,13572.11,524,5,6,0.8,4,9280.26,self_employed,store,1,0.7635,1,high,customer_risk_model,v1
CUST_004321,52,31105.64,638,40,9,4.7,2,302.67,informal,call_center,1,0.5205,1,medium,customer_risk_model,v1
CUST_004322,41,17666.26,707,72,3,15.8,2,17687.1,formal,store,0,0.6639,1,medium,customer_risk_model,v1
CUST_004323,42,30378.98,579,73,13,4.4,1,15398.97,informal,online,1,0.5252,1,medium,customer_risk_model,v1
CUST_004324,31,8211.26,642,99,7,16.6,0,14328.59,formal,store,0,0.4694,0,medium,customer_risk_model,v1
CUST_004325,68,21627.29,630,117,5,1.7,2,19676.9,formal,store,0,0.5845,1,medium,customer_risk_model,v1
CUST_004326,38,32497.58,745,48,6,22.5,2,20334.99,formal,online,1,0.5548,1,medium,customer_risk_model,v1
CUST_004327,62,18208.26,595,28,3,8.8,0,16969.23,formal,store,1,0.6901,1,medium,customer_risk_model,v1
CUST_004328,40,16151.97,598,11,3,2.3,1,2632.29,self_employed,store,1,0.55,1,medium,customer_risk_model,v1
CUST_004329,20,9825.74,574,107,8,0.3,1,0.0,unemployed,online,1,0.5592,1,medium,customer_risk_model,v1
CUST_004330,63,25576.4,548,45,4,3.6,2,14804.13,formal,store,0,0.7226,1,high,customer_risk_model,v1
CUST_004331,27,12609.1,698,107,12,0.4,0,12522.5,self_employed,app,0,0.3144,0,low,customer_risk_model,v1
CUST_004332,32,17336.34,638,42,3,2.5,0,13122.72,self_employed,store,1,0.5232,1,medium,customer_risk_model,v1
CUST_004333,62,9358.48,655,90,8,7.5,1,25527.26,formal,call_center,1,0.5711,1,medium,customer_risk_model,v1
CUST_004334,64,28898.26,765,77,5,1.2,2,19340.72,formal,store,1,0.4353,0,medium,customer_risk_model,v1
CUST_004335,65,26084.2,770,85,4,2.1,0,10526.18,formal,call_center,0,0.225,0,low,customer_risk_model,v1
CUST_004336,40,17778.91,502,78,6,14.5,0,6110.73,formal,store,1,0.7333,1,high,customer_risk_model,v1
CUST_004337,57,9920.96,708,37,6,2.1,3,17159.32,formal,store,1,0.6144,1,medium,customer_risk_model,v1
CUST_004338,35,28751.35,670,13,6,0.0,2,15699.5,formal,store,1,0.5495,1,medium,customer_risk_model,v1
CUST_004339,56,15438.48,608,2,5,1.1,1,10278.55,informal,online,1,0.5325,1,medium,customer_risk_model,v1
CUST_004340,44,10263.57,679,51,7,5.3,0,0.0,formal,online,1,0.5021,1,medium,customer_risk_model,v1
CUST_004341,20,5665.17,495,107,8,0.1,0,4332.33,formal,store,1,0.588,1,medium,customer_risk_model,v1
CUST_004342,39,13478.24,782,77,5,0.5,2,18778.71,formal,online,1,0.4293,0,medium,customer_risk_model,v1
CUST_004343,42,7817.53,696,81,13,1.1,0,1662.07,formal,store,0,0.343,0,low,customer_risk_model,v1
CUST_004344,31,13640.25,572,31,4,14.1,0,16632.73,formal,store,1,0.7983,1,high,customer_risk_model,v1
CUST_004345,37,23210.86,597,58,5,1.9,0,15549.42,formal,store,1,0.4897,0,medium,customer_risk_model,v1
CUST_004346,44,15372.2,497,49,5,1.4,3,4071.66,informal,online,0,0.6365,1,medium,customer_risk_model,v1
CUST_004347,20,20489.85,622,17,7,4.5,0,19199.17,formal,online,1,0.6043,1,medium,customer_risk_model,v1
CUST_004348,25,12936.66,607,74,5,0.1,0,11363.92,formal,store,1,0.4887,0,medium,customer_risk_model,v1
CUST_004349,57,18456.18,531,44,7,4.6,1,10812.4,formal,store,1,0.6829,1,medium,customer_risk_model,v1
CUST_004350,36,31446.31,720,48,8,12.4,0,2803.35,unemployed,store,1,0.4979,0,medium,customer_risk_model,v1
CUST_004351,49,15560.6,765,72,4,8.9,1,22380.83,informal,store,1,0.5177,1,medium,customer_risk_model,v1
CUST_004352,47,20691.01,648,4,5,3.4,0,2462.84,informal,online,1,0.4745,0,medium,customer_risk_model,v1
CUST_004353,46,7041.31,622,112,11,0.3,4,2371.83,self_employed,app,1,0.58,1,medium,customer_risk_model,v1
CUST_004354,39,28640.74,689,27,7,2.7,0,13132.12,informal,store,1,0.432,0,medium,customer_risk_model,v1
CUST_004355,43,14659.55,648,81,5,8.9,1,4157.24,formal,app,0,0.4347,0,medium,customer_risk_model,v1
CUST_004356,60,25353.74,553,93,2,6.0,4,28543.89,self_employed,store,1,0.6937,1,medium,customer_risk_model,v1
CUST_004357,68,17137.74,591,19,5,10.1,2,4095.77,formal,app,1,0.6727,1,medium,customer_risk_model,v1
CUST_004358,31,22281.06,623,30,6,0.8,0,18345.41,formal,store,1,0.532,1,medium,customer_risk_model,v1
CUST_004359,52,22697.09,672,50,4,3.6,0,25143.57,formal,store,1,0.5038,1,medium,customer_risk_model,v1
CUST_004360,68,14832.92,651,98,3,1.3,0,17725.38,formal,store,1,0.5245,1,medium,customer_risk_model,v1
CUST_004361,18,25643.35,669,76,7,1.4,1,5958.08,informal,store,1,0.4131,0,medium,customer_risk_model,v1
CUST_004362,58,12687.11,513,56,4,0.0,1,14747.0,formal,store,1,0.6986,1,medium,customer_risk_model,v1
CUST_004363,43,23445.54,710,102,5,0.8,1,22842.31,formal,store,1,0.3446,0,low,customer_risk_model,v1
CUST_004364,68,15268.56,650,57,5,9.6,1,6.94,informal,call_center,0,0.5017,1,medium,customer_risk_model,v1
CUST_004365,48,20446.91,850,106,7,0.4,1,20780.7,self_employed,call_center,0,0.2631,0,low,customer_risk_model,v1
CUST_004366,61,14766.05,615,92,8,0.4,2,15928.77,formal,store,1,0.5694,1,medium,customer_risk_model,v1
CUST_004367,26,18349.83,679,21,9,2.5,5,27120.05,formal,store,0,0.6357,1,medium,customer_risk_model,v1
CUST_004368,25,10477.14,850,46,6,5.1,4,15426.94,informal,store,1,0.5104,1,medium,customer_risk_model,v1
CUST_004369,66,19732.9,667,3,5,0.2,1,13217.5,formal,online,0,0.4636,0,medium,customer_risk_model,v1
CUST_004370,45,18309.31,644,29,8,11.5,2,17470.29,formal,store,1,0.6792,1,medium,customer_risk_model,v1
CUST_004371,47,14218.93,561,3,8,1.3,3,2080.42,formal,store,0,0.6168,1,medium,customer_risk_model,v1
CUST_004372,26,17614.8,788,13,5,1.6,1,5474.8,formal,store,0,0.3899,0,low,customer_risk_model,v1
CUST_004373,29,18938.03,546,1,8,4.7,1,12554.82,formal,store,1,0.7202,1,high,customer_risk_model,v1
CUST_004374,60,13685.5,688,80,7,0.6,4,7810.49,self_employed,store,1,0.4364,0,medium,customer_risk_model,v1
CUST_004375,33,17098.69,607,49,7,1.2,5,7107.78,formal,app,1,0.7224,1,high,customer_risk_model,v1
CUST_004376,48,10961.14,633,56,6,13.5,2,28303.28,informal,call_center,1,0.7536,1,high,customer_risk_model,v1
CUST_004377,34,34420.13,522,91,5,4.3,1,26351.75,formal,store,0,0.4615,0,medium,customer_risk_model,v1
CUST_004378,31,25413.83,771,97,7,4.2,1,0.0,formal,store,0,0.1963,0,low,customer_risk_model,v1
CUST_004379,26,19911.66,625,64,5,13.5,0,12320.7,informal,app,1,0.5633,1,medium,customer_risk_model,v1
CUST_004380,66,26204.79,541,55,9,9.9,4,2465.93,self_employed,call_center,1,0.7726,1,high,customer_risk_model,v1
CUST_004381,66,4145.23,763,78,5,3.6,1,21204.97,informal,store,0,0.4339,0,medium,customer_risk_model,v1
CUST_004382,23,4000.0,605,50,11,6.2,0,13780.48,self_employed,app,1,0.6469,1,medium,customer_risk_model,v1
CUST_004383,36,15204.96,680,53,4,5.7,1,23721.0,formal,store,0,0.5299,1,medium,customer_risk_model,v1
CUST_004384,47,8350.05,726,36,8,7.7,0,5108.91,formal,store,0,0.4401,0,medium,customer_risk_model,v1
CUST_004385,37,16343.76,693,23,9,3.4,1,4399.42,formal,online,1,0.459,0,medium,customer_risk_model,v1
CUST_004386,55,19439.6,452,24,5,5.0,1,10248.07,informal,store,1,0.7692,1,high,customer_risk_model,v1
CUST_004387,31,24442.9,713,78,5,3.0,1,7222.37,informal,store,1,0.3342,0,low,customer_risk_model,v1
CUST_004388,21,10032.15,641,99,8,1.1,1,11260.82,informal,app,0,0.3746,0,low,customer_risk_model,v1
CUST_004389,35,20797.41,620,51,8,1.8,3,21495.71,self_employed,call_center,0,0.6758,1,medium,customer_risk_model,v1
CUST_004390,49,18100.73,640,12,10,9.7,2,15738.8,formal,store,0,0.6211,1,medium,customer_risk_model,v1
CUST_004391,27,20432.57,505,73,9,0.6,0,9628.11,informal,app,1,0.6355,1,medium,customer_risk_model,v1
CUST_004392,60,14361.6,667,108,2,0.9,2,12431.36,formal,store,1,0.4412,0,medium,customer_risk_model,v1
CUST_004393,18,27681.95,527,63,8,0.6,0,0.0,formal,online,1,0.5525,1,medium,customer_risk_model,v1
CUST_004394,21,17275.44,624,4,7,9.7,1,0.0,formal,store,1,0.5986,1,medium,customer_risk_model,v1
CUST_004395,44,30419.28,664,10,4,0.7,1,21688.72,informal,store,1,0.5929,1,medium,customer_risk_model,v1
CUST_004396,44,12467.28,747,63,9,0.6,1,5909.19,self_employed,store,1,0.3786,0,low,customer_risk_model,v1
CUST_004397,33,23199.79,576,103,13,14.1,2,23471.0,informal,store,1,0.6796,1,medium,customer_risk_model,v1
CUST_004398,31,17582.32,781,7,1,1.9,3,9548.12,informal,store,1,0.5381,1,medium,customer_risk_model,v1
CUST_004399,21,15705.8,735,90,6,7.9,2,13074.38,self_employed,store,0,0.3544,0,low,customer_risk_model,v1
CUST_004400,52,22426.21,611,93,5,2.6,1,18644.62,informal,store,1,0.5051,1,medium,customer_risk_model,v1
CUST_004401,37,15905.79,550,7,5,10.9,1,19580.66,formal,store,1,0.8553,1,high,customer_risk_model,v1
CUST_004402,24,4000.0,520,26,9,1.2,2,7885.82,informal,online,1,0.7359,1,high,customer_risk_model,v1
CUST_004403,38,4000.0,674,1,1,11.3,0,12568.71,formal,store,1,0.6232,1,medium,customer_risk_model,v1
CUST_004404,66,26906.96,584,68,7,2.8,2,11854.47,formal,store,1,0.5556,1,medium,customer_risk_model,v1
CUST_004405,31,26611.81,758,21,4,9.8,1,15026.9,unemployed,store,1,0.5061,1,medium,customer_risk_model,v1
CUST_004406,64,31211.39,589,110,4,2.3,1,13545.33,formal,app,1,0.3858,0,low,customer_risk_model,v1
CUST_004407,31,17877.3,569,11,7,2.1,1,6158.99,self_employed,app,1,0.6267,1,medium,customer_risk_model,v1
CUST_004408,27,8951.56,671,78,8,17.6,3,13195.78,informal,call_center,1,0.7223,1,high,customer_risk_model,v1
CUST_004409,31,15062.91,588,94,9,9.5,0,293.42,informal,store,0,0.402,0,medium,customer_risk_model,v1
CUST_004410,34,18079.97,651,22,10,11.4,3,12024.48,informal,app,1,0.7548,1,high,customer_risk_model,v1
CUST_004411,24,10950.73,739,31,3,1.3,2,12947.23,informal,store,0,0.4067,0,medium,customer_risk_model,v1
CUST_004412,48,29540.02,661,95,10,5.8,2,4155.76,unemployed,store,1,0.4548,0,medium,customer_risk_model,v1
CUST_004413,35,33676.52,661,12,10,9.4,3,9744.36,informal,app,1,0.6402,1,medium,customer_risk_model,v1
CUST_004414,55,21347.96,668,53,3,6.1,1,7892.42,formal,store,0,0.4415,0,medium,customer_risk_model,v1
CUST_004415,43,17923.95,498,30,7,6.0,3,8044.02,self_employed,online,1,0.8465,1,high,customer_risk_model,v1
CUST_004416,41,8935.23,685,2,4,0.2,1,18061.12,formal,call_center,1,0.672,1,medium,customer_risk_model,v1
CUST_004417,42,28825.04,664,54,4,2.9,2,15698.8,formal,store,1,0.5043,1,medium,customer_risk_model,v1
CUST_004418,26,18534.15,730,58,5,2.4,1,19690.46,self_employed,store,1,0.3304,0,low,customer_risk_model,v1
CUST_004419,55,15975.85,705,42,9,5.7,1,28626.23,formal,store,1,0.594,1,medium,customer_risk_model,v1
CUST_004420,23,21368.22,632,97,4,2.3,0,20778.95,formal,store,1,0.423,0,medium,customer_risk_model,v1
CUST_004421,55,13900.02,743,12,6,2.3,0,0.0,informal,online,0,0.3587,0,low,customer_risk_model,v1
CUST_004422,69,19028.13,624,52,4,1.5,3,6755.68,unemployed,store,1,0.6838,1,medium,customer_risk_model,v1
CUST_004423,57,7902.73,672,22,4,3.4,1,22736.66,self_employed,store,0,0.5616,1,medium,customer_risk_model,v1
CUST_004424,41,25609.61,622,91,8,1.8,1,8840.83,formal,store,0,0.3098,0,low,customer_risk_model,v1
CUST_004425,34,17269.12,692,67,6,1.4,0,8309.14,informal,app,0,0.377,0,low,customer_risk_model,v1
CUST_004426,63,26111.61,616,84,11,2.0,3,14673.04,formal,call_center,1,0.5496,1,medium,customer_risk_model,v1
CUST_004427,31,16592.05,798,13,11,0.9,1,9722.65,formal,store,1,0.45,0,medium,customer_risk_model,v1
CUST_004428,43,17046.6,832,55,5,11.7,1,25675.06,formal,online,1,0.5829,1,medium,customer_risk_model,v1
CUST_004429,58,9513.78,729,7,3,7.3,0,10709.17,formal,app,0,0.3763,0,low,customer_risk_model,v1
CUST_004430,65,23318.3,789,39,8,3.9,2,31294.5,unemployed,online,1,0.609,1,medium,customer_risk_model,v1
CUST_004431,65,11869.12,511,113,5,4.9,3,7519.75,formal,app,0,0.6644,1,medium,customer_risk_model,v1
CUST_004432,22,14595.04,522,87,6,4.0,1,6742.86,informal,online,1,0.6272,1,medium,customer_risk_model,v1
CUST_004433,64,18007.33,621,10,6,4.2,1,5317.94,formal,store,1,0.5336,1,medium,customer_risk_model,v1
CUST_004434,23,18848.57,654,44,8,2.8,0,5704.14,formal,online,1,0.4702,0,medium,customer_risk_model,v1
CUST_004435,48,6057.32,632,104,11,2.7,1,17787.65,informal,online,0,0.4544,0,medium,customer_risk_model,v1
CUST_004436,66,16384.36,502,21,6,9.1,0,1248.57,formal,store,1,0.7302,1,high,customer_risk_model,v1
CUST_004437,52,23566.61,754,91,9,5.4,0,3965.2,formal,store,0,0.1974,0,low,customer_risk_model,v1
CUST_004438,67,15351.63,844,39,4,16.9,4,16157.01,formal,app,1,0.6954,1,medium,customer_risk_model,v1
CUST_004439,35,16426.88,765,57,6,1.4,1,0.0,formal,app,1,0.3605,0,low,customer_risk_model,v1
CUST_004440,34,19136.84,748,105,4,1.8,2,219.37,self_employed,store,1,0.2724,0,low,customer_risk_model,v1
CUST_004441,34,17118.28,670,81,1,1.7,1,11584.2,formal,online,1,0.4378,0,medium,customer_risk_model,v1
CUST_004442,36,10786.39,574,34,6,7.1,2,15264.56,informal,online,1,0.7211,1,high,customer_risk_model,v1
CUST_004443,53,17745.58,657,2,4,3.0,3,9310.23,formal,store,1,0.6223,1,medium,customer_risk_model,v1
CUST_004444,41,24958.51,840,28,8,1.5,2,15485.01,informal,app,0,0.3888,0,low,customer_risk_model,v1
CUST_004445,56,10641.77,618,50,6,5.5,0,5115.11,informal,app,0,0.5069,1,medium,customer_risk_model,v1
CUST_004446,39,15378.63,609,16,3,3.0,2,24111.15,formal,app,1,0.7225,1,high,customer_risk_model,v1
CUST_004447,34,8328.58,750,105,6,6.5,3,19287.86,formal,store,0,0.3637,0,low,customer_risk_model,v1
CUST_004448,27,24589.67,756,7,6,1.7,2,5485.88,formal,store,0,0.377,0,low,customer_risk_model,v1
CUST_004449,46,17353.49,574,65,6,3.3,0,10492.42,self_employed,store,0,0.466,0,medium,customer_risk_model,v1
CUST_004450,64,12048.6,626,117,4,0.8,1,0.0,informal,online,1,0.3867,0,low,customer_risk_model,v1
CUST_004451,62,18645.86,605,40,7,11.8,2,19437.16,formal,store,1,0.7918,1,high,customer_risk_model,v1
CUST_004452,31,9574.8,656,64,5,5.4,3,1765.05,informal,online,1,0.5975,1,medium,customer_risk_model,v1
CUST_004453,42,10765.53,749,9,7,3.2,2,7690.96,informal,app,0,0.411,0,medium,customer_risk_model,v1
CUST_004454,54,7779.07,578,87,4,0.5,3,9655.94,formal,store,1,0.6003,1,medium,customer_risk_model,v1
CUST_004455,49,10532.55,748,117,11,3.9,1,988.46,formal,call_center,0,0.2656,0,low,customer_risk_model,v1
CUST_004456,21,27501.36,659,92,5,0.5,1,5336.35,formal,store,0,0.3041,0,low,customer_risk_model,v1
CUST_004457,48,12868.17,850,18,10,3.4,1,14979.34,formal,call_center,0,0.4981,0,medium,customer_risk_model,v1
CUST_004458,20,21263.58,679,42,12,3.1,2,8015.88,self_employed,store,1,0.5197,1,medium,customer_risk_model,v1
CUST_004459,24,12145.89,641,87,5,6.5,0,18974.0,informal,store,1,0.559,1,medium,customer_risk_model,v1
CUST_004460,51,23316.74,702,96,5,0.5,1,17933.33,self_employed,store,0,0.276,0,low,customer_risk_model,v1
CUST_004461,23,10817.43,620,49,6,4.1,1,5209.13,formal,call_center,1,0.5825,1,medium,customer_risk_model,v1
CUST_004462,35,18274.6,488,115,6,1.8,1,8370.83,self_employed,store,1,0.5799,1,medium,customer_risk_model,v1
CUST_004463,48,18369.96,628,25,4,1.5,0,8374.81,formal,store,0,0.4735,0,medium,customer_risk_model,v1
CUST_004464,52,34294.64,627,89,6,2.2,2,8768.46,formal,store,0,0.3449,0,low,customer_risk_model,v1
CUST_004465,41,22412.98,507,60,4,3.1,1,23798.3,formal,store,0,0.6134,1,medium,customer_risk_model,v1
CUST_004466,22,13849.67,643,85,5,2.8,0,13533.14,formal,online,0,0.4621,0,medium,customer_risk_model,v1
CUST_004467,59,22795.34,464,71,6,12.2,4,0.0,formal,store,1,0.779,1,high,customer_risk_model,v1
CUST_004468,67,32967.22,619,52,8,4.2,0,6761.36,informal,store,0,0.3849,0,low,customer_risk_model,v1
CUST_004469,64,6592.55,672,98,8,3.4,2,8302.82,formal,online,0,0.3615,0,low,customer_risk_model,v1
CUST_004470,56,12102.63,659,101,5,4.6,1,15388.14,formal,app,0,0.394,0,low,customer_risk_model,v1
CUST_004471,38,16341.72,613,98,11,5.1,2,26417.33,formal,store,1,0.5343,1,medium,customer_risk_model,v1
CUST_004472,63,15080.38,642,11,6,0.1,1,18298.44,self_employed,store,1,0.7009,1,high,customer_risk_model,v1
CUST_004473,43,15670.7,579,51,2,1.7,2,11183.38,formal,store,0,0.5572,1,medium,customer_risk_model,v1
CUST_004474,25,8870.37,651,90,4,1.1,2,5194.01,formal,call_center,1,0.4819,0,medium,customer_risk_model,v1
CUST_004475,62,27827.69,655,104,4,2.7,1,23368.04,informal,store,0,0.4851,0,medium,customer_risk_model,v1
CUST_004476,34,8041.74,569,44,2,5.3,0,9625.98,formal,store,1,0.6097,1,medium,customer_risk_model,v1
CUST_004477,66,16598.51,674,89,7,10.4,1,635.99,formal,store,1,0.4261,0,medium,customer_risk_model,v1
CUST_004478,37,25320.81,674,68,11,3.4,2,14861.26,formal,store,0,0.4259,0,medium,customer_risk_model,v1
CUST_004479,63,17788.71,635,27,7,0.2,0,2114.2,unemployed,store,1,0.5474,1,medium,customer_risk_model,v1
CUST_004480,45,11144.24,850,107,9,3.4,2,17277.52,formal,store,0,0.2908,0,low,customer_risk_model,v1
CUST_004481,42,8559.27,637,53,7,3.6,2,8848.39,informal,online,1,0.5446,1,medium,customer_risk_model,v1
CUST_004482,33,16390.01,625,72,5,1.5,1,9554.24,formal,store,1,0.4688,0,medium,customer_risk_model,v1
CUST_004483,61,12700.79,612,35,7,6.9,1,0.0,self_employed,store,1,0.5819,1,medium,customer_risk_model,v1
CUST_004484,21,19436.62,563,4,5,1.7,0,20620.24,informal,online,1,0.6608,1,medium,customer_risk_model,v1
CUST_004485,42,8189.84,712,54,12,6.2,1,2567.11,unemployed,online,1,0.5436,1,medium,customer_risk_model,v1
CUST_004486,37,23691.25,588,86,4,7.0,2,6221.42,self_employed,call_center,0,0.4954,0,medium,customer_risk_model,v1
CUST_004487,46,18808.85,599,39,4,7.4,1,13527.15,unemployed,online,1,0.6273,1,medium,customer_risk_model,v1
CUST_004488,31,19328.85,602,111,9,5.3,1,10833.01,formal,call_center,1,0.44,0,medium,customer_risk_model,v1
CUST_004489,52,28087.54,561,90,5,0.2,1,30370.0,informal,store,1,0.5707,1,medium,customer_risk_model,v1
CUST_004490,38,14935.43,492,77,7,6.3,1,0.0,informal,store,1,0.6632,1,medium,customer_risk_model,v1
CUST_004491,27,12919.28,608,96,7,1.2,1,8935.38,formal,store,1,0.4066,0,medium,customer_risk_model,v1
CUST_004492,28,14165.65,729,103,4,6.4,0,18289.44,formal,online,0,0.2767,0,low,customer_risk_model,v1
CUST_004493,54,16652.31,668,86,4,8.0,0,8455.72,formal,store,1,0.4389,0,medium,customer_risk_model,v1
CUST_004494,31,17363.25,790,99,8,0.4,2,11973.38,self_employed,store,1,0.2773,0,low,customer_risk_model,v1
CUST_004495,33,12185.12,718,85,6,1.9,1,32678.02,self_employed,store,1,0.4085,0,medium,customer_risk_model,v1
CUST_004496,50,4000.0,697,103,3,1.1,1,12526.75,self_employed,online,0,0.2743,0,low,customer_risk_model,v1
CUST_004497,35,14073.5,819,13,4,10.1,1,23205.4,formal,online,1,0.6178,1,medium,customer_risk_model,v1
CUST_004498,38,20518.78,641,41,3,7.4,1,17197.33,informal,online,1,0.6425,1,medium,customer_risk_model,v1
CUST_004499,30,18953.81,656,106,13,0.2,1,17899.9,formal,online,0,0.3686,0,low,customer_risk_model,v1
CUST_004500,35,26396.88,649,57,5,0.6,0,10412.68,self_employed,store,1,0.4167,0,medium,customer_risk_model,v1
CUST_004501,54,31688.41,789,2,4,3.3,3,0.0,formal,app,1,0.4626,0,medium,customer_risk_model,v1
CUST_004502,45,23315.34,650,101,4,15.9,0,20701.25,informal,online,1,0.6043,1,medium,customer_risk_model,v1
CUST_004503,69,27677.64,592,79,16,6.5,2,16454.26,unemployed,store,0,0.6287,1,medium,customer_risk_model,v1
CUST_004504,58,23367.42,703,109,7,4.0,2,16285.25,formal,store,1,0.3682,0,low,customer_risk_model,v1
CUST_004505,18,29969.29,577,2,5,5.2,0,10800.09,formal,store,1,0.5549,1,medium,customer_risk_model,v1
CUST_004506,37,30955.98,698,18,9,4.5,0,6814.9,formal,store,0,0.3267,0,low,customer_risk_model,v1
CUST_004507,33,24658.16,687,61,10,0.1,0,22580.82,formal,store,1,0.4273,0,medium,customer_risk_model,v1
CUST_004508,48,22944.66,633,22,3,2.9,3,14613.75,informal,app,1,0.7506,1,high,customer_risk_model,v1
CUST_004509,31,16563.37,701,62,4,0.1,0,0.0,unemployed,store,1,0.5207,1,medium,customer_risk_model,v1
CUST_004510,68,17710.64,516,42,7,1.9,0,11572.07,self_employed,store,1,0.6582,1,medium,customer_risk_model,v1
CUST_004511,33,15635.14,665,26,8,3.1,1,9568.23,unemployed,app,1,0.6167,1,medium,customer_risk_model,v1
CUST_004512,45,22348.76,608,92,6,0.1,3,0.0,formal,store,0,0.4305,0,medium,customer_risk_model,v1
CUST_004513,24,12957.56,850,5,5,4.8,1,6015.58,formal,store,1,0.4574,0,medium,customer_risk_model,v1
CUST_004514,65,16662.26,664,105,6,1.2,1,32768.76,formal,store,0,0.4934,0,medium,customer_risk_model,v1
CUST_004515,65,4000.0,596,19,3,0.8,0,0.0,informal,store,0,0.4919,0,medium,customer_risk_model,v1
CUST_004516,59,30061.63,526,70,10,1.8,3,2766.52,informal,store,1,0.6021,1,medium,customer_risk_model,v1
CUST_004517,36,16456.68,767,118,8,8.2,1,0.0,informal,app,0,0.3169,0,low,customer_risk_model,v1
CUST_004518,21,21189.06,618,14,7,1.0,1,0.0,formal,online,1,0.5337,1,medium,customer_risk_model,v1
CUST_004519,54,28204.51,579,111,6,9.5,1,0.0,informal,online,0,0.3565,0,low,customer_risk_model,v1
CUST_004520,40,20102.05,680,37,5,9.0,0,2524.2,formal,store,0,0.455,0,medium,customer_risk_model,v1
CUST_004521,69,28110.41,708,89,5,2.3,0,25727.78,formal,store,0,0.3335,0,low,customer_risk_model,v1
CUST_004522,54,9307.84,707,102,4,0.8,0,19247.63,informal,online,1,0.346,0,low,customer_risk_model,v1
CUST_004523,46,34781.64,652,28,4,1.6,1,9927.47,self_employed,store,0,0.402,0,medium,customer_risk_model,v1
CUST_004524,69,25609.77,664,42,8,1.9,1,25390.66,informal,store,1,0.5959,1,medium,customer_risk_model,v1
CUST_004525,59,19464.42,671,103,9,1.3,3,8191.48,formal,store,1,0.4595,0,medium,customer_risk_model,v1
CUST_004526,41,27975.56,680,13,7,0.8,1,4357.05,formal,store,1,0.4238,0,medium,customer_risk_model,v1
CUST_004527,18,9819.56,688,13,5,5.5,2,8535.84,self_employed,online,0,0.482,0,medium,customer_risk_model,v1
CUST_004528,22,15979.7,749,36,4,6.9,2,0.0,informal,store,1,0.4259,0,medium,customer_risk_model,v1
CUST_004529,41,28109.75,655,72,6,6.4,3,0.0,self_employed,store,1,0.486,0,medium,customer_risk_model,v1
CUST_004530,47,4930.58,576,96,6,0.1,3,17278.25,formal,online,0,0.623,1,medium,customer_risk_model,v1
CUST_004531,19,21923.2,637,67,6,0.5,2,14653.26,formal,app,1,0.5413,1,medium,customer_risk_model,v1
CUST_004532,24,21725.23,718,59,6,5.8,0,1701.93,informal,store,0,0.308,0,low,customer_risk_model,v1
CUST_004533,54,31784.58,489,104,10,7.1,1,15738.58,self_employed,store,0,0.5153,1,medium,customer_risk_model,v1
CUST_004534,57,6919.31,490,21,3,7.2,0,16058.38,self_employed,online,1,0.8047,1,high,customer_risk_model,v1
CUST_004535,19,29267.42,733,108,3,5.7,0,7164.89,formal,store,0,0.1974,0,low,customer_risk_model,v1
CUST_004536,44,14083.7,787,38,7,2.0,0,4376.77,unemployed,store,0,0.4615,0,medium,customer_risk_model,v1
CUST_004537,22,14870.93,536,33,6,19.4,0,18332.92,informal,store,1,0.8334,1,high,customer_risk_model,v1
CUST_004538,55,9445.97,659,114,2,22.6,1,15582.2,informal,app,1,0.6008,1,medium,customer_risk_model,v1
CUST_004539,61,10385.04,614,77,6,6.0,2,25920.02,self_employed,app,1,0.6795,1,medium,customer_risk_model,v1
CUST_004540,63,20824.66,627,52,7,3.6,3,15488.09,formal,store,0,0.5524,1,medium,customer_risk_model,v1
CUST_004541,49,10213.68,677,40,3,6.2,4,0.0,formal,app,1,0.6266,1,medium,customer_risk_model,v1
CUST_004542,50,23181.99,534,53,5,22.1,1,0.0,formal,store,1,0.7368,1,high,customer_risk_model,v1
CUST_004543,66,13359.24,550,95,5,0.1,0,10258.4,informal,store,0,0.5654,1,medium,customer_risk_model,v1
CUST_004544,49,9508.76,623,19,4,1.2,3,18471.75,self_employed,store,1,0.7673,1,high,customer_risk_model,v1
CUST_004545,41,14305.34,637,21,7,2.2,2,14567.17,formal,online,0,0.5926,1,medium,customer_risk_model,v1
CUST_004546,57,20356.95,549,37,7,4.9,0,7065.56,formal,store,1,0.6729,1,medium,customer_risk_model,v1
CUST_004547,48,16058.53,721,58,4,2.9,0,0.0,informal,call_center,1,0.3488,0,low,customer_risk_model,v1
CUST_004548,61,18239.47,612,97,6,2.2,1,23750.82,informal,app,1,0.5217,1,medium,customer_risk_model,v1
CUST_004549,45,22873.45,612,26,7,1.2,1,23368.36,formal,store,1,0.6099,1,medium,customer_risk_model,v1
CUST_004550,63,25576.95,675,94,9,5.1,1,741.85,formal,store,0,0.2931,0,low,customer_risk_model,v1
CUST_004551,20,15829.33,638,109,5,17.0,5,17315.73,formal,store,0,0.603,1,medium,customer_risk_model,v1
CUST_004552,19,10690.45,725,52,7,0.8,0,14041.98,formal,store,0,0.4078,0,medium,customer_risk_model,v1
CUST_004553,23,18532.66,566,115,4,0.2,2,17473.53,formal,store,0,0.5228,1,medium,customer_risk_model,v1
CUST_004554,46,21294.55,524,107,5,2.5,0,24143.58,formal,store,1,0.5273,1,medium,customer_risk_model,v1
CUST_004555,54,7774.92,622,95,3,5.2,1,23401.96,informal,app,1,0.5706,1,medium,customer_risk_model,v1
CUST_004556,29,11765.74,655,46,6,24.1,2,16050.86,informal,online,1,0.7026,1,high,customer_risk_model,v1
CUST_004557,26,12965.69,538,36,7,2.4,0,10049.86,informal,online,1,0.6798,1,medium,customer_risk_model,v1
CUST_004558,62,16545.24,525,103,12,21.2,2,9604.55,formal,online,1,0.7506,1,high,customer_risk_model,v1
CUST_004559,57,12672.76,666,53,6,1.9,0,10249.9,informal,store,1,0.454,0,medium,customer_risk_model,v1
CUST_004560,51,22949.29,582,4,7,4.9,1,33839.48,formal,store,1,0.7204,1,high,customer_risk_model,v1
CUST_004561,43,6764.07,519,86,0,3.1,0,12361.67,informal,store,1,0.657,1,medium,customer_risk_model,v1
CUST_004562,39,6941.97,737,42,4,13.6,1,18238.04,self_employed,store,1,0.623,1,medium,customer_risk_model,v1
CUST_004563,19,15662.78,593,112,6,2.9,3,15328.3,informal,store,0,0.5198,1,medium,customer_risk_model,v1
CUST_004564,27,16770.43,753,102,5,4.2,0,4085.33,formal,app,0,0.2608,0,low,customer_risk_model,v1
CUST_004565,64,7817.49,653,13,6,21.9,0,15822.08,formal,call_center,0,0.6155,1,medium,customer_risk_model,v1
CUST_004566,35,13752.76,677,108,2,5.8,1,6701.72,informal,online,1,0.3796,0,low,customer_risk_model,v1
CUST_004567,54,15192.69,631,114,3,4.0,2,4427.89,self_employed,store,1,0.445,0,medium,customer_risk_model,v1
CUST_004568,54,15246.91,411,91,6,8.7,2,16753.79,informal,online,1,0.8041,1,high,customer_risk_model,v1
CUST_004569,34,19063.17,548,33,10,3.4,0,1883.11,formal,store,1,0.6051,1,medium,customer_risk_model,v1
CUST_004570,28,13368.95,639,80,6,1.2,0,19020.26,informal,app,0,0.5027,1,medium,customer_risk_model,v1
CUST_004571,53,28344.85,683,104,6,2.4,1,16561.61,formal,online,1,0.3686,0,low,customer_risk_model,v1
CUST_004572,22,21417.43,489,98,5,23.0,2,22119.36,formal,store,1,0.6718,1,medium,customer_risk_model,v1
CUST_004573,43,12350.21,645,52,5,1.4,0,15839.79,formal,store,1,0.593,1,medium,customer_risk_model,v1
CUST_004574,64,18661.58,549,85,6,6.2,1,4355.21,informal,online,1,0.5904,1,medium,customer_risk_model,v1
CUST_004575,54,18868.11,671,46,3,1.2,3,20913.63,self_employed,call_center,1,0.7068,1,high,customer_risk_model,v1
CUST_004576,57,26503.05,648,31,9,7.0,1,21326.56,formal,store,1,0.5711,1,medium,customer_risk_model,v1
CUST_004577,22,13797.32,717,81,8,1.1,3,19147.7,informal,app,0,0.4357,0,medium,customer_risk_model,v1
CUST_004578,28,23371.37,746,56,3,1.5,2,17864.77,informal,online,1,0.4708,0,medium,customer_risk_model,v1
CUST_004579,32,18292.98,691,27,7,6.5,2,176.72,informal,store,1,0.4947,0,medium,customer_risk_model,v1
CUST_004580,33,28440.97,727,79,9,0.0,1,18847.79,formal,store,1,0.3067,0,low,customer_risk_model,v1
CUST_004581,28,27036.24,618,39,7,19.5,2,2006.8,formal,store,0,0.564,1,medium,customer_risk_model,v1
CUST_004582,68,19378.86,850,70,7,6.3,1,7026.99,self_employed,store,0,0.2914,0,low,customer_risk_model,v1
CUST_004583,26,16164.02,540,44,5,0.3,3,5346.64,formal,store,1,0.7617,1,high,customer_risk_model,v1
CUST_004584,54,21546.24,603,106,4,0.5,1,0.0,informal,store,0,0.3443,0,low,customer_risk_model,v1
CUST_004585,48,16736.85,731,102,4,4.3,0,13418.91,informal,store,0,0.2479,0,low,customer_risk_model,v1
CUST_004586,49,29762.15,718,57,7,3.7,1,11751.34,unemployed,store,0,0.4486,0,medium,customer_risk_model,v1
CUST_004587,29,18549.29,694,85,6,6.2,4,22625.81,formal,online,1,0.4815,0,medium,customer_risk_model,v1
CUST_004588,33,15160.5,711,22,3,5.5,2,21642.49,self_employed,store,1,0.5507,1,medium,customer_risk_model,v1
CUST_004589,49,14782.69,462,119,6,1.6,2,13415.13,formal,store,0,0.5458,1,medium,customer_risk_model,v1
CUST_004590,33,9508.75,793,26,12,3.9,0,18304.92,formal,store,1,0.5412,1,medium,customer_risk_model,v1
CUST_004591,54,21895.91,632,104,4,4.3,1,11166.25,formal,online,1,0.3308,0,low,customer_risk_model,v1
CUST_004592,20,12259.92,762,101,4,2.9,3,11116.33,informal,app,1,0.2908,0,low,customer_risk_model,v1
CUST_004593,21,25687.04,467,22,8,1.5,1,13004.76,formal,online,1,0.6517,1,medium,customer_risk_model,v1
CUST_004594,55,8949.45,673,2,2,1.3,2,10794.15,formal,online,0,0.524,1,medium,customer_risk_model,v1
CUST_004595,50,18890.69,599,88,4,1.1,3,13696.51,unemployed,store,1,0.6508,1,medium,customer_risk_model,v1
CUST_004596,20,26051.57,701,104,4,4.7,2,17307.52,informal,store,0,0.3169,0,low,customer_risk_model,v1
CUST_004597,64,4000.0,679,86,4,8.0,2,2242.64,informal,online,0,0.407,0,medium,customer_risk_model,v1
CUST_004598,18,32127.86,683,7,7,12.8,2,8735.14,formal,store,1,0.5696,1,medium,customer_risk_model,v1
CUST_004599,67,15023.0,555,77,4,6.2,1,18207.0,unemployed,call_center,0,0.5976,1,medium,customer_risk_model,v1
CUST_004600,55,18987.67,645,47,2,18.2,2,7565.87,informal,store,1,0.715,1,high,customer_risk_model,v1
CUST_004601,69,22000.14,634,109,3,5.4,2,7734.31,unemployed,store,1,0.5373,1,medium,customer_risk_model,v1
CUST_004602,67,23082.9,695,96,8,0.9,1,20123.63,formal,call_center,0,0.3371,0,low,customer_risk_model,v1
CUST_004603,34,19917.19,739,96,5,13.0,1,6080.39,formal,app,0,0.3472,0,low,customer_risk_model,v1
CUST_004604,57,24981.69,664,49,5,13.2,2,15467.61,informal,store,1,0.625,1,medium,customer_risk_model,v1
CUST_004605,28,21633.49,535,39,5,0.0,0,13198.51,informal,store,1,0.6674,1,medium,customer_risk_model,v1
CUST_004606,42,30326.17,660,98,7,2.7,1,19100.69,self_employed,online,1,0.4242,0,medium,customer_risk_model,v1
CUST_004607,30,21656.29,850,14,4,8.3,2,11471.2,formal,online,1,0.519,1,medium,customer_risk_model,v1
CUST_004608,43,31752.45,798,12,6,0.7,0,5676.03,informal,call_center,1,0.3487,0,low,customer_risk_model,v1
CUST_004609,63,24307.55,382,8,4,0.5,1,6782.44,formal,app,1,0.6773,1,medium,customer_risk_model,v1
CUST_004610,40,5359.75,656,61,9,0.7,3,25246.94,formal,online,1,0.6744,1,medium,customer_risk_model,v1
CUST_004611,22,36277.72,734,9,7,4.3,1,7730.97,unemployed,online,0,0.4825,0,medium,customer_risk_model,v1
CUST_004612,34,13979.59,634,70,7,3.3,2,7208.12,informal,call_center,1,0.5563,1,medium,customer_risk_model,v1
CUST_004613,58,28468.81,609,20,5,4.7,4,8306.67,formal,store,1,0.6687,1,medium,customer_risk_model,v1
CUST_004614,45,18187.55,626,107,3,0.3,2,9835.11,informal,store,1,0.4637,0,medium,customer_risk_model,v1
CUST_004615,47,25427.63,700,52,4,6.6,3,8735.12,formal,online,0,0.4695,0,medium,customer_risk_model,v1
CUST_004616,40,13180.65,547,12,10,2.1,1,16517.16,formal,store,1,0.6892,1,medium,customer_risk_model,v1
CUST_004617,33,22380.21,757,83,5,6.0,2,12812.97,formal,app,0,0.2975,0,low,customer_risk_model,v1
CUST_004618,49,16227.67,645,41,5,2.7,1,7278.28,informal,store,0,0.4812,0,medium,customer_risk_model,v1
CUST_004619,50,29053.02,566,32,1,0.6,0,17780.35,informal,store,1,0.6054,1,medium,customer_risk_model,v1
CUST_004620,64,21070.68,751,79,6,8.7,2,14253.46,formal,online,0,0.3728,0,low,customer_risk_model,v1
CUST_004621,50,24551.6,511,114,12,3.1,2,22615.46,formal,call_center,0,0.5496,1,medium,customer_risk_model,v1
CUST_004622,69,4000.0,600,117,8,0.5,4,14531.06,formal,store,1,0.6769,1,medium,customer_risk_model,v1
CUST_004623,60,17400.99,599,52,4,3.4,1,10974.94,formal,store,1,0.461,0,medium,customer_risk_model,v1
CUST_004624,22,20873.86,843,101,7,1.4,0,10371.89,formal,store,0,0.153,0,low,customer_risk_model,v1
CUST_004625,38,19565.3,588,25,4,2.0,3,13161.22,self_employed,store,1,0.7678,1,high,customer_risk_model,v1
CUST_004626,38,24728.1,456,101,9,2.4,2,14936.03,informal,online,1,0.6655,1,medium,customer_risk_model,v1
CUST_004627,18,15438.67,598,113,2,5.7,0,11983.58,formal,store,1,0.43,0,medium,customer_risk_model,v1
CUST_004628,27,18341.51,691,62,4,4.5,2,8474.14,self_employed,call_center,1,0.4786,0,medium,customer_risk_model,v1
CUST_004629,57,26268.59,721,63,4,0.2,2,17013.22,informal,store,0,0.424,0,medium,customer_risk_model,v1
CUST_004630,36,4000.0,850,68,5,5.9,1,15464.52,formal,store,0,0.4151,0,medium,customer_risk_model,v1
CUST_004631,25,22125.45,777,9,8,10.7,2,12149.15,self_employed,store,1,0.505,1,medium,customer_risk_model,v1
CUST_004632,32,15662.81,667,103,6,2.4,1,17347.36,formal,store,0,0.3618,0,low,customer_risk_model,v1
CUST_004633,32,11613.77,570,88,6,0.4,0,11389.08,formal,app,1,0.525,1,medium,customer_risk_model,v1
CUST_004634,27,20355.81,796,104,6,3.5,3,12097.3,formal,online,1,0.3414,0,low,customer_risk_model,v1
CUST_004635,23,26592.16,617,14,2,16.3,2,17052.28,self_employed,call_center,1,0.7447,1,high,customer_risk_model,v1
CUST_004636,57,25274.01,591,96,6,6.3,1,18407.23,formal,store,1,0.4712,0,medium,customer_risk_model,v1
CUST_004637,60,17054.21,612,44,4,1.6,1,17226.69,formal,store,0,0.5799,1,medium,customer_risk_model,v1
CUST_004638,43,24130.19,537,98,3,5.7,0,5883.43,self_employed,call_center,0,0.5676,1,medium,customer_risk_model,v1
CUST_004639,50,24076.48,608,119,6,8.7,1,15006.85,formal,online,1,0.4379,0,medium,customer_risk_model,v1
CUST_004640,65,17388.4,629,105,7,3.4,1,12348.08,unemployed,store,0,0.3782,0,low,customer_risk_model,v1
CUST_004641,61,13148.44,716,109,8,3.4,2,15134.74,formal,store,1,0.3811,0,low,customer_risk_model,v1
CUST_004642,19,13553.36,615,14,4,0.8,1,26588.57,formal,store,1,0.6744,1,medium,customer_risk_model,v1
CUST_004643,67,23864.97,536,40,4,8.0,3,10315.95,informal,store,1,0.8163,1,high,customer_risk_model,v1
CUST_004644,21,17704.97,506,35,5,3.9,0,12176.2,formal,store,1,0.6576,1,medium,customer_risk_model,v1
CUST_004645,19,10676.72,669,62,6,0.0,2,7498.34,formal,store,0,0.4239,0,medium,customer_risk_model,v1
CUST_004646,38,6205.96,657,117,7,14.8,2,10465.94,formal,store,0,0.5227,1,medium,customer_risk_model,v1
CUST_004647,56,23822.82,600,82,6,1.1,1,6580.85,formal,store,1,0.3721,0,low,customer_risk_model,v1
CUST_004648,22,14172.55,608,65,5,5.0,2,3416.02,unemployed,app,1,0.6336,1,medium,customer_risk_model,v1
CUST_004649,33,20312.71,685,96,6,1.3,1,0.0,formal,call_center,0,0.3165,0,low,customer_risk_model,v1
CUST_004650,31,26677.95,775,21,3,4.9,2,6437.2,self_employed,store,1,0.4468,0,medium,customer_risk_model,v1
CUST_004651,38,8837.53,580,79,4,0.2,1,6988.25,informal,app,0,0.4441,0,medium,customer_risk_model,v1
CUST_004652,69,17684.04,658,60,4,2.7,2,11529.48,informal,store,0,0.4578,0,medium,customer_risk_model,v1
CUST_004653,35,16805.14,736,25,4,0.1,1,7685.93,informal,store,0,0.3849,0,low,customer_risk_model,v1
CUST_004654,28,20658.2,580,77,11,0.2,0,20259.98,formal,store,1,0.4615,0,medium,customer_risk_model,v1
CUST_004655,24,26674.12,649,101,4,1.4,0,13814.02,unemployed,store,1,0.384,0,low,customer_risk_model,v1
CUST_004656,28,8693.84,647,99,1,4.1,3,17936.35,informal,app,1,0.6505,1,medium,customer_risk_model,v1
CUST_004657,24,21988.59,532,101,2,4.2,0,19864.33,self_employed,store,1,0.5425,1,medium,customer_risk_model,v1
CUST_004658,47,25220.67,665,97,9,7.3,1,23095.76,formal,store,1,0.4736,0,medium,customer_risk_model,v1
CUST_004659,39,16695.36,653,56,6,1.7,1,19784.04,informal,call_center,0,0.5259,1,medium,customer_risk_model,v1
CUST_004660,43,17037.87,700,6,4,8.5,0,4929.54,informal,app,0,0.4368,0,medium,customer_risk_model,v1
CUST_004661,61,20929.15,543,115,7,6.8,0,18873.74,formal,store,0,0.5652,1,medium,customer_risk_model,v1
CUST_004662,48,20413.72,651,54,5,2.4,1,14562.83,formal,store,1,0.4612,0,medium,customer_risk_model,v1
CUST_004663,26,22076.47,774,76,1,9.2,1,22772.05,informal,store,1,0.4402,0,medium,customer_risk_model,v1
CUST_004664,37,21928.96,837,3,4,9.5,2,12206.33,formal,online,1,0.5619,1,medium,customer_risk_model,v1
CUST_004665,34,11126.19,765,106,9,1.7,1,21156.12,formal,store,1,0.2859,0,low,customer_risk_model,v1
CUST_004666,60,24931.87,544,106,2,2.7,1,12799.07,self_employed,store,1,0.5246,1,medium,customer_risk_model,v1
CUST_004667,33,26167.48,691,111,6,4.0,1,13118.0,formal,call_center,0,0.252,0,low,customer_risk_model,v1
CUST_004668,25,19302.58,607,21,7,6.7,1,17328.21,self_employed,call_center,1,0.6835,1,medium,customer_risk_model,v1
CUST_004669,56,7540.91,676,101,3,0.4,0,9483.4,informal,store,0,0.3576,0,low,customer_risk_model,v1
CUST_004670,40,17196.78,581,75,7,5.6,1,16421.33,self_employed,app,1,0.604,1,medium,customer_risk_model,v1
CUST_004671,22,19360.84,496,18,6,2.3,2,0.0,formal,store,1,0.7107,1,high,customer_risk_model,v1
CUST_004672,53,9987.8,619,68,11,6.8,2,15868.41,formal,store,0,0.5577,1,medium,customer_risk_model,v1
CUST_004673,28,15479.03,715,57,9,1.9,2,1825.56,formal,store,1,0.4529,0,medium,customer_risk_model,v1
CUST_004674,63,8134.41,676,75,6,19.2,2,16434.67,self_employed,store,1,0.6748,1,medium,customer_risk_model,v1
CUST_004675,61,22251.05,686,10,5,3.9,2,0.0,formal,online,1,0.5263,1,medium,customer_risk_model,v1
CUST_004676,37,19161.69,669,68,7,0.4,2,0.0,informal,app,0,0.4416,0,medium,customer_risk_model,v1
CUST_004677,46,6479.52,686,81,5,0.3,1,12422.92,formal,online,1,0.4496,0,medium,customer_risk_model,v1
CUST_004678,47,20460.25,698,86,7,3.7,2,12563.28,formal,online,1,0.3923,0,low,customer_risk_model,v1
CUST_004679,51,17604.44,625,92,4,3.5,0,9978.55,self_employed,store,0,0.3807,0,low,customer_risk_model,v1
CUST_004680,21,21614.9,657,75,9,0.6,2,17779.3,formal,call_center,0,0.4535,0,medium,customer_risk_model,v1
CUST_004681,34,15259.27,807,84,7,3.1,1,19460.18,formal,online,0,0.263,0,low,customer_risk_model,v1
CUST_004682,26,12389.64,663,11,3,2.2,1,32247.26,formal,app,1,0.6712,1,medium,customer_risk_model,v1
CUST_004683,54,12604.09,654,95,6,7.3,1,12351.7,unemployed,app,0,0.4412,0,medium,customer_risk_model,v1
CUST_004684,21,14232.81,659,44,5,0.6,3,20275.89,informal,store,1,0.6768,1,medium,customer_risk_model,v1
CUST_004685,44,18131.78,630,66,8,1.8,1,5371.14,formal,online,0,0.4577,0,medium,customer_risk_model,v1
CUST_004686,55,19035.71,611,66,5,5.1,1,7624.77,unemployed,store,0,0.5535,1,medium,customer_risk_model,v1
CUST_004687,67,16664.96,669,117,6,3.9,3,5432.84,informal,store,1,0.4385,0,medium,customer_risk_model,v1
CUST_004688,32,15036.76,604,39,2,16.0,0,11119.09,self_employed,online,1,0.6644,1,medium,customer_risk_model,v1
CUST_004689,18,15540.18,637,46,1,0.5,1,13785.82,formal,store,1,0.5958,1,medium,customer_risk_model,v1
CUST_004690,55,35554.07,579,91,9,0.7,0,20335.13,formal,app,1,0.4389,0,medium,customer_risk_model,v1
CUST_004691,18,12604.92,660,76,8,11.5,0,14765.2,formal,store,1,0.5417,1,medium,customer_risk_model,v1
CUST_004692,21,14094.2,703,38,4,4.1,1,22693.95,formal,call_center,1,0.5982,1,medium,customer_risk_model,v1
CUST_004693,69,41056.98,631,41,7,4.6,0,22825.23,informal,app,1,0.6221,1,medium,customer_risk_model,v1
CUST_004694,62,20947.09,469,99,2,16.4,0,12322.7,informal,store,0,0.5886,1,medium,customer_risk_model,v1
CUST_004695,54,8340.14,703,100,4,1.0,0,11166.11,formal,store,1,0.3172,0,low,customer_risk_model,v1
CUST_004696,61,23898.81,661,18,9,1.1,0,0.0,formal,store,1,0.4446,0,medium,customer_risk_model,v1
CUST_004697,21,11629.73,561,48,11,11.1,2,7657.46,self_employed,store,1,0.7305,1,high,customer_risk_model,v1
CUST_004698,22,24363.43,720,92,8,0.9,1,5526.73,informal,store,0,0.224,0,low,customer_risk_model,v1
CUST_004699,33,16523.26,524,15,8,1.5,2,5875.59,informal,store,1,0.7577,1,high,customer_risk_model,v1
CUST_004700,19,14921.43,744,22,5,0.7,1,8609.74,informal,store,1,0.3961,0,low,customer_risk_model,v1
CUST_004701,64,29264.15,645,19,10,1.7,1,16209.26,formal,online,0,0.4435,0,medium,customer_risk_model,v1
CUST_004702,20,21964.81,446,63,7,3.8,1,14319.99,informal,app,1,0.6598,1,medium,customer_risk_model,v1
CUST_004703,46,24810.93,666,54,7,0.7,4,19907.01,self_employed,app,1,0.619,1,medium,customer_risk_model,v1
CUST_004704,62,21044.44,613,39,6,0.5,0,15077.88,unemployed,store,0,0.5224,1,medium,customer_risk_model,v1
CUST_004705,56,14888.89,600,17,5,3.3,2,7268.61,formal,call_center,1,0.649,1,medium,customer_risk_model,v1
CUST_004706,30,22279.48,584,76,5,2.7,0,18055.98,formal,online,0,0.47,0,medium,customer_risk_model,v1
CUST_004707,42,26464.51,639,97,4,13.6,1,1033.42,formal,online,1,0.4368,0,medium,customer_risk_model,v1
CUST_004708,46,18943.17,606,26,4,8.2,4,19817.26,formal,store,0,0.807,1,high,customer_risk_model,v1
CUST_004709,57,30611.5,483,80,3,0.1,2,5873.98,formal,store,0,0.472,0,medium,customer_risk_model,v1
CUST_004710,40,23953.41,764,95,4,10.4,3,0.0,informal,store,1,0.3956,0,low,customer_risk_model,v1
CUST_004711,32,19483.88,628,67,8,19.6,0,16356.21,formal,store,0,0.5507,1,medium,customer_risk_model,v1
CUST_004712,59,19760.41,584,69,7,5.2,1,9527.81,informal,store,1,0.5649,1,medium,customer_risk_model,v1
CUST_004713,64,18960.66,548,20,4,3.6,1,21397.65,unemployed,store,0,0.7274,1,high,customer_risk_model,v1
CUST_004714,43,9241.33,719,114,5,15.8,1,19702.13,formal,store,1,0.6054,1,medium,customer_risk_model,v1
CUST_004715,19,17369.49,533,114,6,3.9,2,4110.45,formal,online,1,0.664,1,medium,customer_risk_model,v1
CUST_004716,44,19548.31,662,85,14,0.7,1,24184.36,formal,store,1,0.4387,0,medium,customer_risk_model,v1
CUST_004717,64,15087.4,597,108,9,0.3,3,0.0,unemployed,online,1,0.6122,1,medium,customer_risk_model,v1
CUST_004718,69,20363.74,603,73,5,1.8,0,15718.95,informal,store,1,0.5303,1,medium,customer_risk_model,v1
CUST_004719,38,18149.15,551,79,7,7.6,2,23396.75,formal,call_center,1,0.7383,1,high,customer_risk_model,v1
CUST_004720,25,23415.84,594,99,5,1.3,0,3874.89,formal,store,0,0.3553,0,low,customer_risk_model,v1
CUST_004721,47,22641.79,651,5,5,7.8,2,28895.71,self_employed,call_center,1,0.7295,1,high,customer_risk_model,v1
CUST_004722,61,19170.07,671,27,7,5.1,0,13296.89,informal,store,1,0.4671,0,medium,customer_risk_model,v1
CUST_004723,67,8429.51,579,25,5,4.7,0,14981.85,formal,store,1,0.6492,1,medium,customer_risk_model,v1
CUST_004724,20,30535.06,642,76,5,5.1,1,21396.02,formal,store,1,0.459,0,medium,customer_risk_model,v1
CUST_004725,33,17006.76,730,29,5,0.7,1,15344.95,unemployed,app,1,0.5142,1,medium,customer_risk_model,v1
CUST_004726,42,17433.79,500,47,10,1.3,1,1400.96,self_employed,online,0,0.5374,1,medium,customer_risk_model,v1
CUST_004727,23,15602.35,649,59,9,2.7,0,0.0,formal,store,0,0.4664,0,medium,customer_risk_model,v1
CUST_004728,64,14581.12,564,89,9,0.0,1,4192.24,formal,store,0,0.3947,0,low,customer_risk_model,v1
CUST_004729,23,28808.41,555,62,7,6.4,0,4901.41,formal,app,1,0.5669,1,medium,customer_risk_model,v1
CUST_004730,52,27702.31,673,3,12,0.4,0,4412.8,formal,app,0,0.3602,0,low,customer_risk_model,v1
CUST_004731,65,21110.75,601,82,3,3.9,1,6939.48,self_employed,store,1,0.3903,0,low,customer_risk_model,v1
CUST_004732,53,17247.5,540,51,3,12.6,2,0.0,formal,store,0,0.6601,1,medium,customer_risk_model,v1
CUST_004733,57,22333.83,769,14,6,2.8,1,2466.15,formal,call_center,1,0.3617,0,low,customer_risk_model,v1
CUST_004734,31,18516.58,733,78,5,5.8,1,16370.43,formal,store,1,0.328,0,low,customer_risk_model,v1
CUST_004735,61,16668.44,476,33,6,1.0,1,20337.05,formal,store,1,0.7833,1,high,customer_risk_model,v1
CUST_004736,39,20366.74,517,55,6,16.4,0,6170.59,formal,call_center,1,0.7421,1,high,customer_risk_model,v1
CUST_004737,21,14911.9,703,116,8,9.2,0,17525.66,formal,online,1,0.473,0,medium,customer_risk_model,v1
CUST_004738,37,19765.85,624,29,7,5.9,2,0.0,formal,store,0,0.6028,1,medium,customer_risk_model,v1
CUST_004739,36,19429.55,785,106,7,11.5,0,14160.95,formal,store,0,0.3312,0,low,customer_risk_model,v1
CUST_004740,45,22220.55,705,56,12,9.1,1,21477.57,unemployed,store,0,0.5048,1,medium,customer_risk_model,v1
CUST_004741,31,13666.04,677,111,2,1.3,1,16125.3,unemployed,store,0,0.4114,0,medium,customer_risk_model,v1
CUST_004742,42,22970.95,558,102,5,1.1,1,11787.87,informal,online,1,0.5252,1,medium,customer_risk_model,v1
CUST_004743,40,11655.82,694,100,6,28.4,0,0.0,formal,store,1,0.4861,0,medium,customer_risk_model,v1
CUST_004744,34,13992.03,535,25,1,4.0,2,27123.55,formal,store,0,0.6865,1,medium,customer_risk_model,v1
CUST_004745,54,14297.52,767,95,6,2.0,0,27527.65,informal,store,1,0.4013,0,medium,customer_risk_model,v1
CUST_004746,33,10495.64,688,44,10,0.4,2,17607.2,informal,online,1,0.6529,1,medium,customer_risk_model,v1
CUST_004747,57,25109.64,576,109,4,1.2,0,22655.02,formal,store,1,0.5086,1,medium,customer_risk_model,v1
CUST_004748,31,11216.63,722,118,12,4.9,1,12016.59,self_employed,app,1,0.2991,0,low,customer_risk_model,v1
CUST_004749,62,13107.59,850,73,8,1.6,0,18090.66,informal,online,0,0.3761,0,low,customer_risk_model,v1
CUST_004750,36,26787.85,630,109,5,2.4,1,18713.66,formal,call_center,1,0.4369,0,medium,customer_risk_model,v1
CUST_004751,20,14005.92,700,64,6,0.3,0,11492.61,self_employed,store,0,0.351,0,low,customer_risk_model,v1
CUST_004752,25,16683.0,611,5,5,6.1,1,5385.6,informal,call_center,1,0.6208,1,medium,customer_risk_model,v1
CUST_004753,59,10915.8,658,105,11,2.0,1,19000.38,self_employed,store,1,0.48,0,medium,customer_risk_model,v1
CUST_004754,63,23830.66,514,64,6,3.3,0,27029.59,self_employed,call_center,1,0.6757,1,medium,customer_risk_model,v1
CUST_004755,29,23927.15,650,6,9,0.2,0,21935.52,formal,app,1,0.5628,1,medium,customer_risk_model,v1
CUST_004756,49,23172.62,654,8,4,0.3,6,14726.85,formal,store,1,0.674,1,medium,customer_risk_model,v1
CUST_004757,47,21762.71,812,87,5,9.3,1,14110.55,formal,store,0,0.2284,0,low,customer_risk_model,v1
CUST_004758,24,18515.12,488,110,5,5.7,1,14570.4,formal,app,1,0.6124,1,medium,customer_risk_model,v1
CUST_004759,41,14329.36,625,83,7,0.0,1,0.0,formal,store,1,0.4282,0,medium,customer_risk_model,v1
CUST_004760,54,12295.21,766,53,8,8.1,2,11148.67,formal,online,0,0.4384,0,medium,customer_risk_model,v1
CUST_004761,68,27029.34,628,37,3,1.7,1,10272.6,self_employed,store,1,0.4528,0,medium,customer_risk_model,v1
CUST_004762,62,23353.63,635,50,6,2.4,2,2341.37,formal,store,1,0.5438,1,medium,customer_risk_model,v1
CUST_004763,23,13146.87,575,39,6,4.7,1,20434.41,formal,store,1,0.7154,1,high,customer_risk_model,v1
CUST_004764,30,18278.82,566,33,12,3.3,1,14254.91,self_employed,call_center,0,0.5557,1,medium,customer_risk_model,v1
CUST_004765,40,15899.19,486,16,3,0.7,0,0.0,formal,store,0,0.5819,1,medium,customer_risk_model,v1
CUST_004766,25,10102.53,593,68,4,20.8,0,13878.81,formal,store,1,0.6208,1,medium,customer_risk_model,v1
CUST_004767,47,19243.56,561,26,10,0.5,1,22211.42,informal,online,1,0.6713,1,medium,customer_risk_model,v1
CUST_004768,18,15091.55,661,18,7,2.5,5,7233.69,formal,app,1,0.6709,1,medium,customer_risk_model,v1
CUST_004769,23,11332.24,579,33,10,0.2,1,3801.87,formal,store,1,0.5836,1,medium,customer_risk_model,v1
CUST_004770,20,7646.07,607,96,6,3.4,0,1687.16,formal,app,1,0.4811,0,medium,customer_risk_model,v1
CUST_004771,33,7053.38,609,69,9,2.6,0,12798.45,formal,store,1,0.515,1,medium,customer_risk_model,v1
CUST_004772,57,15400.02,646,59,9,28.0,2,6191.14,formal,app,1,0.6676,1,medium,customer_risk_model,v1
CUST_004773,27,17404.34,602,71,11,4.7,4,235.68,formal,call_center,1,0.6705,1,medium,customer_risk_model,v1
CUST_004774,69,11872.89,554,68,2,10.1,1,24960.84,self_employed,call_center,1,0.7696,1,high,customer_risk_model,v1
CUST_004775,32,22555.18,658,60,8,6.1,0,13630.82,formal,store,1,0.4762,0,medium,customer_risk_model,v1
CUST_004776,20,17541.17,746,101,7,2.0,2,7806.89,self_employed,store,0,0.214,0,low,customer_risk_model,v1
CUST_004777,35,22038.2,662,87,3,4.2,0,25390.0,unemployed,app,0,0.3838,0,low,customer_risk_model,v1
CUST_004778,56,16719.62,595,23,5,0.9,1,14194.45,informal,app,1,0.5917,1,medium,customer_risk_model,v1
CUST_004779,23,12490.18,639,98,3,0.1,3,10921.69,self_employed,app,1,0.5923,1,medium,customer_risk_model,v1
CUST_004780,21,18798.82,465,21,7,0.8,1,13744.01,formal,online,1,0.6891,1,medium,customer_risk_model,v1
CUST_004781,62,9161.28,637,10,8,6.1,3,7770.96,formal,app,1,0.7083,1,high,customer_risk_model,v1
CUST_004782,48,21776.07,614,51,6,1.9,0,10883.17,formal,store,1,0.4086,0,medium,customer_risk_model,v1
CUST_004783,35,11439.96,566,47,7,3.8,0,16672.67,unemployed,store,0,0.6251,1,medium,customer_risk_model,v1
CUST_004784,57,24427.63,582,94,3,4.1,1,25450.55,self_employed,online,0,0.4368,0,medium,customer_risk_model,v1
CUST_004785,61,15630.81,613,83,6,2.0,0,7606.95,unemployed,app,1,0.49,0,medium,customer_risk_model,v1
CUST_004786,36,25437.73,739,7,8,0.6,3,17023.32,formal,store,0,0.46,0,medium,customer_risk_model,v1
CUST_004787,47,10141.64,748,60,7,3.0,1,200.77,formal,app,1,0.3859,0,low,customer_risk_model,v1
CUST_004788,18,13255.61,566,95,5,0.2,0,16046.94,formal,store,1,0.564,1,medium,customer_risk_model,v1
CUST_004789,33,20666.54,603,88,8,0.0,2,26429.59,self_employed,online,0,0.4697,0,medium,customer_risk_model,v1
CUST_004790,48,26193.48,606,60,3,1.2,1,12188.46,formal,store,0,0.4137,0,medium,customer_risk_model,v1
CUST_004791,28,29666.26,723,74,10,4.1,0,7380.65,informal,app,0,0.2639,0,low,customer_risk_model,v1
CUST_004792,69,18289.56,663,67,7,4.8,0,7747.5,self_employed,store,0,0.4186,0,medium,customer_risk_model,v1
CUST_004793,68,30864.22,658,28,2,3.5,0,15871.7,self_employed,store,1,0.5329,1,medium,customer_risk_model,v1
CUST_004794,31,15972.35,698,68,11,7.3,0,12481.31,formal,app,0,0.443,0,medium,customer_risk_model,v1
CUST_004795,38,25691.37,596,81,6,6.8,1,8763.41,formal,call_center,0,0.3743,0,low,customer_risk_model,v1
CUST_004796,27,11404.73,773,7,6,8.0,1,17227.59,informal,online,0,0.5085,1,medium,customer_risk_model,v1
CUST_004797,44,20941.4,650,83,7,12.6,0,4977.55,formal,app,1,0.4443,0,medium,customer_risk_model,v1
CUST_004798,24,4000.0,573,30,8,0.2,2,18920.41,formal,store,1,0.7253,1,high,customer_risk_model,v1
CUST_004799,38,10148.86,629,1,10,0.8,1,9479.93,formal,store,1,0.5511,1,medium,customer_risk_model,v1
CUST_004800,46,21266.74,761,90,4,7.9,2,17271.19,formal,store,1,0.404,0,medium,customer_risk_model,v1
CUST_004801,49,8812.93,612,47,5,7.1,0,18718.0,formal,online,0,0.6001,1,medium,customer_risk_model,v1
CUST_004802,49,20988.65,735,50,7,7.6,0,0.0,formal,store,1,0.3646,0,low,customer_risk_model,v1
CUST_004803,29,24345.21,594,75,8,2.5,1,11433.32,self_employed,store,0,0.378,0,low,customer_risk_model,v1
CUST_004804,59,14490.76,581,67,6,2.8,1,0.0,informal,store,1,0.475,0,medium,customer_risk_model,v1
CUST_004805,53,11217.33,709,74,4,1.2,1,0.0,unemployed,online,0,0.4838,0,medium,customer_risk_model,v1
CUST_004806,57,14680.69,571,113,5,4.0,1,10123.43,informal,online,0,0.4104,0,medium,customer_risk_model,v1
CUST_004807,42,11239.31,724,78,9,0.7,1,14457.01,informal,app,1,0.407,0,medium,customer_risk_model,v1
CUST_004808,64,17291.51,682,6,10,1.6,0,0.0,formal,call_center,1,0.423,0,medium,customer_risk_model,v1
CUST_004809,38,18714.63,571,27,5,9.4,1,14170.62,informal,app,1,0.7126,1,high,customer_risk_model,v1
CUST_004810,59,15857.93,644,54,2,11.1,2,5005.18,formal,store,1,0.6653,1,medium,customer_risk_model,v1
CUST_004811,28,29720.51,601,57,8,4.9,1,12543.23,informal,call_center,1,0.5243,1,medium,customer_risk_model,v1
CUST_004812,30,12964.17,681,43,3,0.5,1,32235.75,informal,online,1,0.6492,1,medium,customer_risk_model,v1
CUST_004813,45,27740.03,820,22,5,0.7,2,9461.18,formal,app,0,0.3532,0,low,customer_risk_model,v1
CUST_004814,46,10711.33,617,13,8,3.9,2,2892.94,informal,store,0,0.5939,1,medium,customer_risk_model,v1
CUST_004815,56,18509.44,698,18,5,0.6,0,11856.71,self_employed,store,0,0.3245,0,low,customer_risk_model,v1
CUST_004816,33,26281.74,652,114,9,2.6,2,10478.99,formal,online,0,0.3401,0,low,customer_risk_model,v1
CUST_004817,63,25919.5,652,48,3,1.6,1,9235.46,formal,store,0,0.3788,0,low,customer_risk_model,v1
CUST_004818,35,15058.19,635,115,5,6.8,1,12274.17,formal,app,0,0.405,0,medium,customer_risk_model,v1
CUST_004819,45,21885.49,573,40,2,1.1,2,10521.32,self_employed,online,1,0.6709,1,medium,customer_risk_model,v1
CUST_004820,66,20948.25,680,38,5,7.7,0,2098.74,unemployed,store,1,0.5679,1,medium,customer_risk_model,v1
CUST_004821,46,14220.43,624,59,5,0.1,3,18595.07,self_employed,store,1,0.6569,1,medium,customer_risk_model,v1
CUST_004822,53,22311.65,569,113,11,1.8,1,22508.1,informal,store,0,0.4815,0,medium,customer_risk_model,v1
CUST_004823,65,31037.45,741,68,4,2.4,2,9023.0,self_employed,store,1,0.3324,0,low,customer_risk_model,v1
CUST_004824,68,21301.9,659,5,4,19.1,0,14805.39,informal,store,1,0.6731,1,medium,customer_risk_model,v1
CUST_004825,43,21964.49,629,33,5,25.2,2,0.0,formal,store,1,0.6624,1,medium,customer_risk_model,v1
CUST_004826,39,22705.08,771,117,0,0.5,0,11853.26,formal,online,0,0.1982,0,low,customer_risk_model,v1
CUST_004827,28,7773.16,485,19,3,0.4,0,27387.53,self_employed,store,1,0.7406,1,high,customer_risk_model,v1
CUST_004828,45,21221.57,765,100,6,11.2,1,18399.97,self_employed,store,0,0.353,0,low,customer_risk_model,v1
CUST_004829,65,10882.68,571,111,4,4.9,0,13232.3,formal,online,1,0.5064,1,medium,customer_risk_model,v1
CUST_004830,43,13870.79,669,26,2,0.4,1,11645.98,formal,store,0,0.4729,0,medium,customer_risk_model,v1
CUST_004831,36,33133.59,597,67,7,0.5,2,9608.33,unemployed,call_center,1,0.5637,1,medium,customer_risk_model,v1
CUST_004832,23,16227.17,567,72,3,0.3,0,15358.11,informal,store,1,0.5479,1,medium,customer_risk_model,v1
CUST_004833,38,12818.78,768,95,3,3.7,1,20227.52,informal,app,1,0.2738,0,low,customer_risk_model,v1
CUST_004834,30,26068.08,817,95,3,3.8,3,7986.92,formal,store,0,0.267,0,low,customer_risk_model,v1
CUST_004835,68,11366.26,630,8,4,2.0,0,18008.99,formal,store,1,0.6933,1,medium,customer_risk_model,v1
CUST_004836,45,14868.07,680,38,11,2.6,0,5531.63,formal,store,1,0.488,0,medium,customer_risk_model,v1
CUST_004837,25,26743.37,655,112,2,1.3,0,8502.88,formal,store,0,0.3287,0,low,customer_risk_model,v1
CUST_004838,21,18299.37,806,43,4,25.3,1,3107.8,formal,store,0,0.4761,0,medium,customer_risk_model,v1
CUST_004839,62,7068.82,460,30,2,2.7,1,13282.22,self_employed,store,1,0.7385,1,high,customer_risk_model,v1
CUST_004840,66,21807.93,684,75,4,9.7,1,12667.81,formal,store,1,0.4851,0,medium,customer_risk_model,v1
CUST_004841,57,15224.74,585,24,9,4.0,4,15172.23,informal,store,1,0.7533,1,high,customer_risk_model,v1
CUST_004842,24,28778.96,438,18,3,0.3,0,14468.47,formal,app,1,0.6816,1,medium,customer_risk_model,v1
CUST_004843,23,13756.69,618,95,7,3.2,1,17785.25,formal,store,1,0.4929,0,medium,customer_risk_model,v1
CUST_004844,28,25358.58,816,15,10,3.5,1,28679.1,self_employed,online,0,0.405,0,medium,customer_risk_model,v1
CUST_004845,57,30429.89,591,107,9,2.3,0,17863.62,informal,call_center,1,0.463,0,medium,customer_risk_model,v1
CUST_004846,57,12043.4,721,30,4,3.9,0,0.0,informal,call_center,0,0.3641,0,low,customer_risk_model,v1
CUST_004847,61,16647.51,758,13,7,10.2,2,10016.55,formal,online,1,0.5143,1,medium,customer_risk_model,v1
CUST_004848,23,20720.38,649,89,0,28.6,1,11718.08,self_employed,store,0,0.4566,0,medium,customer_risk_model,v1
CUST_004849,25,11998.58,661,22,14,9.5,3,0.0,self_employed,call_center,1,0.7273,1,high,customer_risk_model,v1
CUST_004850,64,19892.06,496,44,4,4.5,3,18640.48,informal,call_center,1,0.8392,1,high,customer_risk_model,v1
CUST_004851,66,16425.56,586,42,6,4.0,2,26308.68,formal,app,1,0.7559,1,high,customer_risk_model,v1
CUST_004852,55,16284.53,732,61,10,4.5,1,5067.16,unemployed,online,0,0.4574,0,medium,customer_risk_model,v1
CUST_004853,23,18342.57,655,57,4,2.5,2,22105.27,formal,store,1,0.5211,1,medium,customer_risk_model,v1
CUST_004854,21,18498.85,683,24,2,10.2,4,20586.26,self_employed,online,1,0.6657,1,medium,customer_risk_model,v1
CUST_004855,20,19147.17,662,28,10,0.5,1,14193.91,formal,store,1,0.5147,1,medium,customer_risk_model,v1
CUST_004856,53,13808.22,847,24,4,2.7,1,18645.08,formal,store,1,0.5301,1,medium,customer_risk_model,v1
CUST_004857,61,14113.8,611,7,4,7.3,3,5883.97,formal,store,1,0.748,1,high,customer_risk_model,v1
CUST_004858,50,17169.89,794,78,3,1.6,0,21207.0,formal,store,1,0.3544,0,low,customer_risk_model,v1
CUST_004859,31,17686.7,662,57,4,0.1,0,22128.23,formal,store,0,0.4653,0,medium,customer_risk_model,v1
CUST_004860,57,14928.05,802,13,5,3.3,0,15816.73,formal,store,1,0.4917,0,medium,customer_risk_model,v1
CUST_004861,21,20267.58,540,40,3,9.8,0,14443.79,informal,store,0,0.609,1,medium,customer_risk_model,v1
CUST_004862,61,5296.67,667,80,5,7.9,4,5653.34,unemployed,store,1,0.5899,1,medium,customer_risk_model,v1
CUST_004863,64,12886.74,615,34,4,1.7,1,19570.79,formal,store,1,0.6884,1,medium,customer_risk_model,v1
CUST_004864,55,16040.51,663,48,4,0.6,0,12114.4,formal,online,0,0.4337,0,medium,customer_risk_model,v1
CUST_004865,63,12007.19,760,89,4,16.8,0,10908.31,formal,store,1,0.5215,1,medium,customer_risk_model,v1
CUST_004866,48,29404.39,684,80,5,2.1,2,19553.32,formal,store,1,0.5058,1,medium,customer_risk_model,v1
CUST_004867,42,18132.03,760,84,7,1.3,0,9690.39,formal,app,0,0.2793,0,low,customer_risk_model,v1
CUST_004868,34,19237.39,590,46,5,7.4,2,6356.17,formal,online,1,0.6937,1,medium,customer_risk_model,v1
CUST_004869,65,14617.39,576,58,4,4.6,1,20702.06,informal,app,1,0.6472,1,medium,customer_risk_model,v1
CUST_004870,54,17889.55,651,101,7,8.1,1,0.0,formal,online,0,0.3939,0,low,customer_risk_model,v1
CUST_004871,27,9493.23,647,104,8,0.9,1,17823.13,informal,app,0,0.4147,0,medium,customer_risk_model,v1
CUST_004872,67,16811.28,633,7,7,9.0,2,2151.16,formal,online,0,0.6127,1,medium,customer_risk_model,v1
CUST_004873,21,11440.94,564,100,6,2.6,1,0.0,informal,store,1,0.4926,0,medium,customer_risk_model,v1
CUST_004874,48,16058.17,758,107,5,0.3,0,17256.68,formal,store,0,0.3081,0,low,customer_risk_model,v1
CUST_004875,27,4000.0,617,113,9,4.0,2,14595.44,informal,online,1,0.5233,1,medium,customer_risk_model,v1
CUST_004876,52,10103.98,778,32,5,1.0,0,6943.3,formal,app,0,0.3898,0,low,customer_risk_model,v1
CUST_004877,39,28247.48,651,60,3,5.0,2,2754.27,informal,store,0,0.459,0,medium,customer_risk_model,v1
CUST_004878,40,23812.78,708,6,7,4.6,0,14707.24,formal,store,1,0.4063,0,medium,customer_risk_model,v1
CUST_004879,52,27233.28,700,14,6,11.0,3,8255.19,formal,store,1,0.5944,1,medium,customer_risk_model,v1
CUST_004880,57,27714.05,576,67,10,22.5,2,18328.0,informal,store,1,0.7494,1,high,customer_risk_model,v1
CUST_004881,37,22710.91,683,25,9,4.2,0,7392.41,informal,online,1,0.4439,0,medium,customer_risk_model,v1
CUST_004882,69,14829.92,824,27,14,0.6,0,8598.43,formal,store,1,0.4577,0,medium,customer_risk_model,v1
CUST_004883,43,10739.24,673,36,7,3.3,0,20871.16,formal,store,1,0.6134,1,medium,customer_risk_model,v1
CUST_004884,26,26027.21,731,55,4,2.4,5,3778.56,formal,call_center,1,0.4759,0,medium,customer_risk_model,v1
CUST_004885,18,18451.98,712,19,5,3.3,1,355.15,formal,store,1,0.4262,0,medium,customer_risk_model,v1
CUST_004886,28,35458.16,678,96,3,1.6,1,4521.48,informal,app,1,0.3694,0,low,customer_risk_model,v1
CUST_004887,53,15444.31,667,80,6,6.2,1,13934.93,unemployed,call_center,0,0.4444,0,medium,customer_risk_model,v1
CUST_004888,46,31810.27,699,95,7,8.7,2,27290.46,formal,app,1,0.4661,0,medium,customer_risk_model,v1
CUST_004889,35,16902.46,719,111,9,4.0,1,13217.79,formal,store,0,0.2916,0,low,customer_risk_model,v1
CUST_004890,43,27352.34,528,72,8,0.4,0,5025.54,formal,store,1,0.5663,1,medium,customer_risk_model,v1
CUST_004891,61,29876.84,672,44,10,7.4,1,5368.42,informal,app,1,0.4737,0,medium,customer_risk_model,v1
CUST_004892,47,10839.35,633,117,5,6.9,2,15283.46,formal,online,1,0.524,1,medium,customer_risk_model,v1
CUST_004893,21,14605.01,615,68,5,2.0,2,0.0,formal,store,0,0.4717,0,medium,customer_risk_model,v1
CUST_004894,20,10769.15,767,56,4,8.0,0,0.0,formal,app,1,0.3965,0,low,customer_risk_model,v1
CUST_004895,43,9390.39,584,50,8,6.5,3,13570.26,informal,online,1,0.7663,1,high,customer_risk_model,v1
CUST_004896,39,22669.47,524,5,6,0.5,1,19077.7,unemployed,app,1,0.734,1,high,customer_risk_model,v1
CUST_004897,62,16623.6,722,114,3,4.0,1,19279.05,formal,store,1,0.3715,0,low,customer_risk_model,v1
CUST_004898,48,18366.56,522,98,8,1.9,2,14770.05,formal,online,1,0.6388,1,medium,customer_risk_model,v1
CUST_004899,57,21893.67,476,84,7,7.5,0,21575.72,formal,store,1,0.6684,1,medium,customer_risk_model,v1
CUST_004900,48,4998.29,732,27,6,23.7,2,10489.29,formal,store,0,0.5449,1,medium,customer_risk_model,v1
CUST_004901,35,27007.36,664,111,6,5.0,3,8970.74,formal,online,0,0.3541,0,low,customer_risk_model,v1
CUST_004902,52,15556.34,693,21,6,3.0,1,11588.05,informal,store,0,0.36,0,low,customer_risk_model,v1
CUST_004903,50,21726.81,610,29,6,1.7,0,14362.77,informal,store,0,0.4774,0,medium,customer_risk_model,v1
CUST_004904,55,22344.99,525,9,11,0.5,0,43126.74,formal,store,0,0.6433,1,medium,customer_risk_model,v1
CUST_004905,27,27595.58,543,35,7,10.9,1,10425.15,formal,app,0,0.6406,1,medium,customer_risk_model,v1
CUST_004906,51,17266.0,626,40,7,3.3,0,13433.26,formal,app,0,0.5066,1,medium,customer_risk_model,v1
CUST_004907,32,4000.0,535,95,10,2.9,2,25899.0,self_employed,store,1,0.6694,1,medium,customer_risk_model,v1
CUST_004908,59,18399.89,678,39,9,13.0,1,16434.89,self_employed,online,1,0.6695,1,medium,customer_risk_model,v1
CUST_004909,59,19404.95,608,114,6,6.5,2,0.0,formal,store,1,0.5211,1,medium,customer_risk_model,v1
CUST_004910,50,10760.17,667,37,4,1.0,2,25752.39,self_employed,store,1,0.6669,1,medium,customer_risk_model,v1
CUST_004911,67,19032.43,664,63,9,1.8,0,14593.0,unemployed,store,1,0.5243,1,medium,customer_risk_model,v1
CUST_004912,45,15472.87,685,71,9,14.3,1,0.0,informal,store,0,0.493,0,medium,customer_risk_model,v1
CUST_004913,19,8600.72,695,99,7,8.8,1,8744.33,formal,store,0,0.3336,0,low,customer_risk_model,v1
CUST_004914,49,22700.39,619,90,11,5.7,2,6236.85,formal,store,0,0.4445,0,medium,customer_risk_model,v1
CUST_004915,58,14053.92,667,104,7,1.8,2,8203.51,self_employed,store,0,0.3473,0,low,customer_risk_model,v1
CUST_004916,23,15155.35,671,112,6,1.1,1,11718.32,formal,online,0,0.3306,0,low,customer_risk_model,v1
CUST_004917,23,14761.95,431,14,7,0.2,0,17780.79,formal,app,1,0.7324,1,high,customer_risk_model,v1
CUST_004918,32,26648.35,708,12,7,4.4,0,22137.54,informal,store,0,0.4384,0,medium,customer_risk_model,v1
CUST_004919,61,17713.59,663,54,7,2.9,2,22429.17,self_employed,store,1,0.6032,1,medium,customer_risk_model,v1
CUST_004920,45,18553.7,701,18,8,1.4,1,24822.32,self_employed,online,0,0.4335,0,medium,customer_risk_model,v1
CUST_004921,68,14915.55,534,59,1,10.8,2,10399.24,self_employed,app,1,0.7544,1,high,customer_risk_model,v1
CUST_004922,63,21240.07,622,71,4,1.8,0,0.0,formal,online,0,0.3796,0,low,customer_risk_model,v1
CUST_004923,46,27445.23,552,33,14,6.7,1,0.0,informal,app,1,0.6775,1,medium,customer_risk_model,v1
CUST_004924,53,22535.03,717,12,10,2.3,4,18192.71,self_employed,store,1,0.5528,1,medium,customer_risk_model,v1
CUST_004925,35,22808.07,524,115,5,0.8,0,11519.74,self_employed,store,0,0.5329,1,medium,customer_risk_model,v1
CUST_004926,22,22243.61,566,45,9,0.5,0,23978.53,informal,online,1,0.5912,1,medium,customer_risk_model,v1
CUST_004927,38,8338.3,698,100,4,5.5,1,15709.25,informal,store,1,0.3551,0,low,customer_risk_model,v1
CUST_004928,48,11867.17,593,75,2,2.4,4,0.0,self_employed,store,0,0.5261,1,medium,customer_risk_model,v1
CUST_004929,27,16565.09,566,79,6,8.6,2,7164.84,formal,call_center,1,0.6652,1,medium,customer_risk_model,v1
CUST_004930,29,12918.95,732,93,6,6.3,0,15424.4,formal,store,0,0.3031,0,low,customer_risk_model,v1
CUST_004931,18,10548.24,735,32,5,1.7,2,3092.28,formal,app,1,0.4548,0,medium,customer_risk_model,v1
CUST_004932,56,4894.77,715,26,4,0.2,2,24041.17,self_employed,call_center,1,0.6423,1,medium,customer_risk_model,v1
CUST_004933,64,8574.3,726,119,7,0.0,3,8475.74,formal,store,0,0.3101,0,low,customer_risk_model,v1
CUST_004934,61,16204.32,629,80,4,2.3,3,9425.12,formal,call_center,1,0.5714,1,medium,customer_risk_model,v1
CUST_004935,37,17514.02,632,35,7,1.9,1,0.0,self_employed,online,0,0.4579,0,medium,customer_risk_model,v1
CUST_004936,48,12448.62,592,77,6,8.8,1,28302.42,formal,app,0,0.6252,1,medium,customer_risk_model,v1
CUST_004937,67,18552.48,665,47,4,0.3,0,10436.16,formal,store,0,0.4146,0,medium,customer_risk_model,v1
CUST_004938,48,14963.16,602,103,8,5.4,1,14324.59,informal,store,0,0.3849,0,low,customer_risk_model,v1
CUST_004939,33,25634.02,611,61,4,4.4,1,5817.43,informal,store,1,0.5058,1,medium,customer_risk_model,v1
CUST_004940,35,16868.62,704,38,5,16.2,1,8842.54,informal,store,1,0.5971,1,medium,customer_risk_model,v1
CUST_004941,55,22874.32,757,83,10,1.2,0,14460.39,formal,online,0,0.2127,0,low,customer_risk_model,v1
CUST_004942,41,19422.5,686,90,6,2.2,1,15469.48,self_employed,call_center,1,0.4273,0,medium,customer_risk_model,v1
CUST_004943,61,8185.5,811,45,2,3.8,1,16609.2,formal,call_center,1,0.5424,1,medium,customer_risk_model,v1
CUST_004944,62,17365.39,587,90,9,0.8,1,20088.73,informal,store,1,0.5587,1,medium,customer_risk_model,v1
CUST_004945,19,9350.63,485,28,4,3.1,2,17545.73,informal,store,1,0.7705,1,high,customer_risk_model,v1
CUST_004946,55,17243.15,714,29,3,13.5,0,16363.53,formal,store,0,0.5876,1,medium,customer_risk_model,v1
CUST_004947,37,12784.08,581,99,6,5.2,0,6736.95,formal,store,1,0.4521,0,medium,customer_risk_model,v1
CUST_004948,45,20673.74,625,74,6,4.5,0,10194.65,formal,store,1,0.4097,0,medium,customer_risk_model,v1
CUST_004949,31,8603.52,491,5,5,25.9,0,2179.76,formal,store,1,0.7937,1,high,customer_risk_model,v1
CUST_004950,37,18102.91,569,81,12,1.3,2,8001.53,unemployed,store,1,0.5943,1,medium,customer_risk_model,v1
CUST_004951,35,22006.91,515,37,5,0.0,0,15415.28,self_employed,store,1,0.6669,1,medium,customer_risk_model,v1
CUST_004952,20,24353.17,611,33,4,5.2,0,15208.83,self_employed,store,0,0.4896,0,medium,customer_risk_model,v1
CUST_004953,58,12650.83,614,51,5,4.9,1,17301.25,unemployed,store,1,0.6891,1,medium,customer_risk_model,v1
CUST_004954,25,18124.26,658,54,4,12.8,0,23769.96,formal,store,1,0.5953,1,medium,customer_risk_model,v1
CUST_004955,37,19289.03,762,107,7,1.4,1,1493.44,informal,store,0,0.235,0,low,customer_risk_model,v1
CUST_004956,28,28829.88,711,52,3,4.8,0,0.0,formal,online,0,0.3159,0,low,customer_risk_model,v1
CUST_004957,26,7630.69,504,36,4,6.6,3,9896.19,formal,call_center,1,0.8319,1,high,customer_risk_model,v1
CUST_004958,37,11622.28,705,93,6,0.3,2,23797.33,formal,store,0,0.3573,0,low,customer_risk_model,v1
CUST_004959,65,37631.24,660,65,3,6.5,0,23535.5,formal,store,1,0.5312,1,medium,customer_risk_model,v1
CUST_004960,67,16088.32,641,1,3,3.1,3,13588.68,unemployed,online,1,0.7267,1,high,customer_risk_model,v1
CUST_004961,37,4763.04,648,76,6,7.4,1,9718.46,self_employed,store,1,0.5092,1,medium,customer_risk_model,v1
CUST_004962,44,13922.15,668,60,3,2.6,1,14092.46,self_employed,call_center,1,0.5523,1,medium,customer_risk_model,v1
CUST_004963,69,4000.0,588,69,5,2.1,3,20962.85,formal,store,1,0.7112,1,high,customer_risk_model,v1
CUST_004964,30,19686.44,634,22,7,11.4,0,5765.92,formal,app,0,0.5509,1,medium,customer_risk_model,v1
CUST_004965,67,23668.49,757,57,9,1.7,0,7432.27,formal,store,1,0.3023,0,low,customer_risk_model,v1
CUST_004966,23,11618.36,587,77,5,0.8,1,12764.59,self_employed,call_center,1,0.5146,1,medium,customer_risk_model,v1
CUST_004967,29,14704.93,557,81,10,0.1,2,20955.12,informal,store,1,0.6022,1,medium,customer_risk_model,v1
CUST_004968,35,24465.58,644,81,1,0.8,1,18682.52,informal,app,1,0.4998,0,medium,customer_risk_model,v1
CUST_004969,19,5748.49,548,119,7,21.4,3,0.0,formal,store,1,0.7288,1,high,customer_risk_model,v1
CUST_004970,60,8749.0,495,60,5,2.8,1,18701.45,formal,store,1,0.7228,1,high,customer_risk_model,v1
CUST_004971,62,16403.19,619,52,6,3.5,0,11884.88,formal,online,0,0.4325,0,medium,customer_risk_model,v1
CUST_004972,37,12733.66,780,65,8,5.9,1,17092.36,unemployed,store,0,0.4022,0,medium,customer_risk_model,v1
CUST_004973,61,15942.93,647,40,5,2.5,2,10275.16,informal,online,0,0.5089,1,medium,customer_risk_model,v1
CUST_004974,58,9153.75,666,38,1,8.9,0,15994.7,formal,store,0,0.5733,1,medium,customer_risk_model,v1
CUST_004975,59,19500.19,458,83,5,8.6,1,12372.46,formal,store,1,0.7047,1,high,customer_risk_model,v1
CUST_004976,59,16955.37,689,38,4,1.1,1,7646.01,informal,online,0,0.4008,0,medium,customer_risk_model,v1
CUST_004977,47,21844.33,658,90,6,0.3,1,5931.31,informal,online,1,0.3084,0,low,customer_risk_model,v1
CUST_004978,23,19402.8,590,89,7,0.3,2,10468.26,formal,online,1,0.5212,1,medium,customer_risk_model,v1
CUST_004979,66,19446.83,666,114,6,7.4,1,1643.88,self_employed,store,0,0.3992,0,low,customer_risk_model,v1
CUST_004980,49,7875.85,665,16,7,4.7,0,8458.43,formal,online,0,0.4673,0,medium,customer_risk_model,v1
CUST_004981,64,21448.14,555,44,6,7.4,1,9427.21,formal,store,1,0.696,1,medium,customer_risk_model,v1
CUST_004982,67,15683.94,680,92,9,2.8,3,20291.89,self_employed,store,1,0.602,1,medium,customer_risk_model,v1
CUST_004983,27,16833.81,758,52,10,3.8,2,17306.8,unemployed,online,1,0.5723,1,medium,customer_risk_model,v1
CUST_004984,38,25337.85,629,78,9,8.0,1,28102.55,formal,store,1,0.5628,1,medium,customer_risk_model,v1
CUST_004985,28,12963.95,572,88,8,4.9,3,0.0,informal,store,1,0.6001,1,medium,customer_risk_model,v1
CUST_004986,20,27458.29,634,106,7,5.8,2,9946.9,formal,store,1,0.443,0,medium,customer_risk_model,v1
CUST_004987,68,28111.33,727,27,5,0.7,2,21862.79,formal,online,1,0.5829,1,medium,customer_risk_model,v1
CUST_004988,66,23269.49,540,31,1,1.6,2,14195.72,self_employed,store,1,0.7646,1,high,customer_risk_model,v1
CUST_004989,66,11135.65,702,57,6,0.3,1,10255.74,unemployed,store,1,0.5004,1,medium,customer_risk_model,v1
CUST_004990,63,4000.0,589,61,5,0.7,2,4540.33,formal,store,0,0.5035,1,medium,customer_risk_model,v1
CUST_004991,51,25551.84,672,108,2,2.0,0,17554.27,informal,app,1,0.4283,0,medium,customer_risk_model,v1
CUST_004992,45,18779.7,599,5,3,2.2,0,13491.8,formal,app,1,0.5499,1,medium,customer_risk_model,v1
CUST_004993,69,12783.62,599,30,7,0.5,0,9295.63,formal,call_center,0,0.5722,1,medium,customer_risk_model,v1
CUST_004994,46,26214.94,787,109,7,6.7,0,20067.93,self_employed,store,0,0.2253,0,low,customer_risk_model,v1
CUST_004995,51,11969.09,523,74,8,3.1,1,29907.23,formal,store,1,0.6834,1,medium,customer_risk_model,v1
CUST_004996,29,15030.91,694,81,10,9.5,3,4892.41,formal,call_center,0,0.4205,0,medium,customer_risk_model,v1
CUST_004997,56,21674.23,806,30,5,2.0,0,16665.74,self_employed,online,0,0.3268,0,low,customer_risk_model,v1
CUST_004998,60,10204.78,712,75,7,5.2,3,13108.37,formal,call_center,1,0.5576,1,medium,customer_risk_model,v1
CUST_004999,53,17233.63,530,45,8,0.5,2,17196.08,formal,store,1,0.7538,1,high,customer_risk_model,v1
CUST_005000,43,25623.96,535,88,9,0.5,1,22564.22,formal,app,1,0.5476,1,medium,customer_risk_model,v1
